WIN,REST_DIFF,CUM_WIN_PCT_DIFF,MIN_DIFF,FGM_DIFF,FGA_DIFF,FG_PCT_DIFF,FG3M_DIFF,FG3A_DIFF,FG3_PCT_DIFF,FTM_DIFF,FTA_DIFF,FT_PCT_DIFF,OREB_DIFF,DREB_DIFF,REB_DIFF,AST_DIFF,STL_DIFF,BLK_DIFF,TOV_DIFF,PF_DIFF,PTS_DIFF,PLUS_MINUS_DIFF,OFF_RATING_DIFF
0,0.0,0.0,0.0,-15.0,-15.0,-0.09599999999999997,-8.0,-21.0,0.023999999999999966,10.0,7.0,0.2290000000000001,-4.0,-15.0,-19.0,-3.0,0.0,-1.0,3.0,5.0,-28.0,-20.0,-22.130363754785563
1,1.0,-1.0,0.0,0.0,-9.0,0.05700000000000005,-7.0,2.0,-0.25,-2.0,4.0,-0.18500000000000005,-3.0,-3.0,-6.0,2.0,-3.0,-8.0,1.0,-8.0,-9.0,-14.0,-5.256229036930549
0,0.0,1.0,0.0,-3.0,-11.0,0.029000000000000026,-1.0,2.0,-0.04600000000000004,14.0,16.0,0.03599999999999992,-4.0,-4.0,-8.0,-6.0,-4.0,8.0,-2.0,1.0,7.0,10.0,8.296735064966128
0,0.0,0.0,0.0,-1.0,2.0,-0.02200000000000002,-5.0,-6.0,-0.063,13.0,16.0,0.06799999999999995,8.0,-2.0,6.0,4.0,0.0,-1.0,2.0,3.0,6.0,-11.0,2.578580310381696
1,0.0,1.0,0.0,-4.0,-5.0,-0.02100000000000002,3.0,-3.0,0.09399999999999997,8.0,10.0,-0.02400000000000002,-1.0,7.0,6.0,6.0,1.0,0.0,3.0,-5.0,3.0,9.0,-0.7607996634239669
1,1.0,-1.0,-12.5,-8.0,1.5,-0.09599999999999997,-4.5,-1.5,-0.09400000000000003,6.5,8.0,0.0004999999999999449,-2.5,0.0,-2.5,-6.0,-0.5,-0.5,2.0,-4.5,-14.0,-12.0,-22.244897844833744
0,0.0,1.0,0.0,4.0,0.0,0.04500000000000004,2.0,-5.0,0.11400000000000005,-3.0,-2.0,-0.03600000000000003,1.0,11.0,12.0,-2.0,1.0,1.0,-1.0,-4.0,7.0,24.0,8.953095769689739
0,1.0,0.0,50.0,0.0,0.0,0.0,4.0,15.0,-0.010000000000000009,9.0,5.0,0.17900000000000005,3.0,3.0,6.0,-6.0,-2.0,-5.0,15.0,-3.0,13.0,3.0,-1.628874991184972
1,0.0,-1.0,0.0,-6.0,-7.0,-0.030999999999999972,4.0,11.0,0.017000000000000015,-4.0,-7.0,0.04800000000000004,-3.0,-10.0,-13.0,5.0,1.0,-1.0,-1.0,-4.0,-12.0,-25.0,-2.8730680414065404
0,0.0,0.0,0.0,4.0,-3.0,0.05799999999999994,-12.0,-19.0,-0.16899999999999998,9.0,10.0,0.038999999999999924,6.0,2.0,8.0,5.0,2.0,-2.0,11.0,9.0,5.0,7.0,-2.4880595657221534
1,0.0,-1.0,0.0,-1.0,7.0,-0.052000000000000046,-8.0,-20.0,-0.01100000000000001,-3.0,3.0,-0.2350000000000001,-4.0,-5.0,-9.0,-14.0,-1.0,4.0,0.0,1.0,-13.0,-25.0,-27.36733406089425
0,0.0,-1.0,0.0,-5.0,11.0,-0.11599999999999994,2.0,7.0,-0.030000000000000027,5.0,3.0,0.10299999999999998,6.0,-9.0,-3.0,-4.0,0.0,-1.0,0.0,6.0,-3.0,-39.0,-9.710094755609575
1,0.0,0.0,0.0,-9.0,-5.0,-0.07400000000000001,-1.0,5.0,-0.08199999999999996,0.0,-3.0,0.07000000000000006,-4.0,-6.0,-10.0,-10.0,-2.0,-1.0,-3.0,-2.0,-19.0,-18.0,-12.006686236138293
1,1.0,-0.5,25.0,10.0,2.5,0.09450000000000003,3.0,-0.5,0.08300000000000002,-3.0,-7.5,0.17200000000000004,-9.5,8.5,-1.0,9.0,-1.5,-1.5,-4.0,-3.0,20.0,5.5,14.073051240188121
0,-2.0,-0.5,0.0,0.5,-3.0,0.02250000000000002,-0.5,0.5,-0.02200000000000002,0.5,4.0,-0.07399999999999995,-1.5,-3.0,-4.5,-7.0,1.5,-3.0,0.5,0.0,1.0,-4.0,0.011971129274726877
0,-1.0,-0.5,-50.0,-5.0,-12.0,0.0044999999999999485,-2.5,-11.5,0.013000000000000012,-6.0,-5.5,-0.033499999999999974,-1.5,-10.5,-12.0,2.5,-1.0,2.5,3.0,-7.5,-18.5,-11.5,-6.629264325509126
1,-1.0,0.5,-50.0,-6.5,-17.5,0.018500000000000016,-1.0,-2.0,-0.009000000000000008,0.0,-4.5,0.10349999999999993,-2.0,-13.0,-15.0,3.5,0.5,4.0,4.5,-13.0,-14.0,-7.0,0.16776609505572537
1,0.0,-0.5,0.0,14.5,10.5,0.10450000000000004,0.0,-5.0,0.04500000000000004,-7.5,-6.0,-0.09499999999999997,-1.5,3.0,1.5,7.5,4.5,0.0,2.5,6.5,21.5,5.0,7.352931876296495
0,1.0,0.0,0.0,-2.0,4.5,-0.045499999999999985,-0.5,0.0,-0.015499999999999958,-5.5,-6.5,-0.05349999999999999,-2.0,6.5,4.5,-6.5,2.5,2.0,-2.0,-4.0,-10.0,-9.0,-10.97773788147714
0,0.0,0.0,0.0,0.0,12.0,-0.07750000000000001,1.5,-2.5,0.07450000000000001,-9.5,-11.0,-0.06099999999999994,0.0,-3.5,-3.5,-1.0,3.5,4.5,-3.0,-0.5,-8.0,-5.5,-13.140923688697953
1,0.0,1.0,12.5,3.5,0.5,0.04049999999999998,-6.0,-11.0,-0.03500000000000003,1.0,6.5,-0.23699999999999988,4.5,12.0,16.5,-3.0,-0.5,7.5,-1.5,-2.5,2.0,31.5,4.796059763196894
1,0.0,0.0,0.0,-1.0,-9.5,0.04849999999999993,0.5,-1.0,0.041000000000000036,-6.5,-6.5,-0.051000000000000045,4.0,-1.0,3.0,2.5,-1.5,1.5,-0.5,-2.5,-8.0,-5.0,11.084065243915433
1,1.0,0.5,-25.0,0.5,-10.0,0.05599999999999994,0.5,-7.5,0.09500000000000008,-6.5,-9.0,0.008500000000000063,1.5,-8.5,-7.0,-0.5,3.0,2.0,2.0,-1.0,-5.0,8.5,9.582386535589421
1,0.0,-0.5,0.0,-6.5,-10.0,-0.015000000000000013,2.5,2.0,0.04150000000000004,4.0,4.5,0.015999999999999903,-3.5,-11.0,-14.5,-1.5,2.5,-1.0,2.5,-1.5,-6.5,-10.0,-3.87502065863562
1,0.0,-0.5,0.0,-13.5,-4.5,-0.12849999999999995,1.0,1.5,0.03799999999999998,-1.5,-4.0,0.051000000000000045,-2.0,-3.0,-5.0,-9.0,-2.0,0.0,1.0,-4.5,-27.5,-28.5,-22.155425333864912
1,0.0,0.5,0.0,4.5,7.0,0.016000000000000014,-1.5,-12.0,0.05249999999999999,0.0,4.0,-0.10400000000000009,5.0,2.5,7.5,10.0,-1.5,5.0,0.5,3.5,7.5,5.5,3.1538548387662786
0,0.0,0.3333333333333333,0.0,2.0,-14.0,0.10566666666666663,-4.0,-10.333333333333332,-0.021666666666666612,1.3333333333333321,4.0000000000000036,-0.08733333333333337,-3.666666666666666,5.333333333333336,1.6666666666666714,-1.3333333333333321,-4.333333333333333,-0.666666666666667,-0.6666666666666679,-2.666666666666668,1.3333333333333286,2.0,11.658392194121504
1,2.0,0.0,25.0,-3.1666666666666643,-0.3333333333333286,-0.03350000000000003,-5.833333333333332,-14.5,0.0044999999999999485,13.666666666666668,17.833333333333332,-0.07666666666666677,5.5,6.333333333333332,11.833333333333336,-6.666666666666668,1.333333333333334,2.5,3.166666666666668,-3.666666666666668,1.5,9.833333333333334,-3.4975213955405877
1,0.0,0.6666666666666667,0.0,2.3333333333333357,1.0,0.020999999999999963,9.0,11.666666666666668,0.15433333333333338,-2.666666666666668,-4.0,0.008666666666666711,-1.5,-6.5,-8.0,7.333333333333332,-1.166666666666667,-0.5,-4.5,0.33333333333333215,11.0,6.5,14.446489512995768
0,-1.0,-0.6666666666666667,-33.333333333333314,-4.333333333333336,-12.0,0.01200000000000001,-2.666666666666668,-14.333333333333336,0.0646666666666667,-3.6666666666666643,-1.0,-0.08233333333333326,-1.666666666666666,-3.0,-4.666666666666671,2.666666666666668,-1.0,2.0,6.0,-3.333333333333332,-15.0,-19.0,-9.386132360973875
1,1.0,0.0,8.333333333333343,0.0,-5.0,0.020999999999999963,4.0,1.3333333333333286,0.08600000000000002,-2.333333333333332,-3.3333333333333357,0.0050000000000000044,1.0,-2.6666666666666643,-1.6666666666666643,2.0,4.666666666666667,-3.3333333333333335,3.333333333333334,-1.6666666666666643,1.6666666666666714,-1.0,5.658235457450587
0,2.0,0.0,12.5,4.833333333333336,8.5,0.011333333333333306,-3.666666666666666,-14.5,0.03150000000000003,5.0,8.333333333333332,-0.03283333333333338,6.5,0.5,7.0,4.666666666666668,0.6666666666666661,-2.833333333333333,2.0,-0.8333333333333321,11.0,0.666666666666667,2.779088388431518
1,0.0,0.6666666666666667,8.333333333333343,-3.6666666666666714,-5.666666666666657,-0.006000000000000005,1.0,1.6666666666666679,0.034999999999999976,-0.33333333333333215,1.6666666666666679,-0.06499999999999995,2.0,3.3333333333333357,5.333333333333336,-8.333333333333332,-2.333333333333333,5.0,-0.6666666666666679,-2.0,-6.666666666666671,14.666666666666666,2.3333702328934436
0,-1.0,0.16666666666666663,-12.5,-6.333333333333336,-3.5,-0.05183333333333323,0.16666666666666607,-1.8333333333333357,0.03666666666666668,-5.5,-0.6666666666666679,-0.18066666666666664,3.666666666666666,-2.333333333333332,1.3333333333333357,-10.166666666666668,-3.333333333333333,3.166666666666667,0.5,4.166666666666668,-18.0,-11.333333333333334,-9.306440271161193
0,0.0,0.0,0.0,0.3333333333333357,8.333333333333329,-0.04033333333333339,-5.666666666666666,-10.333333333333329,-0.05833333333333335,0.0,-1.0,0.017333333333333423,7.999999999999999,4.333333333333332,12.333333333333329,0.3333333333333357,-3.666666666666666,5.0,-1.666666666666666,6.0,-5.0,0.6666666666666667,-2.905604864326804
1,0.0,0.6666666666666667,0.0,1.0,-1.6666666666666714,0.02033333333333337,-0.8333333333333339,-5.833333333333336,0.044499999999999984,1.6666666666666679,1.8333333333333321,0.02533333333333332,-0.16666666666666607,8.166666666666668,8.0,2.166666666666668,1.833333333333333,-0.33333333333333304,2.666666666666668,1.8333333333333321,2.8333333333333286,19.0,0.6937797118915086
1,1.0,0.16666666666666669,0.0,3.0,-4.5,0.057999999999999996,0.6666666666666661,-1.1666666666666643,0.026833333333333376,-1.1666666666666679,-3.166666666666668,0.06366666666666665,-3.0,9.0,6.0,8.166666666666668,-0.16666666666666607,-1.5,-1.5,-7.833333333333332,5.5,25.0,10.941982004574356
1,0.0,0.0,0.0,9.666666666666664,-1.0,0.11200000000000004,-0.3333333333333339,-7.333333333333336,0.049000000000000044,-6.666666666666668,-3.333333333333332,-0.1466666666666666,-5.666666666666668,-0.6666666666666643,-6.333333333333336,4.333333333333332,1.666666666666666,2.0000000000000004,-1.6666666666666679,2.666666666666668,12.333333333333343,1.3333333333333335,9.980067725291647
1,0.0,0.0,0.0,-0.3333333333333357,1.6666666666666714,-0.01533333333333331,-1.333333333333334,-1.3333333333333286,-0.02633333333333332,-2.666666666666668,-5.666666666666668,0.06033333333333335,-0.6666666666666661,3.0,2.3333333333333357,-2.666666666666668,2.666666666666667,-1.0,2.9999999999999982,0.6666666666666679,-4.666666666666671,-1.666666666666666,-7.554356202982248
1,-1.0,0.6666666666666667,25.0,-0.5,2.8333333333333286,-0.019999999999999962,-2.916666666666666,5.5,-0.1321666666666667,11.25,8.333333333333332,0.2007500000000001,2.0,12.083333333333332,14.083333333333336,-2.666666666666668,-2.0,-2.5,-1.0,3.5,7.333333333333329,11.083333333333334,3.125368066783352
1,-1.0,0.08333333333333337,6.25,-0.9166666666666643,3.6666666666666714,-0.03833333333333333,3.5,7.0,0.001083333333333325,7.833333333333332,10.083333333333332,-0.03425,-1.166666666666666,-1.0833333333333357,-2.25,1.8333333333333321,-0.3333333333333339,-2.583333333333333,-2.083333333333332,-0.08333333333333215,9.5,-2.083333333333333,0.7963287162179995
0,1.0,-0.6666666666666667,0.0,0.0,3.3333333333333286,-0.016333333333333422,-2.0,-0.3333333333333286,-0.05333333333333329,-7.333333333333336,-7.0,-0.08399999999999996,-1.666666666666666,10.0,8.333333333333336,-0.6666666666666679,1.0,-0.666666666666667,3.0,-1.6666666666666679,-9.333333333333329,-15.333333333333332,-13.986419274801236
1,-1.0,0.25,-16.666666666666686,-2.3333333333333357,-9.25,0.01933333333333337,-3.416666666666666,-11.0,0.019999999999999962,0.08333333333333215,-1.5,0.04558333333333331,-3.666666666666666,-3.1666666666666643,-6.833333333333336,0.41666666666666785,3.5,0.08333333333333304,1.833333333333334,-7.333333333333332,-8.0,1.666666666666666,-3.3747079229883354
1,0.0,0.6666666666666666,0.0,8.333333333333329,-4.0,0.11566666666666664,3.0,0.6666666666666679,0.08566666666666667,1.3333333333333321,-2.333333333333332,0.11733333333333329,-5.333333333333332,6.9999999999999964,1.6666666666666643,8.666666666666668,0.0,0.6666666666666665,-0.33333333333333215,-0.33333333333333215,21.000000000000014,23.666666666666664,20.248574399821038
0,0.0,-0.25,0.0,0.0,-0.25,0.0012500000000000844,4.75,10.0,0.03775000000000006,-3.5,-5.75,0.09449999999999992,2.0,-4.25,-2.25,-2.25,-0.5,-3.5,2.0,6.25,1.25,-6.75,4.247044493303363
1,1.0,0.75,0.0,0.0,-3.4166666666666714,0.017000000000000015,-0.4166666666666661,1.3333333333333357,-0.024583333333333346,7.583333333333332,8.083333333333332,0.0605,2.0,8.0,10.0,5.583333333333332,-3.0,-0.583333333333333,3.916666666666668,2.5,7.166666666666671,11.0,4.710683490791553
0,0.0,0.16666666666666663,8.333333333333343,1.5833333333333357,-0.8333333333333286,0.026000000000000023,1.833333333333334,4.666666666666664,-0.0004166666666666763,-1.8333333333333321,-2.916666666666668,-0.0011666666666667602,3.833333333333332,7.5,11.333333333333336,4.25,-3.416666666666666,-1.0833333333333335,-0.16666666666666785,0.5833333333333321,3.1666666666666714,2.25,9.7894795642043
1,0.0,-0.5,0.0,0.0,5.5,-0.030250000000000055,-0.25,5.5,-0.046499999999999986,-7.25,-10.75,0.03750000000000009,2.75,0.0,2.75,-6.0,-2.5,2.75,-4.5,3.0,-7.5,-2.5,-0.34938409665359416
0,0.0,0.0,0.0,-1.0,6.0,-0.05024999999999996,3.25,5.0,0.05375000000000002,-5.25,-5.25,-0.020499999999999963,2.25,-2.25,0.0,-3.75,-0.5,3.25,-3.5,6.25,-4.0,-6.0,-2.1275337672761196
0,0.0,-0.08333333333333331,-16.666666666666686,4.166666666666664,1.4166666666666714,0.03666666666666668,-1.833333333333334,-1.75,-0.058333333333333404,-9.0,-8.0,-0.09908333333333341,-4.75,-1.0833333333333321,-5.833333333333336,7.083333333333332,-0.25,-0.4166666666666665,0.16666666666666785,1.75,-2.5,-11.166666666666668,-6.721672518332554
0,0.0,-0.25,6.25,0.5,4.75,-0.020000000000000018,3.0,6.5,0.01475000000000004,-9.25,-8.75,-0.07774999999999999,7.0,-5.5,1.5,-1.25,3.0,0.0,3.0,4.5,-5.25,-8.75,-2.1417868533497
1,0.0,0.25,0.0,-0.25,7.5,-0.04325000000000001,2.75,5.25,0.03899999999999998,-5.75,-7.75,-0.020000000000000018,3.5,-1.0,2.5,3.5,1.5,2.0,0.0,5.0,-3.5,2.25,-3.986579892846464
1,0.0,-0.050000000000000044,-5.0,3.799999999999997,1.2999999999999972,0.03789999999999999,-2.6499999999999986,-4.850000000000001,-0.01855000000000001,-3.5,-1.3999999999999986,-0.07609999999999995,-1.3499999999999996,3.3500000000000014,2.0,-2.1999999999999993,-1.1999999999999993,2.65,-1.8999999999999986,2.4499999999999993,1.4500000000000028,0.40000000000000036,1.446795352105326
0,1.0,0.3,0.0,5.299999999999997,6.25,0.024950000000000028,7.699999999999999,12.05,0.10760000000000003,-4.050000000000001,-6.600000000000001,0.022750000000000048,-1.0500000000000007,2.049999999999997,1.0,8.75,1.5999999999999996,-1.6500000000000004,-1.3999999999999986,-2.75,14.25,12.1,9.979699763277424
1,1.0,0.25,6.25,-4.0,-10.5,0.023249999999999882,-4.5,-10.0,0.003500000000000003,2.0,6.0,-0.10675000000000001,1.25,0.5,1.75,-5.25,-1.25,4.0,1.0,1.5,-10.5,0.75,-0.43135099732566573
1,0.0,0.75,13.75,-1.5499999999999972,-1.7000000000000028,-0.007049999999999945,-3.3499999999999996,0.8500000000000014,-0.09135000000000004,3.6499999999999986,0.10000000000000142,0.15885000000000005,0.05000000000000071,0.8500000000000014,0.8999999999999986,-4.199999999999999,1.6500000000000004,-0.4500000000000002,-1.8499999999999996,-0.8000000000000007,-2.799999999999997,15.9,0.8638307642203102
0,1.0,0.6,6.25,2.450000000000003,0.8499999999999943,0.022749999999999992,0.25,-9.649999999999999,0.09265000000000001,9.899999999999999,11.95,0.019499999999999962,0.4499999999999993,-1.75,-1.2999999999999972,4.550000000000001,-2.5500000000000007,1.4500000000000002,0.3000000000000007,-0.3999999999999986,15.049999999999997,-1.5,7.639351474024323
1,0.0,-0.15000000000000002,-6.25,-4.399999999999999,5.549999999999997,-0.07765,2.0,8.25,-0.02934999999999993,2.1499999999999986,3.4499999999999993,-0.021150000000000113,3.3499999999999996,-8.95,-5.600000000000001,-4.350000000000001,3.9499999999999993,1.5499999999999998,3.3500000000000014,0.1999999999999993,-4.650000000000006,-10.75,-12.219431056130318
1,0.0,-0.3,-1.25,-1.5499999999999972,1.75,-0.02845000000000003,1.5500000000000007,2.950000000000003,0.0116,-8.7,-7.899999999999999,-0.06815000000000004,-2.8000000000000007,-5.899999999999999,-8.700000000000003,-3.6000000000000014,1.25,0.9000000000000004,-0.6999999999999993,3.6000000000000014,-10.25,-15.5,-10.428718203149785
0,0.0,-0.4,12.5,-1.8999999999999986,7.549999999999997,-0.0527999999999999,1.9000000000000004,8.399999999999999,-0.01924999999999999,1.3500000000000014,3.8999999999999986,-0.04205000000000003,3.6500000000000004,6.350000000000001,10.0,-5.699999999999999,-2.6500000000000004,0.25,1.9000000000000004,6.300000000000001,-0.5499999999999972,-2.6500000000000004,-8.168987036068714
1,-1.0,0.5,0.0,7.0,-2.25,0.08800000000000002,-2.0,-11.75,0.05399999999999999,-2.75,-1.25,-0.06525000000000003,-4.5,3.25,-1.25,7.5,-0.75,0.75,2.25,1.0,9.25,8.5,4.638831288066356
1,1.0,0.5,-6.25,2.75,-9.5,0.08750000000000002,3.0,2.25,0.07324999999999998,-5.0,-9.75,0.11124999999999996,-3.0,6.25,3.25,4.5,0.5,2.75,4.0,-3.25,3.5,17.5,10.761744661721707
0,0.0,0.39999999999999997,0.0,-5.600000000000001,-3.3999999999999915,-0.04299999999999998,2.8000000000000007,11.600000000000001,-0.03160000000000002,3.1999999999999993,4.0,-0.0016000000000000458,1.0,3.3999999999999986,4.399999999999999,-5.199999999999999,0.8000000000000007,0.7999999999999998,1.4000000000000021,-3.1999999999999993,-5.200000000000003,7.4,-3.5081763928893253
0,0.0,0.0,0.0,-0.8000000000000043,10.199999999999989,-0.06740000000000002,4.0,10.8,0.015199999999999991,0.3999999999999986,-2.0,0.09240000000000004,-0.5999999999999996,1.1999999999999993,0.5999999999999943,2.200000000000003,0.0,1.6,-4.000000000000002,1.5999999999999979,2.8000000000000114,-3.0,-3.987476761019579
0,-1.0,0.6000000000000001,0.0,3.0,-0.5999999999999943,0.03700000000000003,4.0,8.2,0.030200000000000005,0.8000000000000007,1.1999999999999993,-0.0018000000000000238,-0.1999999999999993,4.0000000000000036,3.8000000000000043,2.0,-2.200000000000001,0.8000000000000007,1.0,3.1999999999999993,10.799999999999997,12.6,9.190952055965866
0,-2.0,0.0,-12.5,-2.1000000000000014,5.400000000000006,-0.052000000000000046,4.100000000000001,18.049999999999997,-0.07889999999999997,-14.85,-16.75,-0.09639999999999993,-0.75,-1.1000000000000014,-1.8500000000000014,-2.3000000000000007,-0.75,1.6500000000000004,-4.5,1.6000000000000014,-14.950000000000003,-2.8499999999999996,-8.93802983971122
1,-1.0,-0.6666666666666666,5.0,-2.1999999999999957,11.400000000000006,-0.07519999999999993,-3.200000000000001,0.7999999999999972,-0.0796,0.8000000000000007,5.399999999999999,-0.11219999999999986,5.4,2.5999999999999943,8.0,-5.399999999999999,-4.000000000000001,0.7999999999999998,-3.0,7.199999999999999,-6.799999999999997,-13.0,-11.677440550851728
0,0.0,-0.1333333333333333,5.0,3.6000000000000014,10.599999999999994,-0.016800000000000037,5.6,9.2,0.0786,-8.0,-12.000000000000004,0.02299999999999991,-2.8000000000000007,7.0,4.200000000000003,4.400000000000002,0.0,0.0,-0.1999999999999993,1.3999999999999986,4.800000000000011,-4.3999999999999995,-4.266090042890966
0,-1.0,0.0,0.0,3.3999999999999986,3.799999999999997,0.017600000000000005,2.8000000000000007,5.600000000000001,0.011400000000000021,0.20000000000000284,0.3999999999999986,-0.0040000000000000036,1.0,4.800000000000001,5.799999999999997,6.0,-0.39999999999999947,-2.0,1.4000000000000004,-3.6000000000000014,9.799999999999997,4.3999999999999995,4.34907164054421
1,-1.0,-0.6666666666666667,0.0,-1.4000000000000057,9.0,-0.06799999999999995,5.199999999999999,16.4,-0.033999999999999975,-5.0,-9.2,0.09920000000000007,0.5999999999999996,-8.400000000000002,-7.800000000000004,3.0,1.799999999999999,-1.7999999999999998,0.8000000000000007,4.0,-2.6000000000000085,-20.8,-8.430254152388756
1,1.0,1.0,5.0,5.399999999999999,4.199999999999989,0.041000000000000036,1.1999999999999993,5.799999999999997,-0.023200000000000054,-1.3999999999999986,-5.0,0.09980000000000011,-2.4000000000000004,12.399999999999999,10.0,1.6000000000000014,1.3999999999999986,2.8,-2.4000000000000004,1.1999999999999993,10.599999999999994,26.6,8.126127530274388
1,0.0,0.0,0.0,-5.399999999999999,-4.799999999999997,-0.03280000000000005,2.8000000000000007,10.399999999999999,-0.016600000000000004,6.400000000000002,8.2,0.008600000000000052,0.0,-1.7999999999999972,-1.8000000000000043,-3.3999999999999986,1.1999999999999993,0.20000000000000018,4.999999999999998,-1.3999999999999986,-1.5999999999999943,-0.9999999999999999,-5.7934323596062995
0,2.0,-0.8,-5.0,-1.3999999999999986,-0.4000000000000057,-0.014600000000000002,-0.5999999999999996,4.600000000000001,-0.05980000000000002,-7.799999999999997,-10.0,0.03759999999999997,0.1999999999999993,-4.199999999999999,-4.0,-1.6000000000000014,0.39999999999999947,-5.800000000000001,2.200000000000001,3.599999999999998,-11.200000000000003,-18.2,-7.444311724551483
1,0.0,-0.6,0.0,-5.600000000000001,3.1999999999999886,-0.0786,1.8000000000000007,11.0,-0.05500000000000005,0.0,-1.3999999999999986,0.040000000000000036,4.800000000000001,-4.200000000000003,0.6000000000000014,-6.800000000000001,-0.39999999999999947,-0.8000000000000003,-1.1999999999999993,-0.1999999999999993,-9.399999999999991,-10.8,-5.355151264630308
1,-1.0,-0.06666666666666671,-5.0,1.0,-1.0,0.015000000000000069,0.7999999999999989,-1.2000000000000028,0.032799999999999996,-5.199999999999999,-5.0,-0.03720000000000001,-5.0,-1.0,-6.0,-2.0,-0.5999999999999996,-0.20000000000000018,-2.6000000000000014,-2.3999999999999986,-2.4000000000000057,-7.6,-1.6301515261872908
1,-1.0,0.06666666666666665,0.0,-4.0,-12.200000000000003,0.028800000000000048,-5.600000000000001,-9.0,-0.06360000000000005,7.400000000000002,9.2,-0.008799999999999919,-0.8000000000000007,-4.200000000000003,-5.0,-3.0,-1.0,1.1999999999999997,1.6000000000000014,-2.1999999999999993,-6.200000000000003,-8.0,1.252775043653429
1,0.0,-0.16666666666666669,0.0,0.8000000000000043,-7.0,0.04459999999999992,0.1999999999999993,-8.800000000000004,0.08919999999999995,-2.8000000000000007,0.3999999999999986,-0.12339999999999995,-2.3999999999999995,-5.200000000000003,-7.600000000000001,-1.5999999999999979,0.20000000000000107,0.20000000000000018,1.5999999999999996,2.599999999999998,-1.0,-3.3999999999999995,1.8232147533990002
1,1.0,0.26666666666666666,5.0,3.4000000000000057,-0.3999999999999915,0.038600000000000134,-0.20000000000000107,0.7999999999999972,-0.009200000000000041,2.6000000000000014,1.1999999999999993,0.08560000000000001,1.5999999999999996,7.600000000000001,9.199999999999996,3.3999999999999986,-2.6000000000000005,1.2000000000000002,2.0,3.0,9.200000000000003,16.799999999999997,8.288685680453966
0,1.0,0.09523809523809523,-5.0,4.600000000000001,8.399999999999991,0.010999999999999899,4.599999999999998,10.0,0.03380000000000005,-14.8,-16.200000000000003,-0.05499999999999994,-0.20000000000000107,-3.799999999999997,-4.0,-2.1999999999999993,1.8000000000000007,1.8000000000000003,-7.800000000000001,1.0,-1.0,12.8,6.544123305793278
0,2.0,-0.04761904761904767,0.0,0.7999999999999972,11.0,-0.05039999999999989,3.799999999999999,9.0,0.025399999999999978,-2.3999999999999986,-3.6000000000000014,0.048799999999999955,6.200000000000001,-5.9999999999999964,0.20000000000000284,-0.3999999999999986,2.8000000000000007,1.6,-0.6000000000000014,4.600000000000001,3.0,4.4,-0.37928319170836744
0,-1.0,-0.23809523809523808,0.0,0.3999999999999986,0.7999999999999972,0.0010000000000000009,1.8000000000000007,6.600000000000001,-0.013400000000000023,-4.600000000000001,-8.400000000000002,0.09640000000000004,-5.6,-0.8000000000000043,-6.399999999999999,4.0,-1.0,-4.4,-4.399999999999999,-6.400000000000002,-2.0,-5.0,-0.37932030465306354
1,0.0,0.26666666666666666,10.0,5.0,2.0,0.04899999999999993,3.200000000000001,-3.200000000000003,0.15480000000000005,3.200000000000003,3.599999999999998,0.021399999999999975,6.0,-2.1999999999999957,3.799999999999997,2.599999999999998,1.7999999999999998,0.7999999999999998,0.3999999999999986,-1.0,16.39999999999999,17.0,18.749606094455316
0,-1.0,-0.5,0.0,-1.0,4.3999999999999915,-0.03579999999999994,0.5999999999999996,8.400000000000006,-0.06740000000000002,-2.1999999999999993,-4.200000000000003,0.06460000000000021,3.200000000000001,-1.8000000000000007,1.3999999999999986,-1.0,-0.40000000000000036,-2.9999999999999996,2.3999999999999986,-0.8000000000000007,-3.5999999999999943,-12.8,-5.38663968172466
0,0.0,-0.5,0.0,-7.600000000000001,9.599999999999994,-0.13280000000000003,-2.1999999999999993,4.0,-0.0938,3.599999999999998,3.6000000000000014,0.035600000000000076,6.4,2.400000000000002,8.800000000000004,-3.1999999999999993,-2.0,0.0,-1.8000000000000007,-1.4000000000000021,-13.799999999999997,-13.0,-16.565554477886394
1,-1.0,0.33333333333333337,-5.0,-2.3999999999999986,-1.5999999999999943,-0.01799999999999996,3.0000000000000018,9.200000000000003,-0.0013999999999999013,3.799999999999999,1.4000000000000021,0.13160000000000005,5.4,-3.599999999999998,1.8000000000000043,-0.1999999999999993,-0.20000000000000018,-2.6000000000000005,-3.200000000000001,-6.199999999999999,2.0,13.0,11.939873633266714
0,2.0,0.09999999999999998,0.0,-4.600000000000001,-8.0,-0.003200000000000036,-2.5999999999999996,-3.200000000000003,-0.024200000000000055,-2.1999999999999993,-4.599999999999998,0.07120000000000004,1.4000000000000004,-4.199999999999996,-2.799999999999997,-5.399999999999999,1.4000000000000004,3.0000000000000004,2.0,-1.1999999999999993,-14.0,-11.0,-3.0036147819065917
1,1.0,0.14285714285714285,-5.0,-4.0,-5.200000000000003,-0.022199999999999942,-2.4000000000000004,-3.6000000000000014,-0.035599999999999965,2.6000000000000014,2.1999999999999993,0.010199999999999876,-0.5999999999999996,0.7999999999999972,0.20000000000000284,-3.6000000000000014,-1.200000000000001,-1.0,1.0,-4.800000000000001,-7.799999999999997,-2.0,-4.5784710997812255
1,0.0,-0.42857142857142855,5.0,-5.800000000000004,-2.0,-0.05660000000000004,-3.0,-4.400000000000006,-0.04300000000000004,0.6000000000000014,4.799999999999997,-0.11759999999999993,2.6000000000000014,-8.199999999999996,-5.600000000000001,-4.400000000000002,0.7999999999999998,-1.9999999999999996,-1.0,-0.3999999999999986,-14.0,-18.400000000000002,-9.824434274512143
0,-1.0,-0.5,0.0,-1.8000000000000043,-8.400000000000006,0.026000000000000023,-0.8000000000000007,-7.0,0.05620000000000003,0.0,0.1999999999999993,-0.014800000000000146,-1.0,-2.799999999999997,-3.8000000000000043,-1.8000000000000007,-0.40000000000000036,-1.2000000000000002,6.399999999999999,-0.8000000000000007,-4.3999999999999915,-12.8,-3.5729749126438293
1,1.0,-0.28571428571428575,0.0,-1.2000000000000028,2.200000000000003,-0.029200000000000004,-2.1999999999999993,-4.0,-0.01799999999999996,0.1999999999999993,-1.6000000000000014,0.06020000000000003,1.200000000000001,-2.599999999999998,-1.3999999999999986,3.8000000000000007,0.39999999999999947,-0.9999999999999996,-0.1999999999999993,-1.0,-4.3999999999999915,-7.4,-4.722292490257303
1,0.0,0.0,-5.0,1.0,-3.0,0.02779999999999999,-0.5999999999999996,-1.8000000000000043,0.0031999999999999806,-5.800000000000001,-6.599999999999998,-0.017999999999999794,-2.6000000000000014,4.9999999999999964,2.3999999999999986,2.1999999999999993,0.20000000000000018,-4.199999999999999,1.5999999999999996,-0.5999999999999979,-4.400000000000006,-3.200000000000001,-1.998474617386094
1,-1.0,0.0,0.0,1.8000000000000043,3.200000000000003,0.0015999999999999903,1.0,0.5999999999999979,0.03119999999999995,-6.399999999999999,-7.599999999999998,-0.03939999999999988,-1.8000000000000007,1.2000000000000028,-0.6000000000000014,5.200000000000003,1.0,-2.3999999999999995,-3.1999999999999993,0.1999999999999993,-1.7999999999999972,-1.8,-0.4093776193746379
0,1.0,0.14285714285714285,0.0,3.0,-0.4000000000000057,0.03799999999999998,-3.0,-3.0,-0.056400000000000006,2.6000000000000014,2.400000000000002,0.017199999999999993,-3.799999999999999,8.600000000000001,4.799999999999997,2.1999999999999993,-0.39999999999999947,2.8000000000000003,1.0,3.8000000000000007,5.6000000000000085,16.0,-0.5057210051335375
1,-1.0,-0.08333333333333337,-5.0,3.1999999999999957,-0.4000000000000057,0.0341999999999999,-1.4000000000000004,-2.799999999999997,-0.02779999999999999,-3.0,-4.800000000000001,0.0384000000000001,-3.799999999999999,-4.199999999999996,-8.0,4.400000000000002,1.0,-3.0,1.6000000000000014,0.0,2.0,-3.4000000000000004,-1.237586544795846
1,0.0,0.23214285714285715,-5.0,0.3999999999999986,4.3999999999999915,-0.016199999999999992,2.4000000000000004,14.200000000000003,-0.05299999999999999,-1.3999999999999986,-3.3999999999999986,0.08940000000000003,4.800000000000001,-4.600000000000001,0.19999999999999574,-1.3999999999999986,2.5999999999999996,-1.2000000000000002,-7.799999999999999,-2.599999999999998,1.7999999999999972,24.400000000000002,12.002076373127409
1,1.0,-0.4285714285714286,0.0,-2.6000000000000014,3.4000000000000057,-0.047800000000000176,-1.6000000000000014,1.8000000000000043,-0.05059999999999998,5.0,7.599999999999998,-0.04359999999999997,6.599999999999998,-9.999999999999996,-3.3999999999999986,-1.1999999999999993,1.200000000000001,-2.0,5.200000000000001,2.200000000000003,-1.7999999999999972,-15.799999999999999,-7.863617052165338
0,0.0,0.14285714285714285,0.0,0.0,6.799999999999997,-0.028400000000000092,-0.5999999999999996,-1.6000000000000014,-0.0019999999999999463,2.6000000000000014,4.199999999999999,-0.02839999999999998,1.1999999999999993,6.799999999999997,8.0,0.3999999999999986,0.20000000000000018,2.0000000000000004,-1.1999999999999993,1.0,2.0,12.200000000000001,-4.559538071483374
1,1.0,-0.3392857142857143,0.0,3.4000000000000057,3.5999999999999943,0.019799999999999984,-5.199999999999999,-11.399999999999999,-0.03660000000000008,3.799999999999997,5.600000000000001,-0.03399999999999992,0.3999999999999986,-1.5999999999999979,-1.2000000000000028,-1.5999999999999979,1.4000000000000004,-2.2,-3.0000000000000018,0.6000000000000014,5.3999999999999915,-11.6,2.305902996811497
1,0.0,0.0,0.0,-0.4000000000000057,10.799999999999997,-0.06220000000000009,3.0,11.199999999999996,-0.028600000000000014,-2.1999999999999993,-5.599999999999998,0.07580000000000009,4.799999999999999,0.40000000000000213,5.199999999999996,1.0,0.20000000000000018,-1.0,-2.0,-3.799999999999997,0.0,-4.3999999999999995,-1.8225804780019246
0,0.0,-0.29166666666666663,0.0,-3.1999999999999957,5.3999999999999915,-0.067,0.0,11.200000000000003,-0.13,-7.800000000000001,-13.600000000000001,0.10899999999999999,-2.4000000000000004,-3.9999999999999964,-6.399999999999999,1.6000000000000014,-1.0,-4.2,-0.7999999999999989,1.7999999999999972,-14.200000000000003,-23.0,-15.377193019251578
1,0.0,0.28571428571428575,-5.0,3.200000000000003,0.6000000000000085,0.03259999999999991,-0.5999999999999996,-5.799999999999997,0.043800000000000006,-4.0,-2.200000000000003,-0.07099999999999995,-1.5999999999999996,-0.7999999999999972,-2.4000000000000057,-1.3999999999999986,3.5999999999999996,2.2,-2.799999999999999,1.1999999999999993,1.7999999999999972,13.0,4.072528154965852
1,0.0,0.09523809523809523,0.0,1.6000000000000014,0.3999999999999915,0.015400000000000025,-3.0,-3.200000000000003,-0.052800000000000014,3.6000000000000014,2.3999999999999986,0.05579999999999996,3.0,1.7999999999999972,4.800000000000004,-0.6000000000000014,0.0,2.0,-0.20000000000000107,4.400000000000002,3.799999999999997,10.6,5.753725317280484
1,2.0,-0.1428571428571429,-5.0,-6.200000000000003,-3.799999999999997,-0.04899999999999999,0.8000000000000007,10.200000000000003,-0.07139999999999991,-1.6000000000000014,-0.8000000000000007,-0.028400000000000092,-0.8000000000000007,1.1999999999999993,0.3999999999999986,-1.4000000000000021,1.8000000000000007,-4.000000000000001,2.6000000000000014,1.2000000000000028,-13.199999999999989,-7.0,-11.699632304578202
1,0.0,-0.05357142857142855,5.0,3.6000000000000014,6.799999999999997,0.010199999999999931,3.200000000000001,4.399999999999999,0.05399999999999994,1.0,1.1999999999999993,0.010199999999999987,0.8000000000000007,-0.6000000000000014,0.19999999999999574,7.199999999999999,0.0,1.0,-1.5999999999999979,4.399999999999999,11.400000000000006,9.6,6.1110458690947524
1,0.0,-0.2321428571428571,0.0,-2.3999999999999986,-3.5999999999999943,-0.0048000000000000265,0.40000000000000036,2.1999999999999957,-0.013400000000000023,-1.0000000000000018,1.1999999999999993,-0.08820000000000006,-3.200000000000001,-4.600000000000001,-7.799999999999997,-4.0,-1.4000000000000004,-0.5999999999999996,-0.40000000000000036,4.400000000000002,-5.3999999999999915,-5.2,-4.571132348313171
0,0.0,-0.625,0.0,-3.8000000000000043,-1.0,-0.03720000000000001,1.0,9.000000000000004,-0.05880000000000002,0.0,-0.3999999999999986,0.021800000000000153,0.7999999999999989,-5.399999999999999,-4.600000000000001,-1.6000000000000014,-2.8000000000000007,-2.8000000000000003,0.0,-5.200000000000003,-6.599999999999994,-18.6,-4.225517148091399
1,-1.0,0.125,0.0,3.799999999999997,2.0,0.03220000000000006,-0.5999999999999996,-3.8000000000000043,0.0232,-1.0,0.6000000000000014,-0.06099999999999994,-4.4,-1.0,-5.399999999999999,5.399999999999999,2.799999999999999,-2.2,-3.400000000000002,-2.6000000000000014,6.0,8.6,2.1185688478334015
1,0.0,0.125,0.0,6.799999999999997,-1.4000000000000057,0.08979999999999994,4.800000000000001,-0.19999999999999574,0.14100000000000001,-8.600000000000001,-9.399999999999999,-0.021199999999999997,-4.200000000000001,-4.199999999999999,-8.400000000000006,3.200000000000003,0.7999999999999998,1.0000000000000004,-2.200000000000001,-0.20000000000000284,9.799999999999997,10.399999999999999,13.943317002483724
0,0.0,-0.5,5.0,1.2000000000000028,-0.20000000000000284,0.015599999999999892,-3.0,-12.399999999999999,0.030399999999999983,-4.600000000000001,-3.599999999999998,-0.11399999999999999,-1.3999999999999986,3.9999999999999964,2.6000000000000014,-1.0,-3.8,0.20000000000000018,2.8000000000000007,1.2000000000000028,-5.200000000000003,-22.0,-7.314285339283444
1,0.0,0.08333333333333331,0.0,2.3999999999999986,5.0,0.0019999999999999463,3.0,4.399999999999999,0.05180000000000007,-1.1999999999999993,-3.6000000000000014,0.08819999999999995,4.800000000000001,-2.8000000000000007,2.0,4.200000000000003,1.7999999999999998,-2.0000000000000004,0.5999999999999996,-0.1999999999999993,6.599999999999994,-2.5999999999999996,7.306983430032176
1,1.0,-0.06944444444444442,0.0,-0.7999999999999972,-11.199999999999989,0.04799999999999993,-3.3999999999999986,-14.800000000000004,0.03639999999999999,10.200000000000001,14.0,-0.026000000000000023,-1.1999999999999993,2.8000000000000007,1.6000000000000014,1.0,-2.200000000000001,2.2,6.4,0.0,5.200000000000003,-4.0,2.3270373061345566
1,0.0,0.15873015873015872,0.0,6.0,4.400000000000006,0.04500000000000004,-4.4,-8.199999999999996,-0.035199999999999954,3.799999999999997,5.399999999999999,-0.01319999999999999,3.0,4.199999999999996,7.199999999999996,3.1999999999999993,-1.3999999999999995,0.20000000000000018,-2.799999999999999,-0.20000000000000284,11.399999999999991,10.2,9.889460514584513
0,0.0,0.0,0.0,2.8000000000000043,1.5999999999999943,0.025200000000000056,-4.200000000000001,-5.799999999999997,-0.062399999999999956,3.1999999999999993,4.800000000000001,-0.02200000000000002,1.4000000000000004,3.8000000000000007,5.200000000000003,-0.8000000000000007,2.4000000000000004,0.0,-0.40000000000000036,-0.40000000000000213,4.599999999999994,2.2,2.470312692910369
1,0.0,0.0,0.0,-6.600000000000001,-7.200000000000003,-0.03260000000000002,-1.4000000000000004,3.799999999999997,-0.07859999999999989,3.0,3.0,0.00880000000000003,-3.4000000000000004,-4.200000000000003,-7.600000000000001,-5.599999999999998,0.5999999999999996,-2.0,0.5999999999999996,4.800000000000001,-11.599999999999994,-15.0,-9.419850160919168
0,0.0,-0.5138888888888888,0.0,-0.8000000000000043,-4.799999999999997,0.01479999999999998,-7.200000000000001,-16.4,-0.03360000000000002,4.400000000000002,5.600000000000001,-0.017999999999999905,-2.4000000000000004,-0.3999999999999986,-2.8000000000000043,-1.3999999999999986,-3.8000000000000007,-4.4,1.5999999999999996,-2.0,-4.400000000000006,-18.2,-6.389394495880083
0,0.0,-0.06944444444444442,0.0,-4.600000000000001,-4.200000000000003,-0.03579999999999994,-3.400000000000002,-3.200000000000003,-0.0716,2.5999999999999996,4.200000000000003,-0.04279999999999984,0.5999999999999996,-1.0000000000000036,-0.3999999999999986,-5.599999999999998,-0.5999999999999996,-0.6000000000000001,-0.5999999999999979,-4.800000000000001,-10.0,-17.0,-6.428971828132106
1,-2.0,0.625,0.0,6.600000000000001,-6.799999999999997,0.10339999999999994,0.40000000000000036,-3.1999999999999957,0.03539999999999999,-0.6000000000000014,-3.6000000000000014,0.10199999999999987,-3.799999999999999,2.799999999999997,-1.0,7.800000000000001,0.7999999999999998,0.39999999999999947,-0.1999999999999993,-3.599999999999998,13.0,20.2,17.648072225871445
1,-2.0,0.5,0.0,1.8000000000000043,-3.3999999999999915,0.04519999999999996,0.0,1.3999999999999986,-0.00040000000000001146,6.0,4.399999999999999,0.08899999999999997,-1.8000000000000007,1.3999999999999986,-0.3999999999999986,2.400000000000002,2.4000000000000004,1.0,2.1999999999999993,3.3999999999999986,9.599999999999994,16.4,6.812034057618078
1,-2.0,-0.06944444444444442,0.0,1.4000000000000057,-4.199999999999989,0.03760000000000008,-2.4000000000000004,-11.0,0.052200000000000024,-5.199999999999999,-5.0,-0.05160000000000009,-8.8,4.199999999999996,-4.600000000000001,3.400000000000002,-2.0,-1.7999999999999998,-3.5999999999999996,-4.0,-4.799999999999997,-3.8,-3.1810802056857455
1,2.0,0.06944444444444442,5.0,1.4000000000000057,4.0,-0.006200000000000039,-1.200000000000001,-1.2000000000000028,-0.020400000000000085,2.6000000000000014,4.0,-0.019199999999999995,2.799999999999999,-1.8000000000000007,1.0,-1.8000000000000007,1.0000000000000009,2.4000000000000004,2.9999999999999982,-1.5999999999999979,4.199999999999989,-6.199999999999999,-2.6946717956126918
0,0.0,-0.1111111111111111,0.0,1.2000000000000028,2.200000000000003,0.0048000000000000265,2.5999999999999996,-1.2000000000000028,0.08900000000000002,-4.200000000000001,-4.600000000000001,-0.023600000000000065,3.0,-3.200000000000003,-0.20000000000000284,2.8000000000000007,-2.6000000000000005,0.6000000000000005,3.400000000000002,1.0,0.7999999999999972,-19.0,0.4263868357196401
1,0.0,-0.08333333333333337,0.0,-2.6000000000000014,5.799999999999997,-0.059799999999999964,3.6000000000000014,13.599999999999994,-0.03440000000000004,2.1999999999999993,2.6000000000000014,0.02300000000000013,4.800000000000001,-6.200000000000003,-1.4000000000000057,-1.4000000000000021,2.200000000000001,1.6000000000000005,0.0,0.8000000000000007,0.5999999999999943,4.8,-2.148428801469322
1,-2.0,-0.33333333333333337,0.0,-2.3999999999999986,2.0,-0.034399999999999986,-1.4000000000000004,-2.9999999999999964,-0.015800000000000036,1.0,0.7999999999999972,0.012799999999999923,2.799999999999999,5.199999999999999,8.0,-1.0,0.40000000000000036,1.7999999999999998,0.5999999999999996,-0.5999999999999979,-5.200000000000003,-1.2000000000000002,-4.867441235696759
0,0.0,-0.5,0.0,-6.800000000000004,-1.7999999999999972,-0.06879999999999997,-3.3999999999999986,-2.6000000000000014,-0.06279999999999997,-1.4000000000000021,-0.8000000000000007,-0.02180000000000004,2.200000000000001,-4.199999999999999,-2.0,-2.3999999999999986,-3.4000000000000004,-3.4000000000000004,3.6000000000000014,0.1999999999999993,-18.39999999999999,-25.0,-17.29908099889613
0,0.0,0.0444444444444444,0.0,-1.8000000000000043,-11.199999999999989,0.03599999999999992,0.0,-8.600000000000001,0.07020000000000004,11.599999999999998,14.200000000000001,0.02100000000000002,-0.40000000000000036,4.0,3.5999999999999943,1.7999999999999972,-1.0,1.2000000000000002,6.0,-2.3999999999999986,8.0,7.6,6.373904423624566
0,0.0,0.04166666666666663,0.0,0.3999999999999986,3.200000000000003,-0.012999999999999956,3.0,11.399999999999999,-0.05420000000000008,-6.800000000000001,-6.600000000000001,-0.0928,-5.6,-3.799999999999997,-9.399999999999999,-1.2000000000000028,-2.4000000000000004,-2.8,-4.0,5.200000000000003,-3.0,-11.8,-4.842639864386086
0,-1.0,-0.11111111111111116,0.0,-1.3999999999999986,2.200000000000003,-0.029400000000000093,2.3999999999999986,5.399999999999999,0.01899999999999996,-1.7999999999999972,-4.199999999999999,0.06559999999999999,0.1999999999999993,-2.799999999999997,-2.5999999999999943,0.6000000000000014,-2.0,1.4000000000000004,3.9999999999999982,-1.8000000000000007,-2.200000000000003,-9.6,-6.737358277396808
1,2.0,0.5138888888888888,0.0,8.200000000000003,8.0,0.0494,4.800000000000001,1.6000000000000014,0.10460000000000008,-6.199999999999999,-11.0,0.1008,2.3999999999999986,2.400000000000002,4.799999999999997,5.0,0.1999999999999993,1.1999999999999997,-3.799999999999999,-0.3999999999999986,15.0,17.200000000000003,17.99313730430171
1,1.0,0.3888888888888889,0.0,1.6000000000000014,-5.599999999999994,0.04320000000000007,4.199999999999999,4.600000000000001,0.07,-4.0,-8.0,0.1087999999999999,-4.0,-0.6000000000000014,-4.600000000000001,3.3999999999999986,0.0,0.7999999999999998,4.0,0.1999999999999993,3.4000000000000057,1.7999999999999998,4.491009189116497
0,0.0,-0.22222222222222227,0.0,-1.6000000000000014,3.200000000000003,-0.03679999999999989,-5.999999999999998,-6.199999999999999,-0.10520000000000002,5.400000000000002,4.800000000000001,0.02300000000000002,-1.8000000000000007,0.40000000000000213,-1.3999999999999986,-3.3999999999999986,-0.39999999999999947,-2.1999999999999997,-3.0000000000000018,-1.6000000000000014,-3.799999999999997,-18.4,-8.245301327763315
0,1.0,-0.36666666666666664,0.0,-3.200000000000003,3.200000000000003,-0.05240000000000006,1.1999999999999993,5.399999999999999,-0.021800000000000097,-1.1999999999999993,-3.3999999999999986,0.053200000000000025,3.8000000000000007,3.8000000000000007,7.600000000000001,-2.3999999999999986,-4.4,2.2,2.0000000000000018,-0.1999999999999993,-6.400000000000006,-7.4,-5.943626216478108
0,2.0,-0.26666666666666666,0.0,-12.200000000000003,-0.19999999999998863,-0.13960000000000006,-7.199999999999999,-3.0,-0.16760000000000003,4.0,4.600000000000001,-0.0045999999999999375,3.0,-1.5999999999999943,1.3999999999999986,-5.800000000000001,-1.5999999999999996,-2.8000000000000003,1.6000000000000014,-0.40000000000000213,-27.60000000000001,-34.2,-27.118078826877948
1,-1.0,0.7000000000000001,0.0,5.200000000000003,-1.3999999999999915,0.06520000000000004,-1.5999999999999996,-4.800000000000001,0.0023999999999999577,3.799999999999999,7.200000000000003,-0.03479999999999994,0.0,2.6000000000000014,2.6000000000000014,1.5999999999999979,4.800000000000001,-1.5999999999999996,-6.0,-0.1999999999999993,12.600000000000009,33.6,16.561012258414408
0,0.0,-0.11111111111111116,0.0,1.3999999999999986,1.0,0.010599999999999998,0.1999999999999993,-5.399999999999999,0.057599999999999985,-1.3999999999999986,-2.1999999999999993,-0.0041999999999999815,-2.0,6.0000000000000036,4.0,3.1999999999999993,-1.200000000000001,0.20000000000000018,-1.5999999999999996,-1.6000000000000014,1.6000000000000085,-6.4,1.075131145657977
0,1.0,-0.3,0.0,-5.0,-0.19999999999998863,-0.05960000000000004,-4.800000000000001,-1.7999999999999972,-0.12339999999999995,1.8000000000000007,0.1999999999999993,0.05059999999999987,0.5999999999999996,3.6000000000000014,4.199999999999996,-2.0,2.1999999999999993,1.0,1.5999999999999996,-2.8000000000000007,-13.0,-2.2,-13.903963658636101
1,0.0,-0.09999999999999998,0.0,0.6000000000000014,-7.0,0.042800000000000116,-6.4,-15.200000000000003,-0.013800000000000034,2.8000000000000007,4.0,-0.016599999999999948,-7.0,4.0,-3.0,0.5999999999999979,1.4000000000000004,-2.3999999999999995,0.6000000000000014,-2.0,-2.4000000000000057,-8.6,-4.706520964457283
0,0.0,-0.16666666666666669,0.0,-2.4000000000000057,-3.8000000000000114,-0.011999999999999955,3.1999999999999993,5.399999999999999,0.03420000000000001,-3.599999999999998,-3.1999999999999993,-0.0703999999999998,-1.0,-5.9999999999999964,-7.0,-2.599999999999998,-0.7999999999999989,-1.2000000000000002,-1.0000000000000018,-0.8000000000000007,-5.199999999999989,-15.4,0.34693070347704236
1,0.0,0.2777777777777778,0.0,1.6000000000000014,-0.3999999999999915,0.023400000000000032,1.4000000000000021,3.4000000000000057,0.010399999999999965,-1.0,-3.400000000000002,0.07720000000000005,-1.0,0.8000000000000007,-0.20000000000000284,4.0,2.0,0.7999999999999998,1.200000000000001,2.6000000000000014,3.5999999999999943,16.2,3.248421677397559
1,-1.0,-0.15555555555555556,0.0,-1.4000000000000057,-9.399999999999991,0.032200000000000006,-2.200000000000001,-11.0,0.03699999999999998,0.6000000000000014,-0.40000000000000213,0.026999999999999913,-3.799999999999999,2.1999999999999993,-1.6000000000000014,0.0,-1.200000000000001,1.2000000000000002,-1.1999999999999993,-4.800000000000001,-4.400000000000006,9.6,3.7195447908116677
0,-1.0,-0.4,0.0,-5.799999999999997,-3.0,-0.0524,-1.0,5.799999999999997,-0.08080000000000004,1.5999999999999979,4.600000000000001,-0.06500000000000006,1.200000000000001,-8.399999999999999,-7.200000000000003,-5.0,-0.40000000000000036,-1.1999999999999993,3.200000000000001,-1.0,-11.0,-27.8,-11.767429596517687
1,-1.0,0.19999999999999998,0.0,-1.0,-3.5999999999999943,0.005199999999999982,0.8000000000000007,3.200000000000003,-0.007000000000000006,2.3999999999999986,1.5999999999999979,0.06319999999999992,-0.40000000000000036,-2.9999999999999964,-3.3999999999999986,2.799999999999997,-0.6000000000000005,-1.7999999999999998,0.5999999999999996,-1.1999999999999993,1.2000000000000028,-5.0,2.9231344190382345
1,0.0,0.14545454545454545,0.0,1.3999999999999986,-1.4000000000000057,0.020000000000000018,-1.4000000000000004,-7.400000000000006,0.02200000000000002,6.199999999999999,7.199999999999999,0.0024000000000000687,1.0,4.600000000000001,5.600000000000001,2.1999999999999993,-1.8000000000000007,3.0,5.800000000000001,-2.3999999999999986,7.599999999999994,5.4,0.0816108308421235
1,0.0,0.303030303030303,0.0,10.399999999999999,6.400000000000006,0.0812,4.200000000000001,2.6000000000000014,0.0816,-3.8000000000000007,-5.199999999999999,0.03259999999999985,2.8000000000000007,-2.3999999999999986,0.4000000000000057,4.400000000000002,0.5999999999999996,0.7999999999999998,-2.8000000000000007,-1.0,21.19999999999999,22.8,22.703009004455907
1,0.0,0.36363636363636365,0.0,4.399999999999999,0.4000000000000057,0.0484,0.7999999999999989,-2.3999999999999986,0.0408,3.799999999999997,2.400000000000002,0.05679999999999996,-2.0,4.399999999999999,2.3999999999999986,-1.0,2.6000000000000005,0.40000000000000036,-3.4000000000000004,0.0,13.399999999999991,17.200000000000003,13.084314261239697
0,-1.0,-0.4777777777777778,0.0,-2.1999999999999957,-2.0,-0.01539999999999997,1.0,-3.200000000000003,0.07579999999999998,2.0,2.6000000000000014,-0.02220000000000011,-2.799999999999999,-3.1999999999999957,-6.0,-3.0,-1.3999999999999995,-1.8000000000000003,1.0,1.6000000000000014,-1.4000000000000057,-22.6,-4.680866549804676
0,1.0,0.30000000000000004,0.0,4.200000000000003,1.2000000000000028,0.041600000000000026,-1.5999999999999996,-2.6000000000000014,-0.01859999999999995,2.8000000000000007,1.8000000000000007,0.04940000000000011,1.1999999999999993,-1.8000000000000007,-0.6000000000000014,0.0,-0.1999999999999993,-0.40000000000000036,0.5999999999999996,1.4000000000000021,9.600000000000009,4.0,7.876473018266353
0,0.0,0.0,0.0,-1.4000000000000057,-10.199999999999989,0.03260000000000007,-7.199999999999999,-18.4,-0.005599999999999994,4.199999999999999,4.199999999999999,0.009800000000000142,-8.600000000000001,4.799999999999997,-3.799999999999997,0.8000000000000007,1.4000000000000004,-0.5999999999999996,1.1999999999999993,-3.0,-5.799999999999997,-7.999999999999999,-7.099889622742523
0,1.0,-0.5,0.0,-7.800000000000004,-10.599999999999994,-0.034200000000000064,1.4000000000000004,3.0,0.0020000000000000018,-3.1999999999999993,-1.5999999999999979,-0.08679999999999988,-3.5999999999999996,-6.199999999999996,-9.799999999999997,-7.199999999999999,0.20000000000000107,1.4,2.5999999999999996,-0.20000000000000284,-17.400000000000006,-23.8,-11.993844660664266
0,0.0,-0.2727272727272727,0.0,-1.6000000000000014,4.6000000000000085,-0.045799999999999896,-8.2,-5.200000000000003,-0.17819999999999997,0.0,3.599999999999998,-0.13780000000000003,0.1999999999999993,3.200000000000003,3.4000000000000057,-4.199999999999999,0.1999999999999993,2.5999999999999996,-1.8000000000000007,-0.8000000000000007,-11.400000000000006,-13.6,-15.812106120698644
1,0.0,0.21818181818181825,5.0,2.3999999999999986,1.2000000000000028,0.025399999999999978,-3.200000000000001,-3.1999999999999957,-0.061600000000000044,3.0,8.2,-0.12539999999999996,3.5999999999999996,-2.0,1.6000000000000014,-3.0,2.5999999999999996,0.6000000000000005,-0.1999999999999993,-0.20000000000000284,4.6000000000000085,15.600000000000001,3.3225375739838228
0,-1.0,-0.2727272727272727,0.0,1.7999999999999972,3.5999999999999943,-0.0038000000000000256,0.1999999999999993,-2.3999999999999986,0.042800000000000005,-1.5999999999999979,-0.8000000000000007,-0.07300000000000018,-0.40000000000000036,0.0,-0.3999999999999986,-1.0,-3.5999999999999996,-3.0,-1.8000000000000007,1.0,2.200000000000003,-18.2,0.16316408845284514
0,-1.0,0.24545454545454543,0.0,7.799999999999997,11.199999999999989,0.02739999999999998,7.600000000000001,10.399999999999999,0.10319999999999996,-9.399999999999999,-11.0,0.007800000000000029,3.200000000000001,-2.0,1.2000000000000028,5.600000000000001,0.5999999999999996,-1.3999999999999995,-3.0,-3.1999999999999993,13.799999999999983,14.6,13.466659054112256
1,0.0,-0.33636363636363636,0.0,-4.399999999999999,-4.6000000000000085,-0.023800000000000043,-0.6000000000000014,2.4000000000000057,-0.036799999999999944,7.0,3.1999999999999993,0.19420000000000004,3.0,2.1999999999999957,5.199999999999996,-0.3999999999999986,-2.5999999999999996,0.7999999999999998,4.0,-1.8000000000000007,-2.3999999999999915,-2.2,0.1497356686086988
0,0.0,-0.3,0.0,-1.7999999999999972,-5.0,0.0038000000000000256,0.40000000000000036,-6.0,0.05860000000000004,-6.399999999999999,-6.399999999999999,-0.04459999999999997,-2.0,-0.3999999999999986,-2.3999999999999986,-1.6000000000000014,-0.1999999999999993,-1.4000000000000004,-0.20000000000000107,-4.0,-9.599999999999994,-8.6,-2.923143674600226
1,0.0,0.08333333333333337,0.0,4.0,4.0,0.022999999999999965,-1.0,0.6000000000000014,-0.021199999999999997,-5.6,-5.399999999999999,-0.05580000000000007,1.1999999999999993,-4.800000000000001,-3.6000000000000014,-4.0,2.2,-0.20000000000000018,-6.0,2.1999999999999993,1.4000000000000057,10.4,7.416697900267849
1,1.0,0.5757575757575757,-5.0,2.6000000000000014,1.2000000000000028,0.024600000000000066,0.0,-7.0000000000000036,0.0902,0.8000000000000007,1.3999999999999986,0.006799999999999917,4.4,2.3999999999999986,6.799999999999997,0.1999999999999993,2.6000000000000005,-0.40000000000000036,-1.0,-3.3999999999999986,6.0,26.599999999999998,10.028189922459362
1,-1.0,0.18939393939393934,0.0,-0.3999999999999986,2.4000000000000057,-0.015800000000000036,2.4000000000000004,4.200000000000003,0.02360000000000001,3.0,2.1999999999999993,0.03139999999999987,-1.0,8.399999999999999,7.399999999999999,-1.2000000000000028,-0.1999999999999993,1.4000000000000004,-2.200000000000001,-1.3999999999999986,4.6000000000000085,15.2,2.1699435981460766
1,-1.0,0.49242424242424243,0.0,2.5999999999999943,-7.200000000000003,0.06479999999999997,6.0,3.3999999999999986,0.12760000000000005,-1.0,-2.3999999999999986,0.06940000000000002,-1.4000000000000004,-0.8000000000000007,-2.1999999999999957,3.799999999999997,4.2,-1.6000000000000005,1.200000000000001,-4.800000000000001,10.200000000000003,25.6,15.891684012255368
0,-1.0,0.12121212121212122,5.0,5.800000000000004,13.599999999999994,-0.002399999999999902,5.0,12.199999999999996,0.02119999999999994,0.0,1.0,-0.02200000000000013,5.0,-4.199999999999996,0.7999999999999972,1.7999999999999972,2.999999999999999,1.2000000000000002,-0.40000000000000036,-0.1999999999999993,16.599999999999994,1.8000000000000007,6.08333905181378
0,1.0,-0.21969696969696972,0.0,-2.6000000000000014,4.200000000000003,-0.056400000000000006,-0.40000000000000036,4.399999999999999,-0.055800000000000016,2.8000000000000007,4.0,-0.03860000000000008,5.0,-0.3999999999999986,4.599999999999994,-2.599999999999998,-4.6,-3.5999999999999996,-0.20000000000000284,2.3999999999999986,-2.799999999999997,-18.200000000000003,-3.707141334488213
1,-1.0,0.19696969696969702,5.0,5.0,2.8000000000000114,0.046399999999999886,-0.6000000000000014,-1.6000000000000014,-0.0023999999999999577,-1.6000000000000014,1.0,-0.10720000000000007,2.0,1.3999999999999986,3.3999999999999986,2.1999999999999993,5.0,-2.3999999999999995,-0.1999999999999993,-0.8000000000000007,7.799999999999997,9.8,6.389271738807167
1,-1.0,0.40909090909090906,0.0,4.399999999999999,-0.3999999999999915,0.054800000000000015,-3.1999999999999993,-10.0,-0.0008000000000000229,3.6000000000000014,1.6000000000000014,0.06519999999999992,0.40000000000000036,7.0000000000000036,7.400000000000006,1.6000000000000014,1.1999999999999993,0.0,0.20000000000000107,1.6000000000000014,9.200000000000003,17.0,8.995326897319643
0,0.0,0.18881118881118886,0.0,5.399999999999999,0.0,0.061600000000000044,-1.1999999999999993,-6.0,0.021200000000000052,-1.0,-2.8000000000000007,0.05999999999999994,0.5999999999999996,0.20000000000000284,0.8000000000000043,2.400000000000002,-2.200000000000001,-0.5999999999999996,1.799999999999999,2.0,8.599999999999994,6.6,8.529291169971685
1,0.0,0.21969696969696972,0.0,3.200000000000003,4.6000000000000085,0.009999999999999953,-0.8000000000000007,-4.800000000000004,0.029400000000000037,-7.800000000000001,-5.0,-0.18199999999999994,-3.8000000000000007,-4.199999999999999,-8.0,0.5999999999999979,2.3999999999999995,-0.8000000000000007,-6.199999999999999,0.8000000000000007,-2.1999999999999886,-6.0,-2.353145616997921
1,2.0,0.38636363636363635,0.0,6.399999999999999,-1.4000000000000057,0.07959999999999995,3.0,5.200000000000003,0.015600000000000003,2.8000000000000007,2.1999999999999993,0.07260000000000011,1.200000000000001,3.6000000000000014,4.799999999999997,3.200000000000003,1.799999999999999,3.0,-0.7999999999999989,1.3999999999999986,18.599999999999994,33.4,20.00599639506912
1,0.0,0.05303030303030298,-5.0,0.8000000000000043,-0.3999999999999915,0.010800000000000087,4.200000000000001,6.800000000000004,0.0378,-5.800000000000001,-6.199999999999999,-0.02180000000000004,4.799999999999999,-4.0,0.8000000000000043,-1.0,-0.1999999999999993,-1.5999999999999996,-0.7999999999999989,-2.3999999999999986,0.0,14.200000000000001,9.91593800173571
0,0.0,-0.4848484848484848,0.0,0.7999999999999972,6.599999999999994,-0.025000000000000078,1.8000000000000007,4.0,0.0048000000000000265,-4.4,-5.800000000000001,-0.006000000000000227,2.799999999999999,-0.20000000000000284,2.6000000000000014,-0.1999999999999993,-0.7999999999999989,-0.7999999999999998,-2.1999999999999993,-0.8000000000000007,-1.0,-0.6000000000000005,0.16179161507352546
0,0.0,-0.022727272727272707,0.0,3.0,8.199999999999989,-0.008599999999999997,-2.799999999999999,-0.19999999999999574,-0.07619999999999999,-0.7999999999999972,1.0,-0.07699999999999996,2.0,7.600000000000001,9.600000000000001,0.5999999999999979,3.5999999999999996,2.0,1.9999999999999982,-0.20000000000000284,2.4000000000000057,7.8,-6.982477210128366
1,0.0,0.15454545454545454,0.0,2.3999999999999986,1.2000000000000028,0.016800000000000037,-1.4000000000000004,-12.0,0.08140000000000003,-4.0,-3.0,-0.06119999999999992,3.799999999999999,2.3999999999999986,6.199999999999996,1.8000000000000007,1.6000000000000005,0.39999999999999947,1.0,-4.199999999999999,-0.5999999999999943,9.6,2.6030358148437216
0,-2.0,-0.1515151515151516,0.0,0.8000000000000043,-0.6000000000000085,0.007800000000000029,3.0,5.0,0.026600000000000013,-0.8000000000000007,-0.40000000000000213,0.0005999999999999339,-3.6000000000000014,-1.8000000000000043,-5.399999999999999,-0.3999999999999986,0.8000000000000007,2.8,1.799999999999999,2.3999999999999986,3.799999999999997,-3.0,-2.4118337982841496
0,0.0,-0.5,0.0,-6.400000000000006,4.3999999999999915,-0.09219999999999995,-3.3999999999999986,-1.3999999999999986,-0.0826,-1.8000000000000007,-1.6000000000000014,-0.061000000000000054,3.799999999999999,-4.0,-0.19999999999999574,-6.800000000000001,-1.0,-0.39999999999999947,2.799999999999999,1.4000000000000021,-18.0,-33.8,-20.37695856604212
0,-2.0,-0.5897435897435899,5.0,-3.1999999999999957,-2.799999999999997,-0.018799999999999928,0.6000000000000014,1.3999999999999986,-0.0005999999999999894,-1.4000000000000021,-0.3999999999999986,-0.03660000000000019,4.4,-5.0,-0.6000000000000014,0.20000000000000284,-4.000000000000001,0.6000000000000005,5.4,0.3999999999999986,-7.200000000000003,-26.0,-4.674379754644633
0,0.0,-0.07692307692307687,5.0,6.800000000000004,6.200000000000003,0.049199999999999966,3.5999999999999996,-0.19999999999999574,0.10899999999999999,-6.6,-7.200000000000003,-0.06440000000000001,-2.3999999999999986,0.20000000000000284,-2.200000000000003,4.799999999999997,-0.8000000000000007,2.0000000000000004,-3.0000000000000018,2.0,10.599999999999994,7.199999999999999,7.407804029547449
1,-1.0,0.3076923076923077,5.0,9.600000000000001,15.0,0.031200000000000006,2.9999999999999982,9.0,-0.0024000000000000132,0.8000000000000007,2.0,-0.025599999999999956,7.800000000000001,-4.200000000000003,3.6000000000000014,1.3999999999999986,2.6000000000000005,2.0,-4.399999999999999,2.0,23.0,20.4,17.79671259780156
1,0.0,-0.2692307692307692,10.0,-1.3999999999999986,-1.2000000000000028,-0.010599999999999998,-4.0,-3.6000000000000014,-0.08259999999999995,-0.20000000000000284,3.3999999999999986,-0.12980000000000003,-2.0,5.0,3.0,1.3999999999999986,4.199999999999999,3.4000000000000004,2.1999999999999993,-2.6000000000000014,-7.0,-0.5999999999999996,-11.246396900443372
0,2.0,0.0,5.0,7.199999999999996,5.800000000000011,0.05399999999999999,-0.8000000000000007,-6.400000000000006,0.034999999999999976,-3.6000000000000014,-3.0,-0.042200000000000015,3.0,2.6000000000000014,5.600000000000001,1.0,-1.0,1.4000000000000004,3.200000000000001,1.6000000000000014,10.0,-6.200000000000001,4.776866275974626
1,2.0,0.12820512820512825,-10.0,4.600000000000001,9.799999999999997,-0.0017999999999999683,3.0,3.799999999999997,0.041000000000000036,-5.800000000000001,-7.0,-0.010399999999999965,4.6,4.400000000000002,9.0,3.3999999999999986,-0.20000000000000018,-0.7999999999999998,-3.799999999999999,1.0,6.3999999999999915,17.8,8.093736247553153
1,0.0,0.43589743589743585,0.0,4.199999999999996,-2.0,0.05640000000000006,1.1999999999999993,4.200000000000003,-0.013800000000000034,2.3999999999999986,-1.8000000000000007,0.17400000000000004,1.4000000000000004,4.800000000000001,6.200000000000003,2.400000000000002,1.4000000000000004,2.4000000000000004,1.8000000000000007,-1.8000000000000007,12.0,27.0,13.694779747723857
1,0.0,0.18881118881118886,0.0,9.199999999999996,13.399999999999991,0.03020000000000006,2.1999999999999993,-0.7999999999999972,0.08679999999999999,-9.2,-9.599999999999998,-0.04479999999999984,7.799999999999999,-4.600000000000001,3.1999999999999957,2.1999999999999993,3.8000000000000007,-1.0,-1.200000000000001,0.0,11.400000000000006,4.3999999999999995,11.339116697433312
1,-1.0,-0.2121212121212121,0.0,-0.8000000000000043,3.3999999999999915,-0.026400000000000035,2.3999999999999986,9.800000000000004,-0.03360000000000002,1.5999999999999979,2.1999999999999993,-0.010399999999999965,3.4000000000000004,-4.0,-0.6000000000000014,4.400000000000002,-2.8000000000000007,-1.6,1.3999999999999986,1.6000000000000014,2.4000000000000057,-1.8000000000000007,-0.4256245879700913
0,0.0,-0.40476190476190477,0.0,3.0,3.1999999999999886,0.016800000000000037,-3.0,-9.600000000000001,0.006800000000000084,-6.0,-7.399999999999999,-0.006599999999999939,2.0,-0.8000000000000007,1.2000000000000028,-1.1999999999999993,-1.4000000000000004,-2.6,0.7999999999999989,0.6000000000000014,-3.0,-7.6,-1.3672574978034646
0,0.0,0.0,0.0,-0.19999999999999574,-3.0,0.013600000000000001,0.3999999999999986,0.3999999999999986,0.011400000000000021,3.400000000000002,5.199999999999999,-0.04400000000000004,2.3999999999999986,-2.8000000000000043,-0.3999999999999986,-6.599999999999998,-1.4000000000000004,-2.5999999999999996,-2.0,2.1999999999999993,3.4000000000000057,7.399999999999999,9.459036705464769
1,0.0,0.3076923076923077,-5.0,4.799999999999997,-0.19999999999998863,0.05159999999999998,-3.200000000000001,-6.0,-0.03460000000000002,2.1999999999999993,5.0,-0.046800000000000064,-2.0,2.0,0.0,3.6000000000000014,2.0,-0.20000000000000018,-4.800000000000001,4.0,8.599999999999994,17.2,9.330932835968198
1,1.0,0.7692307692307692,5.0,9.200000000000003,0.3999999999999915,0.10339999999999999,2.200000000000001,-2.3999999999999986,0.0852,-2.400000000000002,0.0,-0.08219999999999994,1.0,3.799999999999997,4.800000000000004,6.400000000000002,6.6000000000000005,-0.20000000000000018,1.799999999999999,-4.199999999999999,18.200000000000003,33.6,16.095644712876748
1,2.0,0.27564102564102566,-10.0,0.5999999999999943,5.0,-0.02240000000000003,-0.5999999999999996,-2.200000000000003,0.0048000000000000265,-1.8000000000000007,-1.6000000000000014,0.0015999999999999348,3.799999999999999,3.6000000000000014,7.400000000000006,0.7999999999999972,-0.7999999999999998,-1.3999999999999995,0.40000000000000036,-0.3999999999999986,-1.2000000000000028,2.8,-2.7838434882276033
0,1.0,0.33333333333333337,-10.0,1.0,-6.6000000000000085,0.047599999999999976,-1.1999999999999993,-5.400000000000002,0.024800000000000044,1.5999999999999979,2.6000000000000014,-0.0041999999999997595,1.0,-3.0,-2.0,-1.6000000000000014,-1.0,-2.0000000000000004,-2.8000000000000007,-3.8000000000000007,2.4000000000000057,24.2,13.199449293949229
1,0.0,0.07142857142857151,0.0,1.3999999999999986,13.800000000000011,-0.054200000000000026,0.1999999999999993,14.199999999999996,-0.13,5.800000000000001,6.199999999999999,0.059800000000000075,6.799999999999999,3.400000000000002,10.199999999999996,1.0,-0.20000000000000107,2.2,-1.8000000000000007,1.4000000000000021,8.800000000000011,8.0,0.20836851389017852
1,1.0,0.3296703296703297,-15.0,2.6000000000000014,-2.8000000000000114,0.04259999999999997,2.0,1.2000000000000028,0.044399999999999995,-0.6000000000000014,-4.800000000000004,0.12320000000000009,-2.8000000000000007,-0.4000000000000057,-3.200000000000003,0.3999999999999986,-0.5999999999999996,-1.2000000000000002,-3.0,1.0,6.6000000000000085,16.6,10.941787967194344
0,-1.0,-0.7747252747252747,0.0,-4.400000000000006,-1.2000000000000028,-0.04480000000000006,-0.8000000000000007,-0.8000000000000043,-0.032799999999999996,-2.0,-0.6000000000000014,-0.05719999999999992,4.4,-10.999999999999996,-6.600000000000001,-2.0,-1.4000000000000004,-2.2,4.200000000000001,2.599999999999998,-11.600000000000009,-36.2,-9.32046489776178
1,0.0,-0.1282051282051282,5.0,-0.3999999999999986,0.20000000000000284,-0.005400000000000071,-4.4,-8.600000000000001,-0.025599999999999956,5.0,6.200000000000003,-0.005800000000000138,-4.399999999999999,4.800000000000004,0.3999999999999986,1.8000000000000007,-1.0,2.1999999999999997,0.8000000000000007,1.6000000000000014,-0.19999999999998863,-12.0,-9.51146286709124
0,0.0,-0.10989010989010983,5.0,1.2000000000000028,9.200000000000003,-0.030999999999999972,-1.0,5.199999999999996,-0.06420000000000003,-0.6000000000000014,0.1999999999999993,-0.031000000000000028,3.5999999999999996,-1.6000000000000014,2.0,-2.1999999999999993,-3.8000000000000007,-0.40000000000000036,0.5999999999999996,4.600000000000001,0.8000000000000114,-21.0,-6.215609107225163
0,1.0,-0.2142857142857142,-5.0,0.20000000000000284,-5.799999999999997,0.029799999999999938,3.8000000000000007,5.200000000000003,0.03979999999999995,-3.6000000000000014,-6.199999999999999,0.06599999999999995,-7.2,0.6000000000000014,-6.600000000000001,7.800000000000001,0.7999999999999989,-0.20000000000000018,-0.5999999999999979,-3.1999999999999993,0.6000000000000085,5.6,2.577339077682595
1,1.0,0.32967032967032966,-10.0,-4.600000000000001,-15.0,0.024399999999999977,-4.399999999999999,-11.0,-0.009599999999999997,-2.8000000000000007,-3.8000000000000007,0.02399999999999991,-3.1999999999999993,-0.8000000000000043,-4.0,-9.199999999999996,2.8000000000000007,-1.2000000000000002,1.0,-6.199999999999999,-16.39999999999999,5.8,-1.8892099286188255
1,0.0,-0.09999999999999998,5.0,0.3999999999999986,-2.200000000000003,0.01679999999999998,-6.599999999999998,-13.799999999999997,-0.04760000000000003,3.8000000000000007,3.400000000000002,0.026599999999999957,-1.0,4.399999999999999,3.3999999999999986,-1.7999999999999972,-5.0,0.7999999999999998,-2.200000000000001,0.6000000000000014,-2.0,-2.4000000000000004,0.17071971683061804
0,0.0,-0.34615384615384615,0.0,-7.200000000000003,-12.599999999999994,-0.017199999999999938,-0.7999999999999989,2.799999999999997,-0.043200000000000016,8.799999999999999,8.8,0.06400000000000006,-6.399999999999999,-6.199999999999996,-12.600000000000001,-1.0,-0.5999999999999996,-0.7999999999999998,3.6000000000000014,-1.1999999999999993,-6.3999999999999915,-15.2,-8.22413131374391
1,-1.0,0.4065934065934066,0.0,8.399999999999999,0.20000000000000284,0.09140000000000004,0.5999999999999996,-0.7999999999999972,0.02180000000000004,-4.399999999999999,-7.599999999999998,0.07640000000000002,0.5999999999999996,1.2000000000000028,1.7999999999999972,3.599999999999998,0.20000000000000018,1.4000000000000004,1.4000000000000021,-2.200000000000003,13.0,15.0,15.141992557513007
1,-1.0,0.719047619047619,0.0,3.200000000000003,-1.0,0.04179999999999989,1.0,3.200000000000003,0.006000000000000005,2.8000000000000007,-0.5999999999999979,0.1302000000000001,0.5999999999999996,4.800000000000001,5.400000000000006,-0.6000000000000014,3.200000000000001,1.7999999999999998,-1.1999999999999993,-2.6000000000000014,10.200000000000003,39.599999999999994,12.741670328979254
1,0.0,-0.21428571428571427,-5.0,-2.8000000000000043,2.8000000000000114,-0.0484,-4.0,-5.600000000000001,-0.062000000000000055,4.0,5.199999999999999,-0.021600000000000064,2.4000000000000004,-3.1999999999999993,-0.8000000000000043,-3.400000000000002,-1.7999999999999998,-0.6000000000000005,-0.8000000000000007,7.800000000000001,-5.599999999999994,-19.200000000000003,-7.218202929640569
0,0.0,-0.027472527472527486,0.0,-5.600000000000001,-1.2000000000000028,-0.059,1.3999999999999986,3.400000000000002,0.006599999999999995,0.0,-1.6000000000000014,0.031199999999999894,1.4000000000000004,1.3999999999999986,2.799999999999997,-5.800000000000001,-1.7999999999999998,0.5999999999999996,0.40000000000000036,-0.6000000000000014,-9.799999999999997,-6.199999999999999,-6.677395439291814
0,0.0,-0.34871794871794876,15.0,-3.799999999999997,-3.799999999999997,-0.023200000000000054,-4.0,-6.199999999999996,-0.0398,4.0,9.0,-0.10599999999999987,-1.5999999999999996,3.799999999999997,2.1999999999999957,-4.0,-0.8000000000000007,4.199999999999999,5.6,0.40000000000000213,-7.6000000000000085,-14.8,-14.617052557743804
0,0.0,-0.6263736263736264,0.0,-4.399999999999999,-2.1999999999999886,-0.039400000000000046,-1.4000000000000004,0.5999999999999979,-0.04799999999999999,-6.800000000000001,-7.800000000000001,-0.011800000000000033,1.0,-10.600000000000001,-9.600000000000001,-3.0,2.200000000000001,-0.3999999999999999,5.800000000000001,3.400000000000002,-17.0,-26.6,-15.818781067705302
0,-1.0,-0.08333333333333337,0.0,-3.200000000000003,0.0,-0.027200000000000057,1.5999999999999996,15.0,-0.10220000000000001,1.3999999999999986,4.0,-0.07099999999999984,-5.199999999999999,2.6000000000000014,-2.6000000000000014,1.4000000000000021,-1.4000000000000004,2.2,-0.1999999999999993,1.4000000000000021,-3.3999999999999915,-5.6000000000000005,-11.324611745309383
1,1.0,0.008928571428571397,5.0,8.0,12.599999999999994,0.023599999999999954,-3.6000000000000014,-8.399999999999999,-0.010199999999999987,0.8000000000000007,1.7999999999999972,-0.019600000000000062,0.8000000000000007,7.0,7.800000000000004,5.199999999999999,-5.199999999999999,1.0,-3.1999999999999993,3.200000000000003,13.200000000000003,-1.0,2.6542121175487665
0,-1.0,-0.10989010989010989,-5.0,0.20000000000000284,-0.19999999999998863,0.007800000000000029,-3.200000000000001,-1.2000000000000028,-0.07119999999999999,-3.8000000000000007,-3.200000000000003,-0.025800000000000045,3.0,-9.8,-6.800000000000004,-6.0,-2.3999999999999995,-1.3999999999999995,0.1999999999999993,-0.3999999999999986,-6.599999999999994,-3.999999999999999,-0.9386718045385578
1,-1.0,0.5659340659340659,-5.0,2.8000000000000043,1.2000000000000028,0.025199999999999945,-0.7999999999999989,1.5999999999999943,-0.03860000000000002,4.600000000000001,5.399999999999999,0.02420000000000011,-0.6000000000000014,7.0,6.400000000000006,2.0,3.8000000000000007,0.20000000000000018,-2.3999999999999986,-1.0,9.400000000000006,29.599999999999998,7.042626065014076
1,1.0,0.06666666666666665,0.0,-2.799999999999997,3.4000000000000057,-0.04579999999999995,1.200000000000001,6.0,-0.020000000000000018,2.200000000000001,0.7999999999999972,0.03960000000000008,3.0,5.799999999999997,8.799999999999997,2.1999999999999993,-2.4000000000000004,2.2,0.0,-0.7999999999999972,-2.200000000000003,1.4000000000000021,-3.232956290982827
1,0.0,0.11428571428571432,0.0,-0.3999999999999986,1.5999999999999943,-0.013600000000000056,-3.0000000000000018,-3.6000000000000014,-0.041200000000000014,-0.8000000000000007,-2.0,0.04059999999999997,0.5999999999999996,5.200000000000003,5.799999999999997,-4.9999999999999964,-3.8000000000000007,-1.0,-1.3999999999999986,-2.0,-4.6000000000000085,-3.8,-2.732477845884304
1,-1.0,0.24761904761904763,-5.0,0.6000000000000014,-0.3999999999999915,0.010000000000000064,-2.4000000000000004,-4.0,-0.03520000000000001,1.3999999999999986,2.8000000000000007,-0.034399999999999986,0.40000000000000036,2.3999999999999986,2.8000000000000043,3.0,1.4000000000000004,-0.8000000000000007,-1.0,-3.599999999999998,0.19999999999998863,9.4,0.36092312964240136
0,2.0,-0.03809523809523807,5.0,3.1999999999999957,1.6000000000000085,0.029200000000000004,2.5999999999999996,-0.20000000000000284,0.07779999999999992,-3.5999999999999996,-2.1999999999999993,-0.11339999999999983,-3.1999999999999993,-3.0,-6.200000000000003,4.199999999999999,0.5999999999999996,-1.2000000000000002,0.3999999999999986,1.8000000000000007,5.3999999999999915,-3.0000000000000004,0.25690064963306725
1,0.0,0.4916666666666667,0.0,1.5999999999999943,-1.0,0.0262,1.4000000000000004,5.600000000000001,-0.0012000000000000344,-5.199999999999999,-2.8000000000000007,-0.11220000000000008,-2.799999999999999,6.199999999999999,3.3999999999999986,1.0,2.0,2.0,0.5999999999999996,-3.3999999999999986,-0.6000000000000085,18.8,-1.8475129864428226
0,1.0,-0.5803571428571428,10.0,3.200000000000003,9.400000000000006,-0.01319999999999999,4.0,10.799999999999997,-0.006199999999999983,3.1999999999999993,4.800000000000001,-0.03500000000000003,2.4000000000000004,0.6000000000000014,3.0,6.799999999999997,-2.5999999999999996,-1.7999999999999998,0.3999999999999986,6.400000000000002,13.599999999999994,-20.2,2.2169927604555966
0,0.0,0.12941176470588234,-5.0,-6.399999999999999,-9.399999999999991,-0.028000000000000025,5.200000000000001,8.0,0.052200000000000024,0.0,-1.8000000000000007,0.03860000000000008,-4.600000000000001,0.8000000000000007,-3.8000000000000043,2.1999999999999993,4.2,0.0,2.400000000000002,-0.1999999999999993,-7.599999999999994,8.2,-4.3539253455401905
0,0.0,0.3904761904761905,0.0,6.199999999999996,8.200000000000003,0.029799999999999993,2.599999999999998,-0.19999999999999574,0.06379999999999997,-6.400000000000002,-7.0,-0.019399999999999973,5.200000000000001,6.600000000000001,11.799999999999997,1.0,-1.4000000000000004,0.0,-1.1999999999999993,1.0,8.600000000000009,19.8,10.550185985318933
1,1.0,-0.06666666666666665,0.0,3.0,-0.20000000000000284,0.03540000000000004,2.1999999999999993,-0.6000000000000014,0.063,-2.1999999999999993,-4.600000000000001,0.05400000000000005,1.200000000000001,-4.600000000000001,-3.3999999999999986,-1.0,1.0,-0.20000000000000018,1.3999999999999986,1.2000000000000028,6.0,7.399999999999999,8.133210831261522
0,0.0,-0.02857142857142858,5.0,1.2000000000000028,0.20000000000000284,0.011800000000000033,2.799999999999999,7.200000000000003,0.0021999999999999797,-2.0,-2.1999999999999993,-0.032199999999999895,-0.40000000000000036,0.7999999999999972,0.3999999999999986,1.0,2.5999999999999996,1.5999999999999996,0.3999999999999986,-1.1999999999999993,3.200000000000003,-1.9999999999999998,2.7457501499679893
0,0.0,-0.016483516483516425,5.0,3.200000000000003,9.800000000000011,-0.018799999999999928,-0.8000000000000007,-2.6000000000000014,0.0041999999999999815,-5.400000000000002,-6.399999999999999,-0.011200000000000099,7.4,-1.0,6.399999999999999,-1.3999999999999986,1.5999999999999996,1.1999999999999997,-0.3999999999999986,2.6000000000000014,0.19999999999998863,5.0,1.3958536716075116
1,0.0,0.11666666666666667,15.0,-0.4000000000000057,0.5999999999999943,-0.008999999999999952,3.0,5.400000000000006,0.029600000000000015,4.199999999999999,8.399999999999999,-0.09440000000000004,-3.799999999999999,10.600000000000001,6.799999999999997,-0.1999999999999993,-1.6000000000000014,3.4,2.8000000000000007,1.8000000000000007,6.400000000000006,5.6000000000000005,-4.951686140711445
1,0.0,0.5952380952380952,-5.0,4.400000000000006,-2.0,0.062400000000000067,-3.5999999999999996,-5.399999999999999,-0.047799999999999954,2.400000000000002,4.400000000000002,-0.007800000000000029,-0.40000000000000036,2.3999999999999986,2.0,8.2,1.6000000000000005,-0.8000000000000007,-2.0,-3.799999999999997,7.599999999999994,23.4,9.478040041142322
1,0.0,0.4666666666666667,5.0,2.0,7.400000000000006,-0.014600000000000057,3.0000000000000018,9.0,-0.012800000000000034,2.400000000000002,3.599999999999998,-0.029199999999999893,1.4000000000000004,7.799999999999997,9.199999999999996,5.799999999999997,0.0,3.6000000000000005,0.3999999999999986,-1.0,9.399999999999991,8.600000000000001,0.6515638617684374
0,-1.0,-0.4375,0.0,-5.200000000000003,2.6000000000000085,-0.07340000000000002,-8.8,-11.800000000000004,-0.12419999999999998,4.199999999999999,5.600000000000001,0.01200000000000001,4.6,-2.1999999999999993,2.3999999999999986,-11.399999999999999,-0.20000000000000107,-1.2000000000000002,-0.5999999999999979,0.8000000000000007,-15.0,-17.4,-14.087549814411148
0,1.0,0.0,-5.0,1.3999999999999986,7.599999999999994,-0.020600000000000063,-0.20000000000000107,4.600000000000001,-0.04820000000000002,-4.399999999999999,-3.1999999999999993,-0.059799999999999964,5.4,-2.599999999999998,2.799999999999997,3.400000000000002,0.5999999999999996,-1.3999999999999995,-2.0000000000000018,-10.000000000000002,-1.7999999999999972,2.999999999999999,-1.2629904130935472
0,-1.0,0.6125,0.0,4.399999999999999,-3.0,0.068,1.1999999999999993,-1.4000000000000021,0.056400000000000006,10.4,9.399999999999999,0.1190000000000001,2.200000000000001,3.3999999999999986,5.600000000000001,2.1999999999999993,-1.1999999999999993,1.8000000000000003,-2.799999999999999,-2.599999999999998,20.400000000000006,29.4,23.996423974917818
0,-1.0,-0.01838235294117646,15.0,0.6000000000000014,-4.0,0.023799999999999932,0.7999999999999989,-3.8000000000000043,0.04999999999999993,5.399999999999999,8.399999999999999,-0.0041999999999999815,-1.5999999999999996,1.1999999999999957,-0.3999999999999986,-7.400000000000002,-0.1999999999999993,3.0,5.800000000000001,5.0,7.400000000000006,0.40000000000000036,0.3080463146295074
0,-2.0,-0.3666666666666667,5.0,-4.0,-5.800000000000011,-0.01820000000000005,3.1999999999999993,-0.6000000000000014,0.09779999999999994,-7.200000000000001,-7.800000000000001,-0.06379999999999997,-7.199999999999999,-2.1999999999999993,-9.399999999999999,-0.8000000000000007,-4.200000000000001,-2.5999999999999996,-0.7999999999999989,0.3999999999999986,-12.0,-17.6,-8.837035931073842
1,-1.0,-0.0803571428571429,5.0,-2.8000000000000043,-8.600000000000009,0.013999999999999957,-2.0,-9.399999999999999,0.04279999999999995,4.800000000000001,2.0,0.10540000000000005,-3.4000000000000004,3.0,-0.3999999999999986,-1.1999999999999993,0.8000000000000007,0.20000000000000018,0.8000000000000007,-2.1999999999999993,-2.799999999999997,10.399999999999999,1.1387568327676547
1,1.0,-0.08823529411764708,-5.0,0.4000000000000057,5.200000000000003,-0.02300000000000002,2.8000000000000007,5.799999999999997,0.0116,-9.799999999999999,-10.0,-0.07900000000000007,5.199999999999999,2.6000000000000014,7.800000000000004,0.3999999999999986,-3.5999999999999996,0.6000000000000005,-1.0,1.1999999999999993,-6.200000000000003,-1.5999999999999996,0.1793490768252468
0,-3.0,-0.39999999999999997,10.0,4.600000000000001,10.799999999999997,-0.005799999999999972,5.199999999999999,9.0,0.05120000000000002,0.0,-1.5999999999999979,0.03579999999999983,1.200000000000001,0.3999999999999986,1.5999999999999943,8.599999999999998,-1.5999999999999996,1.4,2.1999999999999993,6.0,14.400000000000006,-12.399999999999999,1.341983397339959
1,1.0,0.3345588235294118,-10.0,0.3999999999999986,-3.8000000000000114,0.026599999999999957,-1.8000000000000007,-1.0,-0.034399999999999986,-4.600000000000001,-0.1999999999999993,-0.1542,1.4000000000000004,-0.6000000000000014,0.7999999999999972,2.0,-2.1999999999999993,1.7999999999999998,-0.1999999999999993,-2.3999999999999986,-5.6000000000000085,4.0,-0.14901270924386267
1,0.0,0.3382352941176471,-5.0,3.799999999999997,-6.799999999999997,0.07580000000000009,4.6,1.7999999999999972,0.09700000000000003,-4.800000000000001,-4.199999999999999,-0.08399999999999996,-4.800000000000001,0.40000000000000213,-4.399999999999999,7.0,2.1999999999999993,1.6000000000000005,1.8000000000000007,4.399999999999999,7.3999999999999915,12.8,9.462676034510935
0,1.0,-0.025000000000000022,5.0,-4.600000000000001,-8.799999999999997,-0.006800000000000028,-0.8000000000000007,1.4000000000000057,-0.031000000000000083,-2.8000000000000007,-4.399999999999999,0.03059999999999996,-0.5999999999999996,-0.6000000000000014,-1.2000000000000028,-6.0,0.0,0.0,-0.40000000000000036,-3.0,-12.799999999999997,-7.0,-1.1162547875431557
1,-1.0,-0.10833333333333328,0.0,0.8000000000000043,2.4000000000000057,-0.002599999999999991,-2.0,-5.199999999999996,0.0010000000000000564,4.799999999999999,5.400000000000002,0.012800000000000034,5.0,-4.200000000000003,0.7999999999999972,-6.200000000000003,4.0,-0.3999999999999999,2.0,6.600000000000001,4.3999999999999915,6.8,2.5216771209272792
1,0.0,0.4875,0.0,9.199999999999996,3.4000000000000057,0.08860000000000001,-2.799999999999999,-9.799999999999997,0.025000000000000022,0.0,1.4000000000000021,0.0043999999999999595,1.5999999999999996,1.8000000000000007,3.4000000000000057,5.0,3.0,-0.40000000000000036,2.4000000000000004,0.8000000000000007,15.600000000000009,14.4,10.287845413132345
1,0.0,0.5036764705882353,-5.0,1.5999999999999943,-11.799999999999997,0.07600000000000007,1.5999999999999996,-6.400000000000006,0.10620000000000002,-3.6000000000000014,-6.800000000000001,0.07179999999999997,-11.2,0.1999999999999993,-11.0,3.1999999999999993,4.4,1.4000000000000004,-3.200000000000001,-2.400000000000002,1.1999999999999886,29.6,8.28110931626152
0,-1.0,-0.4125,0.0,-4.599999999999994,-10.199999999999989,0.0010000000000000009,0.0,-3.799999999999997,0.039400000000000046,0.0,-1.8000000000000007,0.02739999999999998,-4.6,0.0,-4.600000000000001,0.8000000000000007,-0.7999999999999998,0.20000000000000018,0.8000000000000007,-4.0,-9.200000000000003,4.2,-3.192450961236588
0,1.0,-0.75,0.0,-9.200000000000003,0.20000000000000284,-0.10999999999999993,-1.4000000000000004,1.3999999999999986,-0.06480000000000002,8.399999999999999,7.600000000000001,0.10319999999999996,3.4000000000000004,-2.200000000000003,1.2000000000000028,-6.399999999999999,-4.199999999999999,-1.0,-0.20000000000000107,2.799999999999997,-11.399999999999991,-25.2,-11.005267179556313
0,1.0,0.05882352941176472,5.0,1.1999999999999957,-12.600000000000009,0.07380000000000003,4.399999999999999,-6.799999999999997,0.17200000000000004,-8.399999999999999,-10.2,-0.016599999999999837,-13.4,-0.1999999999999993,-13.600000000000001,3.1999999999999993,-0.1999999999999993,-1.6,-0.1999999999999993,-0.1999999999999993,-1.6000000000000085,0.1999999999999993,2.189763572300265
0,-2.0,-0.0672268907563025,-5.0,-0.6000000000000014,-5.400000000000006,0.023400000000000032,0.0,2.799999999999997,-0.030799999999999994,-0.40000000000000213,-1.1999999999999993,0.03259999999999985,-4.600000000000001,-1.4000000000000021,-6.0,-0.5999999999999979,2.200000000000001,-0.20000000000000018,3.5999999999999996,3.799999999999997,-1.5999999999999943,0.40000000000000036,-4.2353078661626995
1,0.0,0.03921568627450989,0.0,3.5999999999999943,1.4000000000000057,0.03420000000000001,-2.5999999999999996,-10.399999999999999,0.040200000000000014,5.199999999999999,4.199999999999999,0.08919999999999995,-0.8000000000000007,-4.399999999999999,-5.200000000000003,5.600000000000001,5.0,-2.2,-1.8000000000000007,-1.0,9.799999999999997,6.6000000000000005,7.08394971468779
0,0.0,-0.39705882352941174,0.0,-4.800000000000004,9.0,-0.10099999999999992,-1.6000000000000014,7.399999999999999,-0.11779999999999996,-3.8000000000000007,-3.0,-0.07679999999999987,5.399999999999999,2.3999999999999986,7.800000000000004,0.6000000000000014,1.3999999999999995,-0.20000000000000018,-1.8000000000000007,-2.6000000000000014,-15.0,-4.0,-15.358705891000056
1,0.0,-0.44485294117647056,-10.0,-4.199999999999996,-10.799999999999997,0.007800000000000029,-8.200000000000001,-18.799999999999997,-0.05059999999999998,0.3999999999999986,1.3999999999999986,0.0043999999999999595,1.799999999999999,-7.799999999999997,-6.0,-8.599999999999998,4.0,-3.5999999999999996,3.1999999999999993,-2.3999999999999986,-16.200000000000003,-5.6000000000000005,-6.301665684381788
1,2.0,0.1875,-10.0,-5.200000000000003,-5.599999999999994,-0.028000000000000025,1.0,2.5999999999999943,-0.0011999999999999234,-0.7999999999999972,-1.7999999999999972,0.03379999999999994,2.0,-2.6000000000000014,-0.5999999999999943,-5.400000000000002,0.7999999999999989,1.1999999999999997,-0.40000000000000213,-3.400000000000002,-10.200000000000003,9.6,0.029674993363741464
1,-1.0,-0.3897058823529412,0.0,-0.6000000000000014,-2.799999999999997,0.007200000000000095,-1.5999999999999996,-6.600000000000001,0.015599999999999947,-6.399999999999999,-8.600000000000001,-0.00880000000000003,-5.0,-3.3999999999999986,-8.399999999999999,2.0,-3.1999999999999993,-1.5999999999999996,-2.1999999999999993,-0.40000000000000213,-9.200000000000003,-22.8,-4.932176379507268
1,-1.0,0.369281045751634,-5.0,6.200000000000003,10.0,0.019399999999999973,0.5999999999999996,-0.6000000000000014,0.02100000000000002,0.6000000000000014,0.3999999999999986,-0.0015999999999999348,2.8000000000000007,1.3999999999999986,4.199999999999996,7.599999999999998,1.2000000000000002,-2.8,-4.200000000000001,-2.0,13.600000000000009,15.600000000000001,9.688275273942253
1,0.0,0.45588235294117646,0.0,1.8000000000000043,-3.8000000000000114,0.041800000000000004,-2.4000000000000004,-1.3999999999999986,-0.04760000000000003,1.6000000000000014,5.600000000000001,-0.10119999999999996,-1.0,2.3999999999999986,1.3999999999999986,2.0,3.999999999999999,-1.2000000000000002,3.0,-1.3999999999999986,2.8000000000000114,11.6,-0.6112699522680458
0,0.0,0.00694444444444442,0.0,-3.0,0.20000000000000284,-0.03520000000000001,0.7999999999999989,5.400000000000006,-0.029000000000000026,-6.400000000000002,-6.599999999999998,-0.029400000000000093,0.8000000000000007,3.200000000000003,4.0,-3.0,-0.40000000000000036,1.3999999999999995,3.8000000000000007,-1.1999999999999993,-11.599999999999994,-10.4,-11.742197339775984
1,1.0,-0.5486111111111112,0.0,-3.6000000000000014,1.2000000000000028,-0.04799999999999993,-1.5999999999999996,-4.0,-0.0020000000000000018,2.1999999999999993,2.0,0.034800000000000164,0.6000000000000014,1.4000000000000021,2.0,-5.199999999999999,-0.39999999999999947,-0.7999999999999998,1.200000000000001,2.0,-6.599999999999994,-18.6,-9.433612840518506
0,-1.0,-0.24305555555555558,0.0,-2.0,7.199999999999989,-0.055600000000000094,-0.5999999999999996,5.200000000000003,-0.05519999999999997,2.400000000000002,4.800000000000001,-0.06119999999999981,8.4,-2.8000000000000043,5.600000000000001,-3.1999999999999993,0.39999999999999947,1.3999999999999995,3.0,0.8000000000000007,-2.200000000000003,-10.2,-6.003777742568701
0,1.0,-0.3897058823529412,0.0,-4.600000000000001,0.6000000000000085,-0.053599999999999925,-0.5999999999999996,0.7999999999999972,-0.016400000000000026,-0.6000000000000014,-5.0,0.12959999999999994,0.5999999999999996,-2.1999999999999993,-1.6000000000000014,-3.6000000000000014,-0.40000000000000036,-1.7999999999999998,2.3999999999999986,-6.999999999999998,-10.400000000000006,-10.200000000000001,-10.554134492515985
1,1.0,0.35620915032679734,-5.0,3.799999999999997,-6.0,0.07540000000000002,2.799999999999999,-3.799999999999997,0.1194,-3.0,-5.199999999999999,0.032600000000000184,-4.0,-2.6000000000000014,-6.600000000000001,6.0,-1.5999999999999996,2.0,-0.40000000000000036,-4.399999999999999,7.3999999999999915,17.0,12.106262097226704
0,0.0,-0.2070175438596491,-5.0,-2.6000000000000014,-4.6000000000000085,-0.0038000000000000256,5.0,16.000000000000004,-0.029199999999999948,-0.6000000000000014,0.0,-0.029400000000000093,-3.5999999999999996,0.6000000000000014,-3.0,6.399999999999999,1.5999999999999996,0.20000000000000018,4.0,-2.0,-0.7999999999999972,-9.6,-4.147889749115535
1,1.0,-0.3529411764705882,0.0,0.6000000000000014,6.0,-0.029400000000000093,4.199999999999999,7.399999999999999,0.03299999999999992,-6.199999999999999,-8.400000000000002,0.009200000000000097,4.0,2.400000000000002,6.399999999999999,-1.1999999999999993,-3.8,-0.20000000000000018,-4.4,1.1999999999999993,-0.8000000000000114,0.8000000000000007,6.735492046559926
1,0.0,0.2222222222222222,-5.0,4.800000000000004,10.799999999999997,-0.0006000000000000449,-4.4,-4.800000000000004,-0.07879999999999998,8.2,11.0,-0.00660000000000005,6.3999999999999995,7.0,13.400000000000006,4.200000000000003,0.5999999999999996,1.0,-2.1999999999999993,-2.1999999999999993,13.400000000000006,27.2,5.386149890428669
0,0.0,-0.16666666666666666,0.0,2.6000000000000014,-2.200000000000003,0.03860000000000002,-3.0,-10.400000000000002,0.011799999999999922,3.400000000000002,4.399999999999999,0.030399999999999983,-1.4000000000000004,-4.800000000000001,-6.200000000000003,-6.399999999999999,3.4000000000000004,0.5999999999999996,3.6000000000000014,4.600000000000001,5.599999999999994,-10.0,0.005538485254291459
1,0.0,0.6045751633986928,0.0,5.200000000000003,0.5999999999999943,0.057600000000000096,-0.8000000000000007,-6.399999999999999,0.05620000000000014,-4.800000000000001,-5.800000000000001,-0.029199999999999893,-1.4000000000000004,2.6000000000000014,1.2000000000000028,6.399999999999999,2.8,-1.6,-1.4000000000000004,-5.199999999999999,4.799999999999997,20.4,6.763273616506311
0,0.0,-0.33333333333333337,5.0,-0.5999999999999943,-2.3999999999999915,0.006799999999999917,-3.4000000000000004,-5.200000000000003,-0.053800000000000014,1.3999999999999986,1.1999999999999993,0.011200000000000099,-6.4,2.400000000000002,-4.0,3.8000000000000007,-3.1999999999999993,-1.0,-4.800000000000001,-4.200000000000003,-3.200000000000003,-12.2,-2.472423598351682
1,-1.0,0.5015479876160991,0.0,7.600000000000001,-4.800000000000011,0.11300000000000004,-1.5999999999999996,-5.399999999999999,0.01479999999999998,5.800000000000001,6.199999999999999,0.01639999999999997,-1.5999999999999996,-1.3999999999999986,-3.0,5.400000000000002,3.3999999999999995,-2.8000000000000003,-1.4000000000000004,-1.7999999999999972,19.400000000000006,20.799999999999997,20.969922604409945
0,1.0,-0.3529411764705882,-5.0,-3.3999999999999986,-8.599999999999994,0.007199999999999984,0.8000000000000007,1.3999999999999986,0.009599999999999942,3.0,5.399999999999999,-0.06779999999999986,-2.0,-1.1999999999999993,-3.1999999999999957,0.0,-1.9999999999999991,-1.0,-1.5999999999999996,-1.0,-3.0,8.600000000000001,3.1359346544900006
1,-1.0,-0.05263157894736836,0.0,3.4000000000000057,5.400000000000006,0.009199999999999986,1.4000000000000004,-0.19999999999999574,0.035599999999999965,-4.599999999999998,-6.800000000000001,-0.009599999999999942,2.1999999999999993,-5.599999999999998,-3.3999999999999986,5.199999999999999,-1.0,0.5999999999999996,0.0,3.200000000000003,3.5999999999999943,-6.6,3.568739099972319
1,0.0,0.3157894736842105,0.0,2.8000000000000043,-4.800000000000011,0.059799999999999964,0.5999999999999996,-1.8000000000000043,0.024400000000000033,6.199999999999999,6.199999999999999,0.06540000000000001,-6.4,1.8000000000000007,-4.600000000000001,5.600000000000001,-2.4000000000000004,2.0,-3.8000000000000007,-1.6000000000000014,12.399999999999991,16.200000000000003,11.74639472062971
0,1.0,-0.09064327485380114,-5.0,-5.599999999999994,-11.599999999999994,-0.0019999999999999463,-0.8000000000000007,-5.800000000000004,0.027600000000000013,7.0,6.399999999999999,0.09260000000000013,-5.800000000000001,-6.200000000000003,-12.0,-10.799999999999997,-0.6000000000000005,-1.7999999999999998,2.1999999999999993,5.200000000000001,-5.0,-15.8,-3.394991169102738
0,2.0,0.05882352941176461,0.0,2.6000000000000014,-0.7999999999999972,0.035200000000000065,0.8000000000000007,-2.1999999999999957,0.04239999999999994,-0.8000000000000007,-0.8000000000000007,-0.01419999999999999,0.1999999999999993,-3.799999999999997,-3.5999999999999943,3.0,-3.0,-0.40000000000000036,1.4000000000000004,1.8000000000000007,5.200000000000003,-4.800000000000001,5.437800393965304
1,-1.0,-0.006535947712418305,0.0,-3.8000000000000043,-4.199999999999989,-0.021600000000000008,-2.5999999999999996,-2.200000000000003,-0.053600000000000037,6.800000000000001,9.399999999999999,-0.018000000000000016,1.0,0.1999999999999993,1.1999999999999957,-3.3999999999999986,-0.6000000000000014,1.0,1.1999999999999993,0.8000000000000007,-3.4000000000000057,4.3999999999999995,-3.4610287199621155
1,-2.0,-0.30718954248366015,0.0,-4.200000000000003,-4.0,-0.0262,-4.600000000000001,-6.199999999999996,-0.054800000000000015,1.5999999999999979,-0.20000000000000284,0.0868000000000001,3.1999999999999993,-4.200000000000003,-1.0,-7.200000000000003,0.6000000000000005,-3.1999999999999997,0.5999999999999996,-4.799999999999997,-11.400000000000006,-2.5999999999999996,-3.8464089048783734
1,2.0,0.03095975232198145,5.0,3.3999999999999986,7.0,0.0030000000000000027,4.6,11.400000000000002,0.026800000000000046,2.8000000000000007,4.0,-0.01519999999999988,2.1999999999999993,0.40000000000000213,2.6000000000000014,5.399999999999999,1.4000000000000004,0.3999999999999999,2.0000000000000018,3.200000000000003,14.200000000000003,-1.0,4.223834723336921
1,0.0,0.22600619195046445,-5.0,3.3999999999999986,-1.5999999999999943,0.04759999999999992,-3.799999999999999,-3.799999999999997,-0.05199999999999999,6.399999999999999,9.4,-0.00040000000000006697,3.5999999999999996,0.3999999999999986,4.0,-1.2000000000000028,-0.5999999999999996,3.0,-1.4000000000000004,3.0,9.399999999999991,15.600000000000001,12.011096364233367
0,-1.0,0.2543859649122807,0.0,-3.0,-7.799999999999997,0.013999999999999901,-2.5999999999999996,-2.8000000000000043,-0.03939999999999999,-0.1999999999999993,3.1999999999999993,-0.10099999999999998,-1.799999999999999,0.6000000000000014,-1.2000000000000028,-5.400000000000002,0.0,2.4,3.3999999999999986,1.1999999999999993,-8.799999999999983,-8.4,-7.094898805951473
0,0.0,0.01315789473684209,0.0,1.3999999999999986,-3.799999999999997,0.03500000000000003,-0.8000000000000007,-3.3999999999999986,0.0038000000000000256,1.2000000000000028,0.8000000000000007,0.013599999999999834,-2.5999999999999996,-4.400000000000002,-7.0,-1.1999999999999993,1.1999999999999993,-3.0000000000000004,0.1999999999999993,-1.8000000000000007,3.200000000000003,-6.2,4.052223656048227
1,-2.0,-0.47368421052631576,0.0,-1.8000000000000043,5.799999999999997,-0.05059999999999998,2.1999999999999993,12.8,-0.06020000000000003,-2.3999999999999986,-4.199999999999999,0.05020000000000002,2.3999999999999986,-2.400000000000002,0.0,-4.800000000000001,-5.4,0.7999999999999998,0.5999999999999996,-1.1999999999999993,-3.8000000000000114,-22.0,-5.979859783982889
0,2.0,-0.10526315789473684,0.0,1.0,10.199999999999989,-0.04720000000000002,-0.8000000000000007,3.6000000000000014,-0.07379999999999998,-1.5999999999999979,-1.5999999999999979,-0.0041999999999999815,2.5999999999999996,5.800000000000004,8.399999999999999,5.199999999999999,1.0,-0.5999999999999996,-3.6000000000000014,-4.600000000000001,-0.3999999999999915,9.4,-4.387562868975721
1,0.0,0.0,5.0,-3.6000000000000014,2.200000000000003,-0.05339999999999995,-2.3999999999999986,1.3999999999999986,-0.07059999999999994,4.800000000000001,9.2,-0.06019999999999992,2.200000000000001,2.200000000000003,4.399999999999999,-1.8000000000000007,4.6000000000000005,-1.0,4.799999999999999,-0.6000000000000014,-4.799999999999997,0.0,-14.759443488760283
0,0.0,-0.12222222222222223,0.0,-5.200000000000003,1.6000000000000085,-0.06899999999999995,-0.8000000000000007,2.6000000000000014,-0.0378,-3.3999999999999986,-2.599999999999998,-0.06820000000000004,2.0,1.5999999999999979,3.6000000000000014,-8.399999999999999,5.199999999999999,0.40000000000000036,2.599999999999998,1.1999999999999993,-14.600000000000009,-3.2,-15.68702820452927
1,0.0,-0.34210526315789475,0.0,-1.7999999999999972,-8.0,0.02000000000000013,-1.799999999999999,-9.799999999999997,0.04980000000000001,-0.3999999999999986,-1.0,0.023199999999999887,-1.5999999999999996,1.8000000000000043,0.19999999999999574,-4.400000000000002,2.0,0.39999999999999947,0.7999999999999989,0.40000000000000213,-5.799999999999997,15.600000000000001,0.7163520896182405
1,0.0,0.34210526315789475,-5.0,-5.0,-7.199999999999989,-0.015199999999999991,4.0,11.0,0.022200000000000053,-1.1999999999999993,-2.8000000000000007,0.009399999999999853,-0.7999999999999989,0.3999999999999986,-0.3999999999999986,1.0,-0.5999999999999996,-1.3999999999999995,1.799999999999999,0.6000000000000014,-7.200000000000003,1.1999999999999997,-0.2784764655865928
1,0.0,0.23333333333333336,5.0,5.0,3.3999999999999915,0.04260000000000003,2.6000000000000014,0.5999999999999943,0.053600000000000037,-8.399999999999999,-10.200000000000003,-0.01979999999999993,-4.6,3.1999999999999993,-1.3999999999999986,3.3999999999999986,1.799999999999999,-0.40000000000000036,-0.40000000000000036,3.1999999999999993,4.200000000000003,-1.0,1.147859365403903
1,1.0,-0.033333333333333326,-5.0,1.3999999999999986,-2.799999999999997,0.030399999999999983,2.200000000000001,4.800000000000001,0.02639999999999998,-1.6000000000000014,-0.3999999999999986,-0.02399999999999991,-0.40000000000000036,-3.200000000000003,-3.6000000000000014,-2.3999999999999986,-1.4000000000000004,2.0,-1.4000000000000004,2.6000000000000014,3.3999999999999915,-1.1999999999999993,7.8422315873625195
0,2.0,-0.5289473684210526,0.0,-4.799999999999997,6.0,-0.08560000000000001,-0.5999999999999996,8.800000000000004,-0.0948,-0.8000000000000007,2.200000000000003,-0.0905999999999999,10.999999999999998,1.2000000000000028,12.199999999999996,-3.1999999999999993,-2.5999999999999996,0.6000000000000005,5.000000000000002,-1.7999999999999972,-11.0,-22.0,-11.581294576602957
1,1.0,0.6277777777777778,-5.0,1.8000000000000043,-11.200000000000003,0.08839999999999992,2.1999999999999993,0.6000000000000014,0.07640000000000002,4.400000000000002,3.599999999999998,0.03499999999999992,-4.4,-1.6000000000000014,-6.0,1.8000000000000007,-1.5999999999999996,-1.8000000000000003,0.20000000000000107,0.8000000000000007,10.200000000000003,17.4,16.45317731664177
0,-2.0,-0.4166666666666667,-5.0,1.7999999999999972,-3.799999999999997,0.037400000000000044,2.1999999999999993,9.799999999999997,-0.0398,0.40000000000000213,0.20000000000000284,0.014000000000000012,-6.6,0.0,-6.600000000000001,8.2,0.6000000000000014,0.20000000000000018,3.3999999999999986,0.7999999999999972,6.200000000000003,-18.6,-0.8122600565907874
0,1.0,0.0736842105263158,0.0,-2.200000000000003,0.5999999999999943,-0.029400000000000037,-1.5999999999999996,1.6000000000000014,-0.05179999999999996,1.5999999999999996,2.1999999999999993,0.044399999999999995,-1.4000000000000004,1.3999999999999986,0.0,1.1999999999999993,0.20000000000000018,-0.5999999999999996,1.4000000000000004,-5.200000000000003,-4.3999999999999915,-3.1999999999999997,-9.698685761175753
0,0.0,-0.0444444444444444,5.0,-4.0,-0.3999999999999915,-0.04239999999999999,-2.6000000000000014,-1.7999999999999972,-0.04980000000000001,5.199999999999999,3.0,0.1502,2.6000000000000014,1.1999999999999993,3.799999999999997,-5.400000000000002,2.3999999999999995,0.6000000000000005,3.6000000000000014,-0.40000000000000213,-5.400000000000006,-7.6,-7.378540771629062
0,0.0,-0.15000000000000002,0.0,-2.200000000000003,-3.799999999999997,-0.0024000000000001243,-5.0,-11.399999999999999,-0.032799999999999996,1.6000000000000014,1.4000000000000021,0.007799999999999918,-5.199999999999999,-4.600000000000001,-9.799999999999997,-6.600000000000001,0.7999999999999998,-0.7999999999999998,0.20000000000000107,4.0,-7.799999999999997,-19.8,-9.697849267914464
1,-1.0,-0.14327485380116955,5.0,-2.799999999999997,-2.0,-0.020400000000000085,1.0,2.1999999999999957,0.006999999999999951,-2.0,2.0,-0.10920000000000007,1.0,-1.0,0.0,0.40000000000000213,-0.3999999999999986,-0.20000000000000018,4.4,2.0,-6.6000000000000085,-5.0,-8.47986270849161
1,0.0,0.4,0.0,4.0,9.0,-0.0034000000000000696,-1.0,-1.0,-0.011800000000000033,2.200000000000003,6.199999999999999,-0.10339999999999994,4.800000000000001,6.0,10.799999999999997,5.400000000000002,2.000000000000001,1.8000000000000003,-0.7999999999999989,-3.0,9.200000000000003,15.2,1.5852890951858853
1,1.0,0.18095238095238098,-10.0,-1.2000000000000028,-7.799999999999997,0.03059999999999996,-3.200000000000001,-12.600000000000001,0.04720000000000002,5.400000000000002,6.599999999999998,0.008599999999999941,1.3999999999999986,-0.20000000000000284,1.2000000000000028,-7.800000000000001,0.7999999999999989,-0.20000000000000018,3.4000000000000004,3.0,-0.19999999999998863,-0.20000000000000018,2.553375411737605
0,-1.0,0.21804511278195493,0.0,5.200000000000003,-5.599999999999994,0.0938,-0.5999999999999996,-5.600000000000001,0.04179999999999995,10.000000000000002,10.600000000000001,0.07839999999999991,-4.0,2.400000000000002,-1.6000000000000014,6.0,-3.5999999999999996,0.39999999999999947,-1.0,-1.8000000000000007,19.799999999999997,15.6,17.582582774873316
1,1.0,0.12631578947368421,0.0,5.200000000000003,4.200000000000003,0.03440000000000004,-0.1999999999999993,-7.600000000000001,0.06140000000000001,4.199999999999999,2.400000000000002,0.10060000000000002,4.6,-3.200000000000003,1.3999999999999986,1.8000000000000007,3.5999999999999996,-0.7999999999999998,-2.0,2.0,14.400000000000006,26.4,15.331260073594422
1,0.0,-0.4489164086687306,0.0,-0.7999999999999972,-2.0,-0.000200000000000089,0.8000000000000007,5.0,-0.032399999999999984,-0.3999999999999986,-1.1999999999999993,0.026599999999999957,-5.6,1.0,-4.600000000000001,5.800000000000001,-2.3999999999999995,0.0,3.0,0.3999999999999986,-1.2000000000000028,-26.2,-7.700473425772415
0,1.0,-0.3714285714285714,0.0,-2.200000000000003,-4.6000000000000085,-0.0012000000000000344,-4.0,-8.599999999999994,-0.022799999999999987,1.5999999999999979,2.799999999999997,-0.045399999999999996,-4.199999999999999,2.0,-2.200000000000003,-4.399999999999999,0.5999999999999996,2.5999999999999996,0.40000000000000036,1.1999999999999993,-6.800000000000011,2.2,-8.015583351439972
1,1.0,-0.31746031746031744,0.0,1.0,3.5999999999999943,-0.011199999999999988,-2.5999999999999996,-4.600000000000001,-0.02080000000000004,2.5999999999999996,3.1999999999999993,0.009399999999999964,1.799999999999999,-0.5999999999999979,1.2000000000000028,-1.0,-0.8000000000000007,2.0,1.4000000000000004,1.0,2.0,-7.199999999999999,-3.5351154199144474
0,0.0,0.45112781954887216,0.0,5.200000000000003,-5.3999999999999915,0.08899999999999997,4.0,-0.7999999999999972,0.10659999999999997,1.0,1.3999999999999986,-0.0129999999999999,1.0,-2.6000000000000014,-1.5999999999999943,6.0,-4.6000000000000005,-1.2000000000000002,2.0,-0.5999999999999979,15.400000000000006,7.199999999999999,19.85105539434933
1,0.0,-0.14210526315789473,-5.0,-3.799999999999997,-8.0,-0.0008000000000000229,1.0,-1.3999999999999986,0.04139999999999999,-2.1999999999999993,0.0,-0.10399999999999998,-0.1999999999999993,-0.6000000000000014,-0.8000000000000043,0.0,-1.2000000000000002,0.1999999999999993,2.799999999999999,-1.1999999999999993,-8.799999999999997,-2.4000000000000004,-3.478776639576168
1,0.0,-0.13421052631578945,0.0,-0.3999999999999986,1.4000000000000057,-0.012799999999999978,1.5999999999999996,4.0,-0.007999999999999952,-1.8000000000000007,-1.0,-0.060800000000000076,-0.5999999999999996,-1.6000000000000014,-2.200000000000003,-2.8000000000000007,-0.20000000000000107,1.6000000000000005,-2.0,0.8000000000000007,-1.0,-11.6,-0.36513242548977587
1,0.0,0.2666666666666666,5.0,3.0,3.200000000000003,0.01699999999999996,-4.199999999999999,-12.399999999999999,-0.006000000000000005,-6.399999999999999,-9.0,-0.00019999999999997797,-3.0,-0.8000000000000043,-3.799999999999997,4.199999999999999,1.8000000000000007,-2.6,-2.799999999999999,-1.6000000000000014,-4.599999999999994,5.2,-4.071839462412683
1,1.0,0.3684210526315789,15.0,-1.0,3.5999999999999943,-0.027000000000000024,-1.0,3.3999999999999986,-0.0504,6.0,4.0,0.12880000000000003,0.20000000000000107,4.0,4.199999999999996,-0.3999999999999986,0.6000000000000014,1.0,1.4000000000000004,1.1999999999999993,3.0,0.8000000000000007,-3.5790351333482704
1,0.0,0.25563909774436094,-5.0,-1.0,-1.7999999999999972,-0.0007999999999999674,-0.8000000000000007,0.6000000000000014,-0.03160000000000002,8.000000000000002,8.600000000000001,0.03200000000000003,-2.0,-5.399999999999999,-7.399999999999999,-6.800000000000001,3.3999999999999995,-2.0,-4.0,0.5999999999999979,5.199999999999989,-2.1999999999999997,5.002085849388777
0,1.0,-0.4285714285714285,0.0,-4.399999999999999,6.400000000000006,-0.08480000000000004,0.5999999999999996,14.799999999999997,-0.11259999999999998,-5.399999999999999,-7.399999999999999,0.014000000000000012,8.2,-0.5999999999999943,7.600000000000001,-0.3999999999999986,-0.40000000000000036,-1.0,2.799999999999999,-1.3999999999999986,-13.599999999999994,-15.200000000000001,-10.810940662208736
0,0.0,-0.45714285714285713,0.0,2.8000000000000043,6.6000000000000085,-0.007199999999999984,-4.0,-7.600000000000001,-0.03360000000000002,0.8000000000000007,-0.3999999999999986,0.04579999999999995,2.0,2.799999999999997,4.800000000000004,-1.6000000000000014,0.5999999999999996,1.1999999999999997,-2.799999999999999,-0.8000000000000007,2.4000000000000057,-6.3999999999999995,-0.3430538235097629
1,0.0,-0.4004329004329004,0.0,-0.7999999999999972,-4.0,0.01699999999999996,6.999999999999998,11.2,0.08239999999999992,-10.399999999999999,-11.2,-0.08539999999999992,-7.0,-3.8000000000000007,-10.800000000000004,4.799999999999997,0.40000000000000036,-3.0,-5.000000000000002,-2.3999999999999986,-5.0,-2.6,3.1425142686298813
0,0.0,0.35281385281385286,10.0,5.0,8.799999999999997,0.008799999999999919,4.399999999999999,9.799999999999997,0.0348,-7.800000000000001,-5.399999999999999,-0.14500000000000013,1.1999999999999993,1.0,2.200000000000003,9.999999999999996,1.3999999999999995,1.6,0.8000000000000007,1.1999999999999993,6.6000000000000085,11.2,-0.04926151379579835
0,0.0,-0.5095238095238095,0.0,-5.200000000000003,-4.599999999999994,-0.03699999999999998,-5.199999999999999,-5.0,-0.08379999999999999,-0.8000000000000007,2.400000000000002,-0.11940000000000006,-4.3999999999999995,1.9999999999999964,-2.3999999999999986,-9.600000000000001,4.4,2.8,1.0,2.599999999999998,-16.400000000000006,0.3999999999999999,-18.633258137720873
1,-1.0,0.48412698412698413,-5.0,-1.2000000000000028,-0.7999999999999972,-0.00720000000000004,2.4000000000000004,5.0000000000000036,0.028600000000000014,2.0,4.0,-0.04920000000000002,7.0,-1.8000000000000007,5.200000000000003,-0.5999999999999979,-0.20000000000000107,0.0,3.1999999999999993,0.8000000000000007,2.0,12.399999999999999,4.833468035147959
0,0.0,0.25,0.0,6.599999999999994,6.799999999999997,0.0408,-0.40000000000000036,-1.7999999999999972,0.003200000000000036,-0.6000000000000014,0.1999999999999993,-0.03399999999999992,-1.3999999999999986,5.399999999999999,4.0,4.199999999999999,0.40000000000000036,-0.7999999999999998,-1.1999999999999993,0.3999999999999986,12.199999999999989,2.5999999999999996,4.256692292187452
0,1.0,0.20995670995671,0.0,7.0,6.200000000000003,0.044600000000000084,2.3999999999999986,1.7999999999999972,0.04299999999999998,-7.0,-11.600000000000001,0.08419999999999983,-0.20000000000000107,-2.1999999999999993,-2.3999999999999986,6.199999999999999,2.000000000000001,-2.1999999999999993,-2.8000000000000007,0.3999999999999986,9.400000000000006,10.0,10.687331331937813
1,0.0,-0.34848484848484845,0.0,-3.200000000000003,-0.20000000000000284,-0.03260000000000002,0.1999999999999993,1.6000000000000014,0.011400000000000077,-4.200000000000001,-6.199999999999999,0.02199999999999991,-2.4000000000000004,-4.800000000000001,-7.200000000000003,-4.199999999999999,-0.7999999999999998,-1.0,-3.3999999999999986,2.599999999999998,-10.399999999999991,-7.4,-5.383797245283404
1,-1.0,0.3642857142857143,-5.0,4.600000000000001,-1.0,0.05759999999999993,2.0,-4.0,0.09579999999999994,-3.599999999999998,-3.3999999999999986,-0.04679999999999995,3.799999999999999,-0.40000000000000213,3.3999999999999986,3.1999999999999993,2.4000000000000004,-2.0000000000000004,-1.6000000000000014,2.0,7.599999999999994,19.2,16.494672439240986
0,1.0,-0.08095238095238089,0.0,5.600000000000001,4.6000000000000085,0.0378,-1.6000000000000014,-2.6000000000000014,-0.019799999999999984,0.1999999999999993,1.1999999999999993,-0.029200000000000004,1.1999999999999993,-0.8000000000000007,0.3999999999999986,5.800000000000001,0.40000000000000036,1.0,2.3999999999999986,0.1999999999999993,9.799999999999997,10.200000000000001,2.698421923816369
0,-1.0,-0.06818181818181823,5.0,-1.6000000000000014,8.200000000000003,-0.06600000000000006,-4.600000000000001,-3.6000000000000014,-0.10820000000000002,-8.2,-6.600000000000001,-0.1412000000000001,4.8,1.6000000000000014,6.399999999999999,3.3999999999999986,3.4000000000000004,-1.0000000000000004,2.0,3.0,-16.0,-7.4,-19.020161176995998
0,0.0,-0.4826839826839827,0.0,3.200000000000003,4.3999999999999915,0.009800000000000086,-4.800000000000001,-11.600000000000001,0.007800000000000029,2.400000000000002,2.6000000000000014,0.01760000000000006,1.4000000000000004,1.3999999999999986,2.799999999999997,-2.8000000000000007,2.5999999999999996,0.20000000000000018,-1.200000000000001,0.0,4.0,-6.0,0.0971546328286621
1,0.0,0.050000000000000044,10.0,1.8000000000000043,3.5999999999999943,0.0034000000000000696,-3.4000000000000004,-8.0,-0.014600000000000002,3.1999999999999993,3.3999999999999986,0.019999999999999907,-1.6000000000000014,2.3999999999999986,0.8000000000000043,-3.1999999999999993,1.8000000000000007,2.6000000000000005,2.200000000000001,0.0,3.4000000000000057,-6.6,-5.70209430915493
0,-2.0,-0.1119047619047619,0.0,-5.800000000000004,-7.0,-0.02899999999999997,3.8000000000000007,7.799999999999997,0.029200000000000004,-3.0,-3.8000000000000007,-0.014000000000000012,-1.4000000000000004,-3.1999999999999957,-4.599999999999994,-6.0,-0.20000000000000018,0.0,1.8000000000000007,-4.599999999999998,-10.799999999999997,2.2,-4.756003568579189
0,0.0,-0.4214285714285714,0.0,-2.3999999999999986,3.0,-0.04500000000000004,-2.799999999999999,-4.799999999999997,-0.0338,-0.5999999999999979,1.8000000000000007,-0.0816,0.5999999999999996,3.1999999999999993,3.799999999999997,3.8000000000000007,0.40000000000000036,1.0,2.4000000000000004,-3.0,-8.200000000000003,-9.4,-15.381005612232158
1,0.0,-0.14906832298136652,0.0,-0.7999999999999972,1.1999999999999886,-0.01799999999999996,2.1999999999999993,9.200000000000003,-0.014200000000000101,-5.400000000000002,-6.399999999999999,0.009800000000000031,0.0,0.8000000000000007,0.8000000000000043,4.400000000000002,-0.20000000000000107,1.0,1.0,-0.3999999999999986,-4.799999999999997,-5.6,-4.0218815375595796
1,0.0,0.3636363636363636,0.0,3.799999999999997,5.6000000000000085,0.013599999999999945,-4.0,-8.599999999999998,-0.02859999999999996,-4.200000000000003,-6.600000000000001,0.03159999999999996,3.8000000000000007,-1.0,2.799999999999997,-0.5999999999999979,2.4000000000000004,-0.1999999999999993,4.0,0.0,-0.6000000000000085,-1.2,-3.957051090126285
1,1.0,0.1363636363636364,5.0,4.0,3.799999999999997,0.02260000000000001,3.4000000000000004,2.9999999999999964,0.07100000000000001,-7.200000000000001,-6.800000000000001,-0.06159999999999988,2.6000000000000014,3.3999999999999986,6.0,6.199999999999999,-3.4000000000000004,2.8000000000000003,1.5999999999999996,2.200000000000003,4.200000000000003,4.2,4.046188586749892
1,0.0,-0.17099567099567092,0.0,0.8000000000000043,6.400000000000006,-0.030999999999999917,2.200000000000001,9.400000000000006,-0.04540000000000005,-5.799999999999997,-5.799999999999997,-0.0514,3.8000000000000007,0.6000000000000014,4.399999999999999,-1.1999999999999993,4.6,0.7999999999999998,-1.0,3.8000000000000007,-2.0,5.4,-1.1100992409030965
1,1.0,0.6067193675889329,0.0,-1.2000000000000028,-8.599999999999994,0.03499999999999992,-1.4000000000000004,-3.799999999999997,-0.013400000000000023,8.000000000000002,10.8,-0.023399999999999976,-3.5999999999999996,2.8000000000000043,-0.7999999999999972,-1.6000000000000014,0.0,1.1999999999999993,0.1999999999999993,3.3999999999999986,4.200000000000003,9.8,4.030284656553022
1,0.0,-0.045454545454545414,0.0,2.6000000000000014,3.4000000000000057,0.010200000000000042,-2.4000000000000004,-2.6000000000000014,-0.0378,2.6000000000000014,4.599999999999998,-0.0603999999999999,2.0,-2.0,0.0,-1.4000000000000021,0.7999999999999989,-0.6000000000000005,-1.4000000000000004,2.599999999999998,5.400000000000006,5.3999999999999995,3.2855197476472284
1,-2.0,0.14593301435406691,0.0,1.7999999999999972,3.0,0.008000000000000007,-4.6,-10.599999999999998,-0.0262,7.600000000000001,8.400000000000002,0.08940000000000003,5.4,4.599999999999998,10.0,3.3999999999999986,-1.4000000000000004,2.8,-0.5999999999999996,-0.5999999999999979,6.599999999999994,17.4,5.698203237815477
0,-1.0,0.37944664031620556,0.0,2.8000000000000043,1.2000000000000028,0.02520000000000011,-2.4000000000000004,-8.400000000000002,-0.0010000000000000564,-4.400000000000002,-2.599999999999998,-0.11459999999999992,3.4000000000000004,0.1999999999999993,3.5999999999999943,7.800000000000001,2.5999999999999996,-1.6000000000000005,1.8000000000000007,4.200000000000003,-1.2000000000000028,3.0,0.45604925075777203
1,1.0,0.2857142857142857,0.0,0.3999999999999986,-1.2000000000000028,0.010799999999999976,2.6000000000000014,3.6000000000000014,0.032799999999999996,-4.0,-5.400000000000002,-0.0038000000000000256,2.1999999999999993,-1.1999999999999993,1.0,-5.0,1.5999999999999996,-0.6000000000000001,-0.5999999999999996,-4.200000000000003,-0.6000000000000085,16.6,6.927359674609221
0,0.0,-0.14906832298136652,10.0,-4.599999999999994,4.799999999999997,-0.08139999999999997,-3.200000000000001,5.0,-0.13899999999999996,-2.0,-0.1999999999999993,-0.08579999999999988,-1.4000000000000004,0.7999999999999972,-0.6000000000000014,-0.6000000000000014,5.200000000000001,-0.1999999999999993,3.9999999999999982,0.8000000000000007,-14.400000000000006,-11.6,-25.74130217444109
0,0.0,0.24675324675324672,0.0,0.6000000000000014,3.799999999999997,-0.013000000000000012,1.0,4.199999999999996,-0.026000000000000023,0.6000000000000014,0.3999999999999986,0.0023999999999999577,0.1999999999999993,-1.0,-0.8000000000000043,4.0,1.0,-4.800000000000001,1.0,-1.6000000000000014,2.799999999999997,-7.800000000000001,-2.582165734321663
0,1.0,-0.13664596273291924,-10.0,-0.8000000000000043,-9.200000000000003,0.042799999999999894,4.999999999999998,4.199999999999996,0.0902,-4.400000000000002,-2.599999999999998,-0.10860000000000003,-1.8000000000000007,-2.8000000000000043,-4.600000000000001,3.6000000000000014,-2.5999999999999996,-2.6,-1.0,-2.0,-1.0,4.6,9.444234836103107
0,-1.0,0.10507246376811596,0.0,4.200000000000003,0.8000000000000114,0.04399999999999993,-0.1999999999999993,-3.4000000000000057,0.02300000000000002,4.799999999999999,6.0,0.0041999999999999815,0.40000000000000036,0.0,0.3999999999999986,-1.0,0.20000000000000107,2.0,-0.5999999999999996,1.6000000000000014,13.0,0.0,10.399693319171917
0,1.0,-0.3988095238095238,-10.0,-2.6000000000000014,-4.3999999999999915,-0.00660000000000005,-4.0,-8.0,-0.033999999999999975,0.1999999999999993,2.0,-0.07380000000000009,2.8000000000000007,-3.6000000000000014,-0.8000000000000043,-6.600000000000001,-3.0,3.1999999999999997,-1.799999999999999,-1.8000000000000007,-9.0,-13.0,-0.12761964093894562
1,1.0,0.37549407114624506,5.0,4.0,2.4000000000000057,0.03139999999999993,7.6,8.600000000000001,0.12119999999999997,-1.5999999999999979,0.8000000000000007,-0.07820000000000005,1.0,-4.0,-3.0,6.399999999999999,-5.000000000000001,1.1999999999999997,0.0,3.1999999999999993,14.0,7.4,11.44835574491735
0,-2.0,0.3814229249011858,-5.0,1.6000000000000014,-3.200000000000003,0.034000000000000086,3.799999999999999,3.3999999999999986,0.07819999999999999,4.199999999999999,2.8000000000000007,0.1302000000000001,-1.0,5.0000000000000036,4.0,5.0,-1.5999999999999996,1.0,1.8000000000000007,-2.6000000000000014,11.200000000000003,11.2,9.721803764802559
1,0.0,0.36594202898550726,0.0,0.8000000000000043,8.599999999999994,-0.041200000000000125,-5.600000000000001,-9.399999999999999,-0.05800000000000005,6.400000000000002,7.800000000000001,0.021399999999999975,6.000000000000001,2.599999999999998,8.600000000000001,-4.0,0.8000000000000007,2.6000000000000005,3.3999999999999986,2.8000000000000007,2.4000000000000057,1.7999999999999998,-8.275133473071762
1,0.0,-0.4166666666666667,0.0,1.0,1.3999999999999915,-0.003000000000000058,5.199999999999999,6.600000000000001,0.07360000000000005,-7.799999999999999,-9.399999999999999,-0.029799999999999938,-7.0,-2.3999999999999986,-9.400000000000006,2.8000000000000007,-2.1999999999999993,-2.8,-5.0,-0.1999999999999993,-0.6000000000000085,-15.200000000000001,0.49483270564022064
1,0.0,0.09683794466403162,-10.0,-7.0,-9.200000000000003,-0.028799999999999992,3.5999999999999996,13.800000000000004,-0.050600000000000034,-2.0,-1.0,-0.0676000000000001,1.200000000000001,-4.0,-2.799999999999997,0.1999999999999993,-0.39999999999999947,2.4000000000000004,5.400000000000002,-3.599999999999998,-12.399999999999991,4.3999999999999995,-5.966664134770056
0,1.0,-0.09090909090909088,0.0,3.0,-1.2000000000000028,0.03939999999999999,-1.8000000000000007,-7.399999999999999,0.010000000000000009,2.1999999999999993,4.399999999999999,-0.07179999999999997,-1.5999999999999996,0.3999999999999986,-1.2000000000000028,-1.8000000000000007,1.0,-2.2,2.1999999999999993,-5.0,6.400000000000006,-7.0,1.5824250536984863
0,0.0,-0.5928853754940712,0.0,-2.799999999999997,3.0,-0.051000000000000045,1.1999999999999993,4.9999999999999964,-0.005799999999999972,0.8000000000000007,1.1999999999999993,0.014599999999999835,5.6,-5.799999999999997,-0.19999999999999574,4.800000000000001,0.1999999999999993,-1.5999999999999996,3.1999999999999993,1.3999999999999986,-3.5999999999999943,-17.0,-5.145837382644743
1,0.0,0.04347826086956519,5.0,7.399999999999999,2.0,0.07379999999999998,-0.7999999999999989,-8.200000000000003,0.05479999999999996,-11.4,-14.600000000000001,0.010599999999999943,-2.4000000000000004,4.0,1.6000000000000014,6.199999999999999,0.6000000000000005,-0.39999999999999947,1.0,-3.1999999999999993,2.6000000000000085,7.6,3.4247880230270766
0,0.0,-0.42292490118577075,5.0,-7.799999999999997,0.20000000000000284,-0.09140000000000004,-4.000000000000002,3.0,-0.14339999999999997,0.1999999999999993,0.0,0.008199999999999874,-0.5999999999999996,2.0,1.3999999999999986,-5.599999999999998,2.3999999999999995,1.7999999999999998,2.5999999999999996,0.3999999999999986,-19.39999999999999,-2.0,-22.99953995886098
0,0.0,0.016304347826086918,5.0,-5.399999999999999,2.1999999999999886,-0.07159999999999989,-6.399999999999999,-11.200000000000003,-0.058599999999999985,-1.8000000000000007,-0.3999999999999986,-0.08360000000000012,0.8000000000000007,0.3999999999999986,1.1999999999999957,5.0,-0.40000000000000036,-0.6000000000000005,4.199999999999999,3.1999999999999993,-19.0,-24.8,-24.945155028711383
1,0.0,0.07312252964426869,0.0,-0.7999999999999972,-6.6000000000000085,0.025399999999999978,6.799999999999999,9.0,0.10160000000000002,-1.7999999999999972,-3.3999999999999986,0.03079999999999994,2.8000000000000007,-2.599999999999998,0.20000000000000284,2.1999999999999993,-2.1999999999999993,-2.5999999999999996,0.1999999999999993,-1.4000000000000021,3.4000000000000057,5.200000000000001,15.38358717416449
0,0.0,-0.13636363636363635,10.0,1.6000000000000014,11.600000000000009,-0.04540000000000005,-1.5999999999999996,5.200000000000003,-0.0958,-4.199999999999999,-4.800000000000001,-0.01319999999999999,1.8000000000000007,5.199999999999999,7.0,3.200000000000003,6.8,0.8000000000000007,0.8000000000000007,5.799999999999999,-2.5999999999999943,10.4,-11.920591034223548
0,-1.0,-0.5568181818181818,5.0,-1.6000000000000014,-1.7999999999999972,-0.010799999999999976,-4.6,-13.600000000000001,0.028799999999999992,1.3999999999999986,1.0,0.028200000000000003,-1.0,3.599999999999998,2.6000000000000014,0.1999999999999993,-0.5999999999999996,-2.4000000000000004,0.7999999999999989,0.40000000000000213,-6.3999999999999915,-8.0,-7.137346290742144
1,1.0,-0.043478260869565216,0.0,0.3999999999999986,-7.0,0.04219999999999996,2.5999999999999996,3.0,0.04920000000000013,3.1999999999999993,2.1999999999999993,0.08899999999999997,-1.1999999999999993,2.6000000000000014,1.3999999999999986,0.20000000000000284,-2.4000000000000004,1.4000000000000004,1.8000000000000007,0.20000000000000284,6.6000000000000085,11.6,9.978059575335308
0,-1.0,0.08695652173913049,5.0,0.8000000000000043,-5.799999999999997,0.03939999999999999,3.8000000000000007,-0.8000000000000043,0.1084,6.799999999999999,5.600000000000001,0.12380000000000002,-3.4000000000000004,3.6000000000000014,0.20000000000000284,6.200000000000003,-6.8,1.7999999999999998,0.5999999999999996,0.3999999999999986,12.200000000000003,9.6,10.92564054617128
1,-1.0,0.0,0.0,-2.8000000000000043,3.200000000000003,-0.04680000000000001,-3.5999999999999996,0.8000000000000043,-0.10960000000000003,0.3999999999999986,0.7999999999999972,-0.03639999999999988,1.8000000000000007,1.0,2.8000000000000043,-4.599999999999998,2.2,-0.40000000000000036,-1.0,0.3999999999999986,-8.799999999999997,2.8000000000000003,-8.946927395638639
0,0.0,-0.09565217391304348,0.0,-2.5999999999999943,-0.7999999999999972,-0.024800000000000044,-4.800000000000001,-9.799999999999997,-0.026000000000000023,-3.9999999999999982,-2.599999999999998,-0.09760000000000002,-2.4000000000000004,-3.400000000000002,-5.800000000000004,0.3999999999999986,1.0,0.7999999999999998,4.200000000000001,2.8000000000000007,-14.0,-25.2,-18.87861350406874
1,1.0,0.375,0.0,3.3999999999999986,-6.800000000000011,0.07659999999999995,2.0,-5.799999999999997,0.11399999999999999,5.4,6.400000000000002,0.03179999999999994,-5.4,9.599999999999998,4.199999999999996,4.399999999999999,-3.200000000000001,2.3999999999999995,-0.5999999999999996,0.0,14.199999999999989,19.2,13.036824229147854
0,1.0,0.04347826086956519,0.0,-3.5999999999999943,-8.199999999999989,0.0024000000000000132,-0.5999999999999996,-2.5999999999999943,0.014600000000000002,3.1999999999999993,2.1999999999999993,0.052200000000000024,-1.200000000000001,2.0,0.7999999999999972,-2.3999999999999986,-2.6000000000000005,2.2,0.1999999999999993,-3.6000000000000014,-4.599999999999994,-1.0,2.0788962143991228
1,-1.0,-0.255,5.0,9.0,4.400000000000006,0.07880000000000004,-4.800000000000001,-16.0,0.03860000000000002,-4.199999999999999,-6.400000000000002,0.0371999999999999,-5.0,-2.200000000000003,-7.200000000000003,5.600000000000001,1.2000000000000002,-3.1999999999999997,-5.800000000000001,-3.1999999999999993,9.0,-4.200000000000001,7.454945131829959
0,-1.0,-0.48913043478260865,0.0,-2.799999999999997,7.599999999999994,-0.07600000000000001,-6.199999999999999,-6.0,-0.12719999999999998,-4.6,-1.7999999999999972,-0.17220000000000013,3.200000000000001,-2.400000000000002,0.8000000000000043,-5.600000000000001,4.0,1.0,0.40000000000000036,2.400000000000002,-16.400000000000006,-14.2,-21.07719248250804
1,0.0,0.4642857142857143,0.0,5.0,0.7999999999999972,0.05619999999999992,-0.6000000000000014,-6.199999999999999,0.06639999999999996,0.3999999999999986,0.3999999999999986,0.015600000000000058,4.800000000000001,-1.3999999999999986,3.3999999999999986,2.6000000000000014,0.5999999999999996,4.4,3.8000000000000007,-0.1999999999999993,9.799999999999997,12.4,9.495465481851653
1,1.0,-0.22499999999999998,0.0,-6.200000000000003,-6.599999999999994,-0.033399999999999985,-2.799999999999999,-5.599999999999994,-0.007400000000000073,2.1999999999999993,5.600000000000001,-0.11260000000000014,-3.5999999999999996,0.0,-3.5999999999999943,2.200000000000003,-0.5999999999999996,-1.7999999999999998,2.200000000000001,0.0,-13.0,-18.2,-15.210789949039736
0,0.0,-0.09963768115942029,5.0,0.6000000000000014,-0.7999999999999972,0.012599999999999945,0.20000000000000107,3.799999999999997,-0.023399999999999976,3.0,2.1999999999999993,0.07279999999999998,-1.5999999999999996,2.599999999999998,1.0,0.0,-1.4000000000000004,2.8,-1.200000000000001,2.400000000000002,4.400000000000006,11.8,3.8726071352997877
1,0.0,0.23166666666666658,-10.0,-1.8000000000000043,-5.799999999999997,0.0119999999999999,-4.0,-9.999999999999996,-0.010200000000000098,6.800000000000001,10.8,-0.08679999999999988,3.3999999999999986,0.0,3.3999999999999986,-5.400000000000002,-2.4000000000000004,2.1999999999999997,1.1999999999999993,2.1999999999999993,-0.7999999999999972,4.0,2.7200410961204824
1,1.0,0.3152173913043478,10.0,-0.19999999999999574,10.799999999999997,-0.05620000000000003,-0.1999999999999993,5.399999999999999,-0.059599999999999986,0.6000000000000014,-0.8000000000000007,0.04899999999999982,3.5999999999999996,5.599999999999998,9.200000000000003,1.0,1.0,-2.4000000000000004,0.40000000000000036,1.4000000000000021,0.0,5.199999999999999,-7.705361683325563
0,0.0,-0.4236363636363637,0.0,-4.200000000000003,-8.200000000000003,-0.011399999999999966,-1.8000000000000007,-7.799999999999997,0.013800000000000034,0.1999999999999993,0.8000000000000007,-0.022399999999999975,-4.199999999999999,-5.0,-9.200000000000003,-1.0,-1.7999999999999998,0.40000000000000036,4.6,-5.0,-10.0,-23.8,-11.074122138330267
0,1.0,-0.10499999999999998,-5.0,-4.200000000000003,3.4000000000000057,-0.06559999999999994,0.5999999999999996,4.0,-0.02779999999999999,-7.599999999999998,-8.0,-0.04039999999999999,1.8000000000000007,2.8000000000000007,4.600000000000001,-1.2000000000000028,2.5999999999999996,-0.20000000000000018,-0.1999999999999993,-1.0,-15.399999999999991,0.6000000000000005,-12.753399797722167
0,0.0,0.11050724637681159,0.0,2.0,-0.3999999999999915,0.026199999999999946,-1.8000000000000007,-3.3999999999999986,-0.02839999999999998,-1.8000000000000007,-0.3999999999999986,-0.0688000000000002,1.8000000000000007,8.600000000000001,10.399999999999999,-1.6000000000000014,0.5999999999999996,2.8000000000000003,3.9999999999999982,0.0,0.4000000000000057,21.799999999999997,-1.2107834304211735
1,0.0,0.09913043478260869,0.0,6.0,4.3999999999999915,0.04479999999999995,-2.200000000000001,-10.0,0.0494,-1.9999999999999982,-2.8000000000000007,0.0036000000000000476,-3.1999999999999993,1.4000000000000021,-1.7999999999999972,-1.1999999999999993,0.40000000000000036,-1.7999999999999998,-6.6,-2.0,7.799999999999997,1.0,8.190575507850781
1,1.0,-0.14,0.0,-1.8000000000000043,-3.200000000000003,-0.00379999999999997,-2.0,-2.0,-0.02560000000000001,9.600000000000001,11.2,0.02499999999999991,0.8000000000000007,-1.3999999999999986,-0.6000000000000014,-3.1999999999999993,-2.5999999999999996,2.6,3.200000000000001,4.600000000000001,4.0,-12.0,-0.27867996024778563
0,-1.0,0.26282051282051283,-5.0,-7.799999999999997,-6.0,-0.05479999999999996,2.0,8.2,-0.03739999999999999,-3.6000000000000014,-2.3999999999999986,-0.06819999999999993,2.0,-1.6000000000000014,0.3999999999999986,-6.399999999999999,0.40000000000000036,-0.6000000000000001,4.400000000000002,-4.0,-17.200000000000003,-9.0,-11.242324147927931
0,0.0,0.29692307692307685,0.0,3.200000000000003,10.200000000000003,-0.011200000000000099,-1.5999999999999996,4.0,-0.07060000000000005,5.0,5.399999999999999,0.01619999999999988,6.800000000000001,0.8000000000000043,7.600000000000001,0.0,1.8000000000000007,0.39999999999999947,-5.6,3.599999999999998,9.799999999999997,6.2,9.220777862953724
1,-1.0,-0.17307692307692307,0.0,-0.3999999999999986,5.200000000000003,-0.03520000000000001,0.7999999999999989,4.799999999999997,-0.030999999999999972,0.1999999999999993,-1.0,0.03760000000000019,3.5999999999999996,2.200000000000003,5.799999999999997,2.3999999999999986,1.4000000000000004,1.4000000000000004,1.5999999999999979,-1.3999999999999986,0.20000000000000284,6.2,-2.8548360328076114
1,-1.0,0.4,5.0,0.6000000000000014,-4.599999999999994,0.031200000000000006,3.5999999999999996,6.599999999999998,0.04460000000000003,10.399999999999999,8.8,0.17080000000000006,-0.5999999999999996,3.6000000000000014,3.0,3.8000000000000007,-3.8,-0.8000000000000007,0.40000000000000036,3.0,15.200000000000003,16.6,14.361858244380969
1,0.0,-0.044871794871794934,0.0,3.3999999999999986,-0.3999999999999915,0.03480000000000005,0.3999999999999986,1.3999999999999986,-0.003599999999999992,-5.199999999999999,-7.199999999999999,0.0381999999999999,-2.0,-7.0000000000000036,-9.0,5.800000000000001,2.200000000000001,-0.6000000000000005,3.1999999999999993,-0.6000000000000014,2.0,-15.6,0.003882644813373304
0,0.0,-0.14833333333333332,0.0,0.3999999999999986,7.3999999999999915,-0.034200000000000064,-2.200000000000001,1.8000000000000043,-0.08219999999999994,-5.600000000000001,-6.199999999999999,-0.0746,1.5999999999999996,-7.199999999999996,-5.600000000000001,2.1999999999999993,7.200000000000001,-3.0,-1.4000000000000004,1.0,-7.0,-4.399999999999999,-8.457402795166018
0,0.0,0.10956521739130434,0.0,-0.4000000000000057,-1.4000000000000057,0.006800000000000084,0.5999999999999996,-3.0,0.05120000000000002,1.4000000000000021,1.1999999999999993,0.02200000000000002,-1.5999999999999996,-0.40000000000000213,-2.0,-2.599999999999998,2.6000000000000005,0.0,-3.6000000000000014,2.0,1.2000000000000028,13.0,4.581227263764575
1,0.0,0.022727272727272707,0.0,3.3999999999999986,0.4000000000000057,0.03479999999999994,4.6,7.0000000000000036,0.05740000000000006,-0.6000000000000014,1.3999999999999986,-0.07399999999999995,-7.200000000000001,1.5999999999999979,-5.600000000000001,5.599999999999998,-1.0,-2.6,-8.000000000000002,-2.8000000000000007,10.799999999999983,3.999999999999999,10.349151897211257
1,0.0,-0.009615384615384637,0.0,-5.0,0.20000000000000284,-0.05720000000000014,1.4000000000000004,7.199999999999999,-0.027400000000000035,8.2,9.799999999999997,0.028200000000000114,2.1999999999999993,2.200000000000003,4.400000000000006,-0.8000000000000007,0.0,-2.6,1.1999999999999993,5.399999999999999,-0.4000000000000057,-11.8,-4.5058278494836514
0,1.0,-0.2,0.0,-3.3999999999999986,-2.8000000000000114,-0.02479999999999999,-0.20000000000000107,3.599999999999998,-0.041600000000000026,0.7999999999999972,-0.1999999999999993,0.044399999999999995,-0.3999999999999986,-8.400000000000002,-8.799999999999997,-5.800000000000001,3.000000000000001,-2.4000000000000004,-3.799999999999999,-4.0,-6.200000000000003,-7.4,0.7814331376373076
0,0.0,-0.01692307692307682,0.0,1.6000000000000014,2.0,0.008199999999999985,0.8000000000000007,2.0000000000000036,-0.012199999999999989,2.1999999999999993,2.8000000000000007,0.04359999999999997,-2.4000000000000004,4.600000000000001,2.200000000000003,-1.3999999999999986,-2.0,2.1999999999999993,-4.199999999999999,-4.800000000000001,6.200000000000003,6.000000000000001,4.206534385572098
0,1.0,-0.20000000000000007,0.0,3.3999999999999986,2.0,0.026600000000000124,7.0,13.200000000000003,0.05439999999999995,-9.6,-14.0,0.07479999999999998,-1.8000000000000007,-4.599999999999998,-6.399999999999999,-1.1999999999999993,-0.7999999999999989,-1.0,-4.199999999999999,-2.0,4.200000000000003,4.6,12.069191973010533
1,0.0,-0.15555555555555556,-5.0,-2.0,-7.3999999999999915,0.00720000000000004,-0.7999999999999989,-5.800000000000004,0.02119999999999994,-3.8000000000000007,-4.199999999999999,-0.007200000000000095,-2.0,-5.0,-7.0,-1.0,-0.20000000000000107,-1.1999999999999997,4.0,-5.600000000000001,-8.599999999999994,-11.200000000000001,-4.9611476773764025
0,1.0,0.1923076923076923,0.0,-2.3999999999999986,-3.200000000000003,-0.010399999999999965,-0.8000000000000007,0.8000000000000043,-0.017199999999999993,3.8000000000000007,4.399999999999999,-0.00039999999999995595,2.0,-2.3999999999999986,-0.3999999999999986,-3.0,-1.7999999999999998,-0.40000000000000036,-0.5999999999999996,-0.20000000000000284,-1.8000000000000114,-1.7999999999999998,2.393298837355161
0,1.0,-0.2584615384615384,0.0,1.1999999999999957,-4.400000000000006,0.0344000000000001,7.199999999999999,10.8,0.0932,0.7999999999999972,-1.4000000000000021,0.06779999999999997,0.40000000000000036,1.0,1.3999999999999986,5.399999999999999,1.1999999999999993,0.20000000000000018,4.800000000000001,2.799999999999999,10.400000000000006,19.6,10.831166090858957
1,-2.0,0.18307692307692314,5.0,5.199999999999996,-8.200000000000003,0.10239999999999994,2.4000000000000004,-2.799999999999997,0.10280000000000006,5.799999999999999,6.399999999999999,0.02959999999999985,-3.3999999999999995,-2.0,-5.400000000000006,1.4000000000000021,1.0,-0.3999999999999999,-1.4000000000000004,0.8000000000000007,18.599999999999994,13.8,21.75657673476296
1,1.0,0.5533333333333333,0.0,3.8000000000000043,6.199999999999989,0.009600000000000053,2.5999999999999996,4.0,0.035800000000000054,1.0,1.8000000000000007,-0.02519999999999989,-0.1999999999999993,3.0,2.799999999999997,0.40000000000000213,2.0,-2.4,-0.1999999999999993,0.0,11.200000000000003,14.200000000000001,3.309198145761343
1,0.0,-0.43732193732193736,5.0,3.3999999999999986,1.6000000000000085,0.030599999999999905,-1.200000000000001,-5.399999999999999,0.014600000000000057,-6.800000000000001,-8.399999999999999,-0.0006000000000000449,-3.0,2.400000000000002,-0.6000000000000014,0.6000000000000014,-1.799999999999999,0.5999999999999996,-0.1999999999999993,-4.600000000000001,-1.2000000000000028,-9.0,-1.7388220039450317
1,2.0,0.6923076923076923,0.0,7.799999999999997,3.799999999999997,0.07200000000000001,3.8000000000000007,0.4000000000000057,0.09840000000000004,0.3999999999999986,-0.1999999999999993,0.007000000000000006,-2.000000000000001,7.800000000000001,5.799999999999997,4.0,-0.1999999999999993,1.8000000000000003,-1.8000000000000007,-1.1999999999999993,19.799999999999997,23.8,15.544898640520202
1,0.0,0.05698005698005698,0.0,0.6000000000000014,0.3999999999999915,0.005599999999999938,-5.799999999999999,-8.199999999999996,-0.06980000000000003,-2.799999999999999,-3.0,-0.052200000000000024,-0.8000000000000007,-5.9999999999999964,-6.800000000000004,-2.3999999999999986,1.4000000000000004,-1.8000000000000003,-0.1999999999999993,-0.5999999999999979,-7.400000000000006,-14.8,-6.423667535763272
1,0.0,0.15384615384615385,0.0,-2.0,-0.4000000000000057,-0.021199999999999997,4.6,10.200000000000003,0.026000000000000023,10.400000000000002,8.200000000000003,0.1754000000000001,2.799999999999999,2.0,4.800000000000004,2.3999999999999986,-1.3999999999999995,-0.20000000000000018,3.599999999999998,5.600000000000001,11.0,6.199999999999999,6.540750639782843
0,-1.0,-0.4892307692307692,0.0,-6.200000000000003,-0.3999999999999915,-0.06819999999999993,0.1999999999999993,1.7999999999999972,-0.002599999999999991,-1.8000000000000007,-3.799999999999997,0.03760000000000008,-2.5999999999999996,-3.400000000000002,-6.0,-2.0,-0.6000000000000014,0.40000000000000036,-0.8000000000000007,0.1999999999999993,-14.0,-20.200000000000003,-13.868748036577358
1,1.0,-0.5104669887278583,-5.0,1.0,6.0,-0.025599999999999956,-1.200000000000001,3.8000000000000007,-0.10420000000000001,3.0,2.599999999999998,0.030999999999999805,-3.4000000000000004,0.6000000000000014,-2.8000000000000043,5.0,0.40000000000000036,-1.4000000000000004,-6.6,-0.7999999999999972,3.799999999999997,-5.6000000000000005,-0.8859769587360233
1,0.0,-0.24786324786324787,5.0,-2.3999999999999986,-3.6000000000000085,-0.005599999999999938,-0.20000000000000107,2.3999999999999986,-0.02579999999999999,0.0,2.0,-0.08339999999999981,-3.200000000000001,3.3999999999999986,0.20000000000000284,-5.0,-1.6000000000000005,1.0,-0.7999999999999989,1.1999999999999993,-5.0,7.8,-4.201824134398052
0,1.0,-0.18518518518518517,0.0,-2.6000000000000014,-9.400000000000006,0.020000000000000018,0.1999999999999993,2.3999999999999986,-0.015199999999999991,4.6,5.600000000000001,0.04480000000000006,-4.4,1.1999999999999993,-3.200000000000003,-3.0,-1.200000000000001,-1.2000000000000002,-0.20000000000000284,0.8000000000000007,-0.4000000000000057,-2.1999999999999993,2.2603898381437375
0,-1.0,-0.31999999999999995,5.0,3.200000000000003,6.200000000000003,0.0037999999999999146,1.5999999999999996,2.0,0.03440000000000004,-1.8000000000000007,-3.200000000000003,0.020200000000000107,-3.0,2.200000000000003,-0.7999999999999972,6.399999999999999,0.0,-3.8000000000000003,0.0,2.8000000000000007,6.200000000000003,-3.0,-2.860906378426691
0,0.0,0.11263736263736263,5.0,0.3999999999999986,6.200000000000003,-0.01940000000000003,-0.7999999999999989,2.0,-0.0408,4.0,4.400000000000002,0.014399999999999968,2.6000000000000014,3.1999999999999957,5.800000000000004,-1.3999999999999986,0.0,-0.7999999999999998,-1.4000000000000004,3.6000000000000014,4.0,5.199999999999999,-0.2598536220179284
1,1.0,-0.2962962962962963,0.0,-6.600000000000001,-4.199999999999989,-0.051000000000000045,-3.8000000000000007,-1.2000000000000028,-0.07560000000000006,4.199999999999999,7.400000000000002,-0.0596000000000001,3.3999999999999986,-2.200000000000003,1.2000000000000028,-2.3999999999999986,-3.4000000000000004,0.20000000000000018,2.1999999999999993,3.1999999999999993,-12.800000000000011,-20.8,-10.119750546428506
0,0.0,-0.19505494505494503,0.0,3.200000000000003,2.3999999999999915,0.022000000000000075,-1.0,-2.0,-0.009799999999999975,-3.1999999999999993,-7.0,0.12060000000000015,1.0,-4.399999999999999,-3.4000000000000057,6.200000000000003,1.200000000000001,0.20000000000000018,1.3999999999999986,1.3999999999999986,2.200000000000003,-9.4,2.3343571149257087
0,-4.0,0.17076923076923067,0.0,7.800000000000004,-3.0,0.10080000000000006,0.5999999999999996,-3.799999999999997,0.05019999999999997,-4.199999999999999,-2.0,-0.11160000000000014,-2.0,-0.8000000000000043,-2.799999999999997,3.1999999999999993,0.8000000000000007,0.39999999999999947,0.1999999999999993,3.0,12.0,10.0,13.734978404786034
1,3.0,0.02136752136752129,0.0,3.4000000000000057,3.0,0.02059999999999995,9.200000000000001,17.0,0.08320000000000005,-1.3999999999999986,-4.199999999999999,0.08420000000000005,3.0,-6.800000000000001,-3.799999999999997,2.0,1.4000000000000004,-1.0,-1.0,3.9999999999999982,14.599999999999994,15.4,17.66881740721307
1,0.0,0.4444444444444445,0.0,0.7999999999999972,5.0,-0.011800000000000033,-5.600000000000001,-10.0,-0.04479999999999995,7.800000000000001,10.200000000000003,0.00039999999999995595,6.800000000000001,-3.8000000000000007,3.0,-2.1999999999999993,0.6000000000000014,0.39999999999999947,-2.799999999999999,3.1999999999999993,3.799999999999997,4.4,4.029339459054512
0,0.0,-0.18518518518518517,0.0,1.1999999999999957,-3.8000000000000114,0.03279999999999994,-5.6,-15.399999999999999,-0.005799999999999972,-2.6000000000000014,-2.1999999999999993,-0.04579999999999995,-4.0,3.1999999999999957,-0.8000000000000043,-1.3999999999999986,1.6000000000000005,-0.20000000000000018,-4.199999999999999,-4.400000000000002,-5.800000000000011,1.0,-0.5578980408449326
0,0.0,0.10256410256410264,-5.0,1.0,-4.6000000000000085,0.033600000000000074,3.5999999999999996,6.600000000000001,0.010999999999999954,3.400000000000002,4.600000000000001,-0.02279999999999993,-9.0,2.8000000000000007,-6.199999999999996,3.0,0.7999999999999998,-3.2,-7.600000000000001,-2.0,9.0,11.0,9.976816999093245
1,0.0,-0.5085470085470085,0.0,-3.1999999999999957,-6.200000000000003,-0.0010000000000000009,-0.5999999999999996,-1.0,-0.009000000000000008,-7.800000000000001,-9.800000000000004,-0.0014000000000000679,-3.1999999999999993,-5.600000000000001,-8.799999999999997,-1.0,1.8000000000000007,-1.6000000000000005,5.399999999999999,-3.0,-14.799999999999997,-6.6,-12.290299731390846
0,0.0,-0.17094017094017094,5.0,2.0,-1.0,0.02579999999999999,2.4000000000000004,3.0,0.02960000000000007,5.599999999999998,7.399999999999999,0.0030000000000000027,-1.5999999999999996,0.8000000000000043,-0.7999999999999972,2.0,-0.5999999999999996,-1.8000000000000003,1.0,4.800000000000001,12.0,-8.399999999999999,5.931639142594506
1,0.0,-0.007936507936507936,5.0,8.600000000000001,5.6000000000000085,0.06319999999999992,-3.799999999999999,-8.399999999999999,-0.0262,2.6000000000000014,3.200000000000003,0.0044000000000000705,1.1999999999999993,-0.1999999999999993,1.0,6.400000000000002,1.200000000000001,-0.6000000000000005,1.1999999999999993,-1.1999999999999993,16.0,4.2,7.721303311343831
1,-1.0,0.18406593406593402,-10.0,-7.199999999999996,1.4000000000000057,-0.08460000000000001,5.799999999999999,11.600000000000001,0.05180000000000001,2.8000000000000007,0.3999999999999986,0.10459999999999992,4.0,1.0,5.0,-3.0,1.0,-1.7999999999999998,-2.799999999999999,0.1999999999999993,-5.799999999999997,6.4,-0.1326846215711015
0,1.0,0.014550264550264536,0.0,-1.2000000000000028,2.8000000000000114,-0.02859999999999996,-6.200000000000001,-11.800000000000004,-0.04200000000000004,-4.399999999999999,-4.0,-0.1018,2.0,-0.20000000000000284,1.7999999999999972,3.8000000000000007,1.0000000000000009,-1.5999999999999996,3.0,1.8000000000000007,-13.0,-10.6,-15.067868420449201
0,1.0,0.3214814814814815,0.0,3.6000000000000014,3.0,0.026000000000000023,0.7999999999999989,0.0,0.019799999999999984,0.8000000000000007,0.8000000000000007,0.019199999999999995,-1.0,3.8000000000000007,2.8000000000000043,3.400000000000002,3.799999999999999,0.20000000000000018,-0.20000000000000107,0.8000000000000007,8.799999999999997,24.4,4.492776784483411
1,0.0,-0.09126984126984128,0.0,2.200000000000003,0.4000000000000057,0.02100000000000002,7.199999999999999,9.0,0.0998,1.0,0.6000000000000014,0.025399999999999978,0.0,5.800000000000004,5.799999999999997,5.600000000000001,-2.0,0.6000000000000001,0.7999999999999989,0.3999999999999986,12.600000000000009,18.0,10.381813091833763
1,2.0,-0.31697612732095487,0.0,0.3999999999999986,0.5999999999999943,0.0024000000000000687,1.4000000000000004,5.200000000000003,-0.009000000000000008,4.799999999999999,4.199999999999999,0.09600000000000009,0.40000000000000036,3.1999999999999993,3.5999999999999943,-0.6000000000000014,1.3999999999999995,1.4000000000000004,0.9999999999999982,-1.6000000000000014,7.0,11.0,3.6792603539146285
1,0.0,0.16798941798941802,0.0,3.0,-3.4000000000000057,0.0524,1.0,-1.3999999999999986,0.046999999999999986,0.8000000000000007,1.2000000000000028,-0.017000000000000015,3.4000000000000004,0.7999999999999972,4.199999999999996,2.0,-0.20000000000000018,0.5999999999999996,0.7999999999999989,4.800000000000001,7.799999999999997,12.600000000000001,13.882052930797698
1,0.0,-0.46571428571428575,-5.0,-5.0,-4.0,-0.03699999999999992,-4.6,-4.399999999999999,-0.09639999999999993,4.0,5.199999999999999,-0.019200000000000106,-5.200000000000001,0.8000000000000007,-4.399999999999999,-2.8000000000000007,2.2,-0.20000000000000018,-1.6000000000000014,-0.20000000000000284,-10.600000000000009,-11.4,-12.582169473927507
0,0.0,0.07279693486590044,0.0,-1.0,0.3999999999999915,-0.011600000000000055,-0.7999999999999989,-3.0,0.006400000000000017,3.400000000000002,3.1999999999999993,0.045599999999999974,1.4000000000000004,-1.2000000000000028,0.19999999999999574,1.1999999999999993,-1.200000000000001,-0.20000000000000018,3.200000000000001,2.0,0.5999999999999943,-6.4,-2.748945403956128
0,-1.0,-0.5484330484330484,0.0,-3.0,-2.0,-0.020400000000000085,-1.1999999999999993,-0.7999999999999972,-0.028600000000000014,-2.6000000000000014,-2.400000000000002,-0.02939999999999987,0.7999999999999989,-5.399999999999999,-4.599999999999994,0.6000000000000014,-1.5999999999999996,0.0,-0.1999999999999993,3.8000000000000007,-9.799999999999997,-17.599999999999998,-5.104920316808489
1,-1.0,0.25000000000000006,0.0,3.0,10.0,-0.017600000000000005,-0.5999999999999996,4.0,-0.05199999999999999,5.599999999999998,9.399999999999999,-0.06400000000000006,6.8,4.9999999999999964,11.799999999999997,0.7999999999999972,0.40000000000000036,1.3999999999999995,-2.599999999999998,1.7999999999999972,11.0,16.0,6.01822670586175
1,1.0,0.1958128078817734,0.0,-0.5999999999999943,5.400000000000006,-0.027599999999999958,-4.200000000000001,-1.1999999999999957,-0.08500000000000002,5.6,5.0,0.06879999999999997,4.799999999999999,1.0,5.800000000000004,-3.0,0.0,-2.1999999999999997,-2.5999999999999996,-3.1999999999999993,0.20000000000000284,-2.6000000000000005,-0.4481056049325076
1,0.0,0.3928571428571428,0.0,2.799999999999997,-3.0,0.0474,4.200000000000001,5.799999999999997,0.0504,-2.599999999999998,-2.1999999999999993,-0.028800000000000048,-0.5999999999999996,-0.19999999999999574,-0.7999999999999972,-3.1999999999999993,0.0,-0.1999999999999993,1.5999999999999996,-1.8000000000000007,7.199999999999989,10.6,9.299139894148766
0,0.0,-0.35714285714285715,0.0,-3.6000000000000014,-4.6000000000000085,-0.023200000000000054,4.6,8.199999999999996,0.05699999999999994,-1.3999999999999986,-2.0,0.014599999999999946,-4.199999999999999,-3.9999999999999964,-8.200000000000003,-1.8000000000000007,-3.0,-0.40000000000000036,5.4,-1.1999999999999993,-4.0,-21.0,-8.619858418160277
1,0.0,-0.1379310344827586,-5.0,3.6000000000000014,5.799999999999997,0.005199999999999871,2.6000000000000005,4.800000000000001,0.04800000000000004,-0.6000000000000014,-2.1999999999999993,0.031000000000000028,1.3999999999999986,1.1999999999999957,2.6000000000000014,3.8000000000000007,1.5999999999999996,-2.4000000000000004,-2.5999999999999996,0.3999999999999986,9.200000000000003,9.0,7.33215501485499
1,1.0,0.4285714285714286,0.0,1.0,-1.7999999999999972,0.02079999999999993,0.7999999999999989,0.19999999999999574,0.017799999999999983,-2.1999999999999993,-4.0,0.019000000000000128,-3.5999999999999996,2.3999999999999986,-1.1999999999999957,-3.799999999999997,2.3999999999999986,1.0,-2.1999999999999993,-0.5999999999999979,0.6000000000000085,11.600000000000001,2.636607452130008
1,0.0,-0.0886699507389162,-5.0,-1.2000000000000028,-2.5999999999999943,-0.00040000000000006697,5.6,9.0,0.04860000000000009,-1.0,-3.6000000000000014,0.06220000000000003,1.0,-1.0,0.0,0.1999999999999993,2.8,-1.7999999999999998,4.600000000000001,0.0,2.200000000000003,8.2,2.8596201920081796
1,0.0,0.37037037037037035,-5.0,-0.20000000000000284,-7.599999999999994,0.037799999999999945,-2.1999999999999993,-7.199999999999996,0.011000000000000065,-2.8000000000000007,-5.0,0.03059999999999996,-3.5999999999999996,-3.3999999999999986,-7.0,-3.1999999999999993,2.3999999999999995,-0.5999999999999996,-1.799999999999999,-5.399999999999999,-5.3999999999999915,13.6,3.9314694634265663
0,0.0,0.0357142857142857,0.0,-5.400000000000006,-0.20000000000000284,-0.05700000000000005,-0.5999999999999996,-1.7999999999999972,-0.002599999999999991,3.6000000000000014,2.799999999999997,0.036800000000000055,0.3999999999999986,-2.599999999999998,-2.200000000000003,-1.6000000000000014,-1.9999999999999991,0.5999999999999996,2.8000000000000007,2.6000000000000014,-7.799999999999997,-16.6,-10.961024933831311
1,0.0,-0.38333333333333336,5.0,-0.3999999999999986,4.599999999999994,-0.028799999999999992,-7.6,-8.0,-0.15300000000000008,2.200000000000003,3.3999999999999986,-0.01959999999999995,3.8000000000000007,2.6000000000000014,6.400000000000006,-3.200000000000003,-1.7999999999999998,4.999999999999999,4.199999999999999,1.4000000000000021,-6.200000000000003,-12.8,-12.696026129651727
1,1.0,-0.40384615384615385,-15.0,-7.399999999999999,-13.0,-0.014600000000000002,-1.4000000000000004,2.8000000000000043,-0.07719999999999999,0.0,-1.1999999999999993,0.0394000000000001,-5.6,-4.400000000000002,-10.0,-5.199999999999999,0.7999999999999989,-0.8000000000000007,0.8000000000000007,-1.0,-16.200000000000003,-7.199999999999999,-8.001186366450654
1,0.0,-0.16798941798941802,0.0,-2.6000000000000014,-1.7999999999999972,-0.019600000000000062,0.40000000000000036,-3.1999999999999957,0.0388,-5.600000000000001,-9.600000000000001,0.0786,-2.5999999999999996,-5.399999999999999,-8.0,0.1999999999999993,5.000000000000001,-1.3999999999999995,3.6000000000000014,-3.200000000000003,-10.399999999999991,-7.2,-9.854115030926025
1,0.0,0.26666666666666666,0.0,-4.399999999999999,-3.3999999999999915,-0.02700000000000008,5.800000000000001,12.0,0.04379999999999995,-1.1999999999999993,-2.0,0.01759999999999995,-2.3999999999999986,-5.800000000000001,-8.200000000000003,2.200000000000003,-0.20000000000000107,-2.8,0.20000000000000107,-0.20000000000000284,-4.200000000000003,-17.4,-1.7642557172247137
0,-1.0,-0.17241379310344826,0.0,-0.3999999999999986,7.800000000000011,-0.04540000000000005,-2.0,1.8000000000000043,-0.07100000000000001,2.0,1.5999999999999979,0.03620000000000001,3.200000000000001,-0.1999999999999993,3.0,-1.8000000000000007,-2.5999999999999996,1.7999999999999998,-5.199999999999999,2.0,-0.7999999999999972,-1.200000000000001,-1.0752981295865283
0,0.0,-0.04942528735632179,0.0,1.5999999999999943,3.799999999999997,0.00040000000000006697,-0.7999999999999989,-4.0,0.009799999999999975,8.799999999999999,10.6,0.04360000000000008,0.5999999999999996,4.200000000000003,4.799999999999997,-4.800000000000001,1.0,-0.40000000000000036,-2.8000000000000007,-4.600000000000001,11.200000000000003,0.6000000000000005,6.015271041141631
0,1.0,-0.5517241379310345,5.0,-5.0,-10.400000000000006,-0.00940000000000002,0.1999999999999993,-2.599999999999998,0.04099999999999998,3.599999999999998,3.8000000000000007,0.031200000000000006,-4.999999999999998,-0.8000000000000007,-5.799999999999997,-2.799999999999997,-2.799999999999999,0.20000000000000018,2.4000000000000004,-2.3999999999999986,-6.200000000000003,-23.2,-5.086952256372911
0,0.0,-0.09113300492610837,10.0,2.8000000000000043,4.200000000000003,0.010999999999999954,-0.5999999999999996,1.0,-0.020199999999999996,6.199999999999999,9.2,-0.020399999999999974,-0.40000000000000036,3.6000000000000014,3.200000000000003,3.200000000000003,-1.7999999999999998,-2.4,-2.1999999999999993,6.399999999999999,11.200000000000017,-3.4000000000000004,3.1879255201631906
1,-1.0,0.12515964240102173,5.0,1.3999999999999986,1.2000000000000028,0.007399999999999962,5.6,3.200000000000003,0.1048,-3.400000000000002,-5.799999999999997,0.0534,-2.8000000000000007,-5.0,-7.800000000000004,3.599999999999998,3.2,-0.20000000000000018,5.599999999999998,-0.8000000000000007,5.0,-1.6,-2.3546919071905705
1,0.0,-0.059113300492610876,0.0,-4.399999999999999,5.6000000000000085,-0.08119999999999988,-1.0,5.399999999999999,-0.06980000000000003,3.1999999999999993,5.599999999999998,-0.029799999999999938,2.0,1.8000000000000043,3.799999999999997,-0.5999999999999979,2.200000000000001,0.20000000000000018,-1.799999999999999,1.6000000000000014,-6.6000000000000085,-0.8000000000000007,-11.164352262430555
0,1.0,0.2962962962962963,0.0,-2.1999999999999957,7.800000000000011,-0.061400000000000066,-0.8000000000000007,-1.2000000000000028,-0.017400000000000027,11.0,13.599999999999998,0.01660000000000006,6.0,-3.3999999999999986,2.6000000000000014,-6.400000000000002,-0.6000000000000005,0.1999999999999993,-6.799999999999999,0.0,5.800000000000011,-8.0,4.784469364723165
1,1.0,-0.14655172413793105,0.0,0.0,-0.6000000000000085,0.0035999999999999366,0.1999999999999993,1.5999999999999943,-0.005800000000000027,3.1999999999999993,7.199999999999999,-0.118,3.8000000000000007,4.600000000000001,8.399999999999999,3.1999999999999993,-5.6,-0.39999999999999947,1.1999999999999993,-4.199999999999999,3.4000000000000057,0.0,3.352119959021195
0,0.0,-0.13793103448275862,0.0,-1.6000000000000014,-1.7999999999999972,-0.009200000000000041,2.0,5.0,0.006599999999999939,3.8000000000000007,5.199999999999999,-0.0043999999999999595,-0.3999999999999986,-3.6000000000000014,-4.0,-3.0,0.5999999999999996,-0.5999999999999996,4.200000000000001,-0.1999999999999993,2.5999999999999943,3.2,-2.914390980335071
1,0.0,0.05747126436781613,5.0,6.200000000000003,-3.4000000000000057,0.08760000000000001,3.200000000000001,-4.600000000000001,0.11200000000000004,-3.0,-8.2,0.1492,-6.4,-2.200000000000003,-8.600000000000001,5.599999999999998,-2.1999999999999993,-3.0000000000000004,-0.20000000000000107,-1.8000000000000007,12.599999999999994,-1.0,12.966776087639857
0,0.0,0.04894179894179895,-15.0,-4.199999999999996,-4.0,-0.02739999999999987,-2.3999999999999986,4.600000000000001,-0.11399999999999999,5.600000000000001,7.799999999999997,-0.019199999999999995,-0.6000000000000014,-2.200000000000003,-2.799999999999997,-4.400000000000002,1.0,-1.6000000000000005,-3.0000000000000018,2.400000000000002,-5.200000000000003,-5.4,-2.286062423872181
1,1.0,0.11290322580645162,-10.0,-4.199999999999996,-2.8000000000000114,-0.032399999999999984,8.200000000000001,17.800000000000004,0.07440000000000002,-3.6000000000000014,-4.800000000000001,-0.0020000000000000018,0.7999999999999989,-3.6000000000000014,-2.799999999999997,3.3999999999999986,2.8000000000000007,-2.4000000000000004,1.4000000000000004,1.8000000000000007,-3.8000000000000114,6.0,0.5680944546355562
1,0.0,0.14126807563959964,-5.0,-2.1999999999999957,-5.400000000000006,0.008199999999999985,-3.799999999999999,-9.199999999999996,-0.009599999999999942,0.6000000000000014,3.0,-0.09640000000000026,2.4000000000000004,2.3999999999999986,4.799999999999997,-5.399999999999999,-1.1999999999999993,1.0,0.5999999999999996,2.1999999999999993,-7.6000000000000085,1.0,-0.8069955184746505
0,0.0,0.10804597701149432,0.0,-2.200000000000003,0.3999999999999915,-0.027799999999999936,-2.0,-3.1999999999999957,-0.02360000000000001,-2.1999999999999993,-6.0,0.11599999999999999,-3.3999999999999986,-3.200000000000003,-6.600000000000001,-6.800000000000001,3.6000000000000005,-0.8000000000000007,-0.5999999999999996,6.0,-8.599999999999994,-15.2,-9.445350255465229
0,0.0,0.23333333333333334,0.0,0.0,-1.7999999999999972,0.008599999999999941,-7.6,-10.800000000000004,-0.08779999999999999,2.3999999999999986,4.600000000000001,-0.03200000000000003,0.40000000000000036,-1.4000000000000021,-1.0,-3.0,-0.5999999999999996,0.39999999999999947,-2.6000000000000014,1.5999999999999979,-5.200000000000003,-7.999999999999999,-2.7774452230303837
0,-1.0,-0.4206896551724138,0.0,-3.6000000000000014,0.20000000000000284,-0.04479999999999995,-3.5999999999999996,-4.199999999999996,-0.056400000000000006,0.8000000000000007,2.0,-0.009000000000000008,0.0,-3.0,-3.0,1.8000000000000007,-1.4000000000000004,-0.20000000000000018,-1.200000000000001,3.0,-10.0,-15.8,-9.884209097085375
0,0.0,-0.2936596218020022,5.0,4.599999999999994,7.799999999999997,0.01040000000000002,-2.4000000000000004,-5.0,-0.015000000000000013,5.599999999999998,6.400000000000002,0.008600000000000052,2.0,6.399999999999999,8.399999999999999,-0.6000000000000014,-2.799999999999999,-1.4,-2.0,-1.5999999999999979,12.400000000000006,9.2,4.341864682416343
1,0.0,-0.0886699507389162,0.0,10.0,3.0,0.0928000000000001,2.5999999999999996,5.399999999999999,0.026600000000000068,-8.600000000000001,-8.400000000000002,-0.05940000000000012,-4.6,3.0,-1.6000000000000014,12.200000000000003,0.20000000000000107,-1.7999999999999998,1.200000000000001,-0.5999999999999979,14.0,1.4000000000000004,7.3722801729496865
1,0.0,0.06666666666666665,0.0,4.600000000000001,8.399999999999991,0.007600000000000051,4.199999999999999,5.399999999999999,0.05099999999999999,3.6000000000000014,5.199999999999999,-0.018200000000000105,4.3999999999999995,-3.0,1.4000000000000057,6.800000000000001,2.0,2.0000000000000004,-0.8000000000000007,0.0,17.0,6.2,10.947648915930756
0,0.0,-0.016129032258064502,0.0,7.600000000000001,7.0,0.04739999999999994,2.5999999999999996,5.199999999999996,0.026400000000000035,-1.1999999999999993,-2.0,0.0052000000000000934,-2.0,-1.9999999999999964,-4.0,10.599999999999998,-1.6000000000000005,0.3999999999999999,-0.8000000000000007,5.6,16.60000000000001,0.5999999999999996,8.027317021972948
0,0.0,0.12413793103448278,5.0,2.8000000000000043,8.599999999999994,-0.017799999999999983,-2.1999999999999993,-1.2000000000000028,-0.05300000000000005,2.200000000000003,6.400000000000002,-0.09419999999999995,1.5999999999999996,2.0,3.6000000000000014,-0.20000000000000284,0.8000000000000007,0.40000000000000036,0.6000000000000014,3.599999999999998,5.6000000000000085,1.0,-6.583292122628521
1,0.0,-0.45517241379310347,5.0,-1.1999999999999957,-5.799999999999997,0.012600000000000056,6.0,8.599999999999998,0.09299999999999997,8.0,7.199999999999999,0.10799999999999998,-7.000000000000002,1.9999999999999964,-5.0,4.199999999999999,-4.6,-4.4,-0.5999999999999996,1.3999999999999986,11.600000000000009,-16.4,6.392073765950315
1,0.0,-0.402073732718894,0.0,3.0,8.599999999999994,-0.009199999999999986,-2.4000000000000004,-1.6000000000000014,-0.046800000000000064,6.0,9.200000000000001,-0.052000000000000046,4.0,2.3999999999999986,6.399999999999999,-4.800000000000001,-2.0,-0.20000000000000018,-6.599999999999998,1.6000000000000014,9.599999999999994,-6.4,7.5983266878699
0,0.0,0.11290322580645162,0.0,11.600000000000001,8.799999999999997,0.08360000000000006,3.8000000000000007,3.799999999999997,0.0613999999999999,2.5999999999999996,5.0,-0.04679999999999995,0.3999999999999986,1.3999999999999986,1.8000000000000043,13.200000000000003,-0.1999999999999993,1.6000000000000005,-4.6,-3.0,29.599999999999994,19.4,21.957055708749763
0,-2.0,0.3237327188940092,5.0,2.0,9.0,-0.0258000000000001,-2.1999999999999993,1.3999999999999986,-0.06740000000000002,5.199999999999999,10.399999999999999,-0.10599999999999998,3.5999999999999996,0.8000000000000043,4.399999999999999,-1.1999999999999993,1.3999999999999986,3.3999999999999995,-3.5999999999999996,2.6000000000000014,7.0,-8.0,0.14425384556110998
1,-1.0,-0.18494623655913978,0.0,-5.799999999999997,-1.5999999999999943,-0.05780000000000002,-6.399999999999999,-6.200000000000003,-0.10060000000000002,2.1999999999999993,5.199999999999999,-0.08560000000000001,5.199999999999999,-2.1999999999999993,3.0,-5.600000000000001,0.40000000000000036,2.8000000000000003,-0.8000000000000007,4.800000000000001,-15.799999999999997,-13.4,-9.597095309188333
1,0.0,0.3225806451612903,0.0,2.1999999999999957,4.3999999999999915,0.0040000000000000036,1.200000000000001,-2.6000000000000014,0.0524,0.5999999999999979,-0.6000000000000014,0.029999999999999916,1.3999999999999986,4.599999999999998,6.0,1.0,2.799999999999999,-1.1999999999999997,0.1999999999999993,-7.199999999999999,6.200000000000003,9.6,2.734996831297707
1,2.0,-0.14166666666666666,5.0,-5.800000000000004,-1.7999999999999972,-0.05739999999999984,2.4000000000000004,3.8000000000000007,0.061000000000000054,7.400000000000002,9.600000000000001,-0.006400000000000072,4.0,-4.800000000000001,-0.7999999999999972,-0.7999999999999972,4.0,-0.39999999999999947,0.3999999999999986,5.0,-1.7999999999999972,-1.5999999999999996,-1.0840227986972053
0,-1.0,-0.23124999999999996,0.0,2.200000000000003,1.2000000000000028,0.015400000000000025,-1.4000000000000004,3.0,-0.06260000000000004,2.0000000000000018,1.8000000000000007,0.033600000000000074,-6.6000000000000005,-2.200000000000003,-8.799999999999997,5.399999999999999,-0.6000000000000005,0.3999999999999999,-0.8000000000000007,-0.8000000000000007,5.0,-9.0,-3.7924364568825695
0,1.0,0.4000000000000001,-5.0,3.8000000000000043,-1.5999999999999943,0.050999999999999934,-2.5999999999999996,-4.0,-0.029599999999999904,-8.400000000000002,-9.0,-0.07440000000000013,0.5999999999999996,5.599999999999998,6.200000000000003,-3.8000000000000007,-0.8000000000000007,2.2,-1.8000000000000007,-9.200000000000001,-3.3999999999999915,27.6,6.207664597610133
1,0.0,0.1116071428571429,10.0,-2.799999999999997,-2.4000000000000057,-0.016199999999999937,-4.6,-9.2,-0.030200000000000005,0.9999999999999982,4.199999999999999,-0.11099999999999988,6.0,0.3999999999999986,6.399999999999999,-5.800000000000001,-0.7999999999999998,3.6,1.6000000000000014,-0.3999999999999986,-9.200000000000003,2.0,-3.1649220587994478
0,0.0,-0.31666666666666665,5.0,1.6000000000000014,5.400000000000006,-0.011599999999999888,-2.5999999999999996,-8.400000000000002,0.0012000000000000344,5.399999999999999,8.0,-0.02179999999999993,-0.20000000000000107,2.599999999999998,2.3999999999999986,-0.7999999999999972,-1.5999999999999996,-2.4000000000000004,-2.0,-3.3999999999999986,6.0,-5.4,-2.2563806611444335
1,0.0,-0.47419354838709676,-5.0,-9.200000000000003,-24.19999999999999,0.021200000000000052,5.600000000000001,5.600000000000001,0.10679999999999995,3.3999999999999986,-1.0,0.16660000000000008,-9.2,-1.2000000000000028,-10.399999999999999,-6.800000000000001,-5.3999999999999995,-3.0,3.1999999999999993,-6.800000000000001,-9.400000000000006,-5.4,4.714550076282649
1,2.0,0.3971078976640712,-10.0,-2.6000000000000014,-9.0,0.017799999999999927,-0.5999999999999996,4.600000000000001,-0.04859999999999998,-2.1999999999999993,-0.1999999999999993,-0.0888000000000001,-1.799999999999999,-4.400000000000002,-6.199999999999996,-5.0,-4.4,-1.5999999999999996,0.1999999999999993,0.5999999999999979,-8.0,-8.8,-0.4204839599707384
1,0.0,-0.2769744160177976,0.0,1.6000000000000014,4.799999999999997,-0.007000000000000006,-3.0,-1.0,-0.062,-4.0,-5.199999999999999,-0.0052000000000000934,1.1999999999999993,0.20000000000000284,1.3999999999999986,-4.0,-3.2,0.0,-6.4,1.1999999999999993,-3.799999999999997,-7.199999999999999,1.6817358281961106
1,-1.0,0.0463709677419355,0.0,-4.0,-4.400000000000006,-0.022800000000000042,-2.5999999999999996,-6.600000000000001,-0.006199999999999983,-4.800000000000001,-6.0,-0.0023999999999999577,-2.8000000000000007,-3.400000000000002,-6.200000000000003,-3.3999999999999986,-2.000000000000001,-0.20000000000000018,-2.200000000000001,-3.200000000000003,-15.399999999999991,-11.0,-8.358035392010038
1,0.0,-0.24623655913978493,5.0,-3.4000000000000057,-1.2000000000000028,-0.03620000000000001,-3.200000000000001,-3.3999999999999986,-0.05499999999999999,0.7999999999999972,4.599999999999998,-0.09659999999999991,1.4000000000000004,-4.199999999999999,-2.799999999999997,1.3999999999999986,0.5999999999999996,-0.40000000000000036,4.999999999999998,2.599999999999998,-9.200000000000003,-14.0,-13.880195501460662
1,1.0,0.2869855394883204,0.0,4.200000000000003,0.4000000000000057,0.04380000000000006,-0.40000000000000036,0.0,0.0014000000000000123,-8.400000000000002,-9.600000000000001,-0.017199999999999993,-4.200000000000001,2.9999999999999964,-1.2000000000000028,0.0,0.7999999999999989,-0.7999999999999998,-0.6000000000000014,0.7999999999999972,-0.4000000000000057,-0.19999999999999996,-0.09554011690063646
1,0.0,0.4676724137931034,5.0,4.399999999999999,-1.4000000000000057,0.059400000000000064,1.799999999999999,-6.600000000000001,0.11120000000000008,-1.1999999999999993,-2.3999999999999986,0.0026000000000000467,3.8000000000000007,3.6000000000000014,7.399999999999999,1.0,2.4000000000000004,2.6,0.1999999999999993,-6.200000000000003,9.399999999999991,24.200000000000003,16.025104735478422
1,-1.0,0.013257575757575801,0.0,0.3999999999999986,2.0,-0.00840000000000013,2.1999999999999993,7.599999999999994,-0.008199999999999985,-6.999999999999998,-12.0,0.09160000000000001,-1.1999999999999993,1.0,-0.20000000000000284,3.0,0.20000000000000018,-0.40000000000000036,1.8000000000000007,-4.599999999999998,-4.0,3.0000000000000004,-4.148335401507495
1,0.0,-0.17842741935483875,-5.0,-1.1999999999999957,4.800000000000011,-0.04079999999999995,-2.9999999999999982,-1.5999999999999943,-0.0524,-1.4000000000000021,-0.3999999999999986,-0.03899999999999981,3.4000000000000004,-0.4000000000000057,3.0,-4.399999999999999,3.6000000000000005,-1.6,-1.0,-2.1999999999999993,-6.799999999999997,-2.2,-7.1377168168869645
0,1.0,-0.05141129032258063,0.0,3.0,6.200000000000003,0.0009999999999999454,6.399999999999999,6.800000000000004,0.08939999999999998,0.6000000000000014,1.7999999999999972,-0.04479999999999984,2.5999999999999996,-3.3999999999999986,-0.7999999999999972,7.0,-1.2000000000000002,1.7999999999999998,-0.6000000000000014,-0.8000000000000007,13.0,2.0,9.158835548275604
0,0.0,-0.1411290322580645,-5.0,5.799999999999997,1.5999999999999943,0.05580000000000007,2.1999999999999993,0.3999999999999986,0.04159999999999997,-3.6000000000000014,-5.599999999999998,0.03260000000000007,0.1999999999999993,2.5999999999999943,2.799999999999997,7.599999999999998,-3.0,-2.2,1.4000000000000004,-3.0,10.200000000000003,3.0,9.09598448692934
0,1.0,-0.15517241379310343,-5.0,-2.200000000000003,-8.200000000000003,0.020000000000000018,0.40000000000000036,-2.0,0.029000000000000026,-3.0,-4.0,0.006199999999999983,-5.0,0.3999999999999986,-4.600000000000001,-1.0,0.0,-2.0,-0.3999999999999986,-1.6000000000000014,-7.0,10.399999999999999,-1.1299798175322024
1,-1.0,0.042613636363636354,0.0,-9.200000000000003,-9.0,-0.05880000000000002,4.0,13.400000000000002,-0.007399999999999962,2.8000000000000007,6.199999999999999,-0.0766,1.6000000000000014,-3.3999999999999986,-1.7999999999999972,-3.400000000000002,1.2000000000000002,-1.4000000000000004,2.5999999999999996,4.600000000000001,-11.600000000000009,2.1999999999999997,-5.987362274942512
1,-1.0,0.38920454545454547,0.0,-1.3999999999999986,-1.6000000000000085,-0.0038000000000000256,-3.3999999999999986,-5.600000000000001,-0.025199999999999945,-1.8000000000000007,-3.0,0.03720000000000012,3.999999999999999,0.40000000000000213,4.399999999999999,-10.599999999999998,2.2,1.4000000000000004,-2.200000000000001,0.3999999999999986,-8.0,10.399999999999999,2.2565583687952824
0,0.0,0.2267839687194526,0.0,-1.6000000000000014,-2.0,-0.0025999999999999357,-4.200000000000001,-3.1999999999999957,-0.06619999999999993,3.8000000000000007,6.199999999999999,-0.04620000000000002,2.200000000000001,4.599999999999998,6.800000000000004,-3.8000000000000007,-2.200000000000001,1.5999999999999996,-2.1999999999999993,-2.6000000000000014,-3.5999999999999943,12.2,1.3217482134186866
0,-1.0,-0.3473118279569893,0.0,1.6000000000000014,6.200000000000003,-0.014199999999999935,-0.6000000000000014,0.3999999999999986,-0.016600000000000004,1.6000000000000014,1.1999999999999993,0.029999999999999916,-0.7999999999999989,4.399999999999999,3.6000000000000014,-0.6000000000000014,-4.800000000000001,2.2,-4.199999999999999,-1.1999999999999993,4.200000000000003,-6.6,0.24274788868781627
0,0.0,-0.4672531769305963,0.0,-1.0,-2.0,-0.0021999999999999242,-6.6,-9.599999999999998,-0.08899999999999997,6.599999999999998,9.200000000000003,-0.005599999999999827,-3.0,-1.3999999999999986,-4.400000000000006,-2.400000000000002,1.9999999999999991,-0.20000000000000018,-1.0,-1.6000000000000014,-2.0,-1.1999999999999997,-6.298912709890388
0,0.0,-0.06458333333333333,0.0,5.399999999999999,2.3999999999999915,0.049799999999999955,2.1999999999999993,1.2000000000000028,0.04740000000000005,-3.0,-1.0,-0.08579999999999999,-3.0,5.0000000000000036,2.0,9.400000000000002,1.799999999999999,1.7999999999999998,2.3999999999999986,-2.6000000000000014,10.0,5.2,2.1701740012755124
0,1.0,-0.22580645161290325,5.0,0.19999999999999574,4.799999999999997,-0.02240000000000003,0.5999999999999996,0.3999999999999986,0.015600000000000003,5.599999999999998,5.199999999999999,0.046600000000000086,0.5999999999999996,-2.9999999999999964,-2.3999999999999986,10.2,0.0,-1.8000000000000003,0.0,1.4000000000000021,6.599999999999994,-13.4,-1.0055537068475076
0,0.0,-0.08333333333333337,0.0,-2.0,-7.0,0.01539999999999997,1.0,4.199999999999999,0.0031999999999999806,-2.200000000000003,-3.0,-0.0043999999999999595,-4.800000000000001,-3.599999999999998,-8.399999999999999,-6.199999999999999,-2.799999999999999,-4.6,-1.5999999999999996,-2.1999999999999993,-5.200000000000003,-11.6,0.12767103646569922
1,0.0,0.07258064516129031,-5.0,-4.199999999999996,-16.799999999999997,0.043400000000000105,5.199999999999999,4.600000000000001,0.10259999999999997,4.0,-0.3999999999999986,0.16859999999999997,-8.0,0.40000000000000213,-7.600000000000001,-3.6000000000000014,-4.3999999999999995,0.39999999999999947,2.0000000000000018,0.6000000000000014,0.7999999999999972,14.8,9.648207035110104
1,0.0,-0.06433823529411764,0.0,1.8000000000000043,1.4000000000000057,0.009599999999999942,2.400000000000002,2.3999999999999986,0.03499999999999992,-2.799999999999999,-4.399999999999999,0.022800000000000042,-5.200000000000001,1.8000000000000007,-3.3999999999999986,4.600000000000001,0.0,-0.8000000000000003,-0.7999999999999989,-2.0,3.200000000000003,-5.6,-1.6596572461936177
0,0.0,0.19843597262952103,0.0,-3.3999999999999986,-7.400000000000006,-0.00019999999999997797,1.799999999999999,1.1999999999999957,0.035999999999999976,-0.3999999999999986,0.6000000000000014,-0.033400000000000096,-1.3999999999999986,-0.5999999999999943,-2.0,0.1999999999999993,2.6000000000000005,-4.3999999999999995,3.1999999999999993,-2.0,-5.400000000000006,5.8,-2.396870767111565
1,0.0,0.0,0.0,-2.0,-2.799999999999997,-0.006400000000000017,-5.999999999999998,-3.5999999999999943,-0.11619999999999997,3.1999999999999993,5.0,-0.03420000000000001,0.40000000000000036,1.7999999999999972,2.1999999999999957,-1.4000000000000021,-2.3999999999999995,0.8000000000000003,-1.1999999999999993,-4.0,-6.799999999999997,3.0,-3.5326799900845742
1,0.0,0.23345588235294118,0.0,1.1999999999999957,-1.4000000000000057,0.020399999999999974,5.199999999999999,10.0,0.05080000000000001,-6.199999999999999,-6.400000000000002,-0.04679999999999995,-2.200000000000001,4.0000000000000036,1.7999999999999972,8.2,-4.3999999999999995,0.39999999999999947,1.200000000000001,0.1999999999999993,1.4000000000000057,1.1999999999999993,1.7934644776742772
0,0.0,-0.3636363636363636,0.0,1.3999999999999986,-1.7999999999999972,0.022599999999999953,3.4000000000000004,6.199999999999999,0.036599999999999966,-5.999999999999998,-5.800000000000001,-0.06159999999999988,-3.3999999999999986,-2.6000000000000014,-6.0,0.40000000000000213,-0.40000000000000036,-1.0000000000000004,3.6000000000000014,-0.3999999999999986,0.20000000000000284,-8.399999999999999,-2.585765154929348
1,0.0,0.42424242424242425,0.0,6.799999999999997,6.3999999999999915,0.04440000000000005,-1.1999999999999993,-4.399999999999999,0.022800000000000042,-2.400000000000002,-6.599999999999998,0.12439999999999984,-2.5999999999999996,1.0000000000000036,-1.6000000000000014,0.0,3.2,0.7999999999999998,-4.799999999999999,-3.599999999999998,10.0,7.199999999999999,8.12351223993302
0,0.0,-0.17140151515151514,-5.0,-3.8000000000000043,0.6000000000000085,-0.04820000000000002,4.4,1.0,0.09660000000000007,-3.799999999999997,-3.1999999999999993,-0.03880000000000006,2.3999999999999986,-0.20000000000000284,2.200000000000003,-2.0,-2.5999999999999996,-1.2000000000000002,-0.5999999999999996,-1.6000000000000014,-7.0,-9.2,-2.048795910107316
0,0.0,-0.09926470588235292,0.0,-5.199999999999996,3.4000000000000057,-0.0776,-5.6,-1.0,-0.13019999999999993,-3.6000000000000014,-3.8000000000000007,-0.016199999999999992,4.6,-0.6000000000000014,4.0,-4.600000000000001,2.4000000000000004,0.7999999999999998,-1.0,1.3999999999999986,-19.599999999999994,-0.2,-15.36595125577091
1,0.0,-0.19518716577540107,-5.0,2.0,0.20000000000000284,0.021600000000000008,4.399999999999999,3.3999999999999986,0.05839999999999995,-0.6000000000000014,-2.400000000000002,0.04700000000000004,-2.6000000000000005,-2.400000000000002,-5.0,5.0,-2.200000000000001,-2.4000000000000004,3.799999999999999,2.6000000000000014,7.799999999999997,-12.6,1.360870422529885
0,-1.0,0.21212121212121215,0.0,-1.2000000000000028,-6.599999999999994,0.029799999999999938,-2.5999999999999996,-5.200000000000003,-0.013600000000000001,-0.8000000000000007,3.0,-0.14859999999999995,0.40000000000000036,-4.199999999999999,-3.799999999999997,1.1999999999999993,-0.7999999999999989,4.4,2.5999999999999996,7.0,-5.799999999999997,-2.6000000000000005,-2.109959981989462
0,0.0,-0.38257575757575757,5.0,-2.3999999999999986,1.0,-0.032399999999999984,-2.4000000000000004,-8.8,0.011199999999999988,0.0,0.8000000000000007,-0.028799999999999937,2.0,-3.0,-1.0,3.1999999999999993,1.1999999999999993,0.1999999999999993,1.8000000000000007,0.3999999999999986,-7.200000000000003,-22.6,-8.811853536681596
1,0.0,-0.03125,0.0,-3.8000000000000043,-11.0,0.016400000000000026,0.6000000000000014,-2.200000000000003,0.03639999999999999,2.1999999999999993,1.4000000000000021,0.04380000000000006,-2.0,-1.3999999999999986,-3.3999999999999986,-8.8,1.3999999999999995,2.4,-3.200000000000001,0.8000000000000007,-4.800000000000011,26.4,9.334272620219096
0,1.0,-0.19544592030360525,-5.0,7.199999999999996,-1.2000000000000028,0.0865999999999999,-2.5999999999999996,-11.600000000000001,0.045599999999999974,-8.4,-7.400000000000002,-0.10040000000000004,-4.4,6.600000000000001,2.200000000000003,3.799999999999997,-2.8000000000000007,1.2000000000000002,0.8000000000000007,-5.4,3.3999999999999915,1.2000000000000002,3.162525477750563
0,0.0,-0.3333333333333333,-5.0,-7.600000000000001,-4.400000000000006,-0.06219999999999992,2.3999999999999986,11.400000000000002,-0.034999999999999976,1.0,-0.3999999999999986,0.052200000000000135,-5.200000000000001,-0.6000000000000014,-5.800000000000004,0.5999999999999979,0.0,-1.7999999999999998,1.0,4.800000000000001,-11.799999999999997,-2.2,-13.844480958712865
0,0.0,0.2398268398268399,0.0,-1.6000000000000014,1.7999999999999972,-0.025000000000000022,1.0,-0.7999999999999972,0.03319999999999995,3.3999999999999986,1.4000000000000021,0.12419999999999998,4.600000000000001,1.6000000000000014,6.200000000000003,-5.0,0.0,-0.7999999999999998,-1.1999999999999993,3.3999999999999986,1.2000000000000028,1.0,4.821426139548706
1,0.0,0.0784313725490196,0.0,-2.799999999999997,-7.0,0.006599999999999884,-4.800000000000001,-7.799999999999997,-0.04460000000000003,-0.1999999999999993,-0.1999999999999993,-0.0045999999999999375,-5.199999999999999,3.200000000000003,-2.0,-7.399999999999999,1.5999999999999996,0.7999999999999998,1.0,0.20000000000000284,-10.600000000000009,1.1999999999999997,-9.46228668361293
1,0.0,0.1906158357771261,-5.0,-4.799999999999997,-6.799999999999997,-0.018400000000000027,-3.0,-0.8000000000000043,-0.06519999999999998,-5.400000000000002,-3.8000000000000007,-0.10099999999999998,2.0,-10.599999999999998,-8.600000000000001,-8.0,-0.1999999999999993,-4.2,-1.4000000000000021,2.0,-18.0,-13.4,-5.260297688885544
0,0.0,-0.32352941176470584,5.0,-2.0,-2.200000000000003,-0.008000000000000007,2.8000000000000007,6.0,0.0050000000000000044,5.199999999999999,4.600000000000001,0.053199999999999914,1.5999999999999996,-0.3999999999999986,1.2000000000000028,4.599999999999998,-0.7999999999999989,-0.5999999999999996,2.5999999999999996,2.8000000000000007,4.0,1.7999999999999998,3.4713798072991295
1,1.0,0.340463458110517,0.0,4.199999999999996,6.599999999999994,0.016800000000000037,3.4000000000000004,6.199999999999996,0.03739999999999999,0.40000000000000036,1.0,-0.010600000000000054,5.4,3.8000000000000007,9.200000000000003,1.1999999999999993,-1.0,-0.7999999999999998,0.40000000000000036,2.200000000000003,12.199999999999989,24.0,10.3031419431654
1,0.0,-0.1541125541125542,-5.0,1.8000000000000043,7.200000000000003,-0.01899999999999996,0.6000000000000014,4.199999999999996,-0.019600000000000006,-8.2,-8.200000000000003,-0.08999999999999997,2.8000000000000007,2.3999999999999986,5.199999999999996,2.0,3.000000000000001,1.4,0.3999999999999986,0.6000000000000014,-4.0,10.2,-5.35997910077009
0,0.0,-0.18319327731092436,0.0,1.4000000000000057,4.599999999999994,-0.006799999999999973,-4.4,-9.200000000000003,-0.03460000000000002,9.6,10.600000000000001,0.08020000000000005,-0.40000000000000036,-2.3999999999999986,-2.799999999999997,-0.6000000000000014,1.1999999999999993,2.1999999999999997,-6.000000000000002,-1.3999999999999986,8.0,-4.0,3.7422882988196022
1,0.0,-0.07397504456327986,0.0,1.6000000000000014,1.4000000000000057,0.010200000000000042,4.0,9.799999999999997,0.0338,-4.599999999999998,-4.200000000000003,-0.05599999999999994,-0.5999999999999996,6.0,5.399999999999999,3.799999999999997,-3.5999999999999996,1.2000000000000002,2.4000000000000004,-5.800000000000001,2.5999999999999943,-1.8,-0.5646804600493027
1,1.0,-0.07258064516129031,0.0,5.399999999999999,12.399999999999991,-0.0024000000000001243,-1.0,-4.0,0.012200000000000044,-1.4000000000000021,-3.200000000000003,0.034399999999999875,3.0,6.800000000000001,9.800000000000004,0.1999999999999993,-2.2,5.4,-4.0,-1.2000000000000028,8.399999999999991,-1.4,4.12550878171389
0,0.0,-0.5508021390374331,0.0,-1.7999999999999972,-1.0,-0.01819999999999994,2.0,0.7999999999999972,0.042200000000000015,-5.400000000000002,-4.199999999999999,-0.0766,-2.1999999999999993,-6.0,-8.199999999999996,0.1999999999999993,1.5999999999999996,-0.3999999999999999,2.8000000000000007,6.399999999999999,-7.0,-16.4,-9.569295955927032
0,0.0,0.1764705882352941,0.0,-0.8000000000000043,1.2000000000000028,-0.015199999999999991,-4.199999999999999,-2.799999999999997,-0.07840000000000003,-1.6000000000000014,-2.3999999999999986,0.023399999999999976,-2.1999999999999993,5.199999999999996,3.0,0.0,-1.0,1.6000000000000005,0.7999999999999989,-2.1999999999999993,-7.400000000000006,-5.6,-11.084316337539349
0,0.0,-0.2727272727272727,0.0,-3.799999999999997,-8.799999999999997,0.005800000000000083,2.0,-1.0,0.06399999999999995,7.200000000000003,6.399999999999999,0.06359999999999988,-1.1999999999999993,-3.799999999999997,-5.0,-0.5999999999999979,0.5999999999999996,0.40000000000000036,-3.0,1.8000000000000007,1.5999999999999943,12.599999999999998,11.267626408235188
1,0.0,-0.33456221198156677,0.0,0.0,5.0,-0.030400000000000094,-2.0,-3.3999999999999986,-0.02839999999999998,0.8000000000000007,0.0,0.047799999999999954,-7.4,1.8000000000000007,-5.600000000000001,1.1999999999999993,-1.0,-2.2,-2.200000000000001,-3.1999999999999993,-1.2000000000000028,-16.799999999999997,-12.886109839378108
1,2.0,0.09920634920634919,5.0,-1.7999999999999972,4.6000000000000085,-0.04099999999999998,-4.599999999999998,-3.200000000000003,-0.07839999999999997,3.8000000000000007,1.4000000000000021,0.1424000000000002,6.0,0.19999999999999574,6.200000000000003,-3.1999999999999993,0.0,0.9999999999999996,-3.0,3.200000000000003,-4.400000000000006,1.0,-0.44166275412965206
0,0.0,0.30672268907563033,0.0,1.8000000000000043,1.5999999999999943,0.013200000000000045,-5.0,-5.0,-0.08200000000000002,7.400000000000002,6.800000000000001,0.08940000000000003,-3.8000000000000007,5.600000000000001,1.7999999999999972,-0.8000000000000007,-0.20000000000000018,0.20000000000000018,-3.5999999999999996,-2.3999999999999986,6.0,5.0,0.3907160293753833
0,-1.0,0.11397058823529416,-5.0,2.6000000000000014,3.8000000000000114,0.011599999999999944,4.799999999999999,7.600000000000001,0.05279999999999996,-1.7999999999999972,-2.3999999999999986,0.015599999999999947,1.1999999999999993,3.0,4.199999999999996,7.199999999999999,-1.4000000000000004,-1.2000000000000002,-1.8000000000000007,-0.3999999999999986,8.200000000000003,3.6000000000000005,8.590978414571097
0,-1.0,-0.05882352941176472,-5.0,3.0,5.799999999999997,0.0011999999999999234,-0.40000000000000036,-3.3999999999999986,0.006000000000000061,-0.40000000000000213,-4.400000000000002,0.14479999999999982,4.199999999999999,0.0,4.200000000000003,1.6000000000000014,4.199999999999999,-3.8000000000000003,2.5999999999999996,0.0,5.200000000000003,9.6,2.4107784587140912
1,-1.0,0.1506493506493506,5.0,0.0,3.4000000000000057,-0.01479999999999998,0.8000000000000007,6.200000000000003,-0.03199999999999997,-2.1999999999999993,-3.0,0.01860000000000006,1.8000000000000007,1.6000000000000014,3.4000000000000057,-1.4000000000000021,0.6000000000000014,0.7999999999999998,0.7999999999999989,0.5999999999999979,-1.4000000000000057,0.0,-2.1865537420112418
0,-1.0,-0.1797385620915033,0.0,-0.19999999999999574,7.0,-0.04079999999999995,2.1999999999999993,8.199999999999996,-0.021399999999999975,-6.799999999999999,-8.8,-0.011800000000000033,1.8000000000000007,5.800000000000004,7.600000000000001,-0.8000000000000007,-2.0,-2.0,-2.1999999999999993,-3.1999999999999993,-5.0,0.7999999999999998,-3.6768845317480157
1,0.0,0.21507352941176472,-5.0,-5.0,-11.599999999999994,0.007399999999999962,-1.1999999999999993,-2.1999999999999957,-0.006800000000000028,-2.3999999999999986,-2.1999999999999993,-0.031200000000000006,0.7999999999999989,-7.199999999999996,-6.400000000000006,-7.199999999999999,-0.1999999999999993,-3.4000000000000004,2.0,1.2000000000000028,-13.600000000000009,-10.8,-1.2796338539206573
1,0.0,-0.36397058823529416,-5.0,-5.399999999999999,-8.400000000000006,-0.01779999999999987,-1.1999999999999993,0.4000000000000057,-0.041999999999999926,-1.2000000000000028,0.8000000000000007,-0.058399999999999785,0.6000000000000014,-8.0,-7.399999999999999,-2.8000000000000007,4.8,-0.20000000000000018,3.200000000000001,2.3999999999999986,-13.200000000000003,-2.0,-6.79936921742042
0,1.0,-0.35584415584415585,-5.0,-0.3999999999999986,0.0,-0.002599999999999991,0.1999999999999993,-5.0,0.047800000000000065,-3.400000000000002,-5.199999999999999,0.02960000000000007,1.3999999999999986,3.6000000000000014,5.0,-2.0,0.0,2.200000000000001,3.4000000000000004,1.3999999999999986,-4.0,6.2,-3.4571333565311306
1,0.0,-0.26890756302521,0.0,-2.1999999999999957,4.0,-0.0408,0.5999999999999996,0.0,0.0050000000000000044,-2.3999999999999986,-2.400000000000002,-0.02740000000000009,7.0,-1.3999999999999986,5.600000000000001,-3.3999999999999986,-1.0,-2.0,1.3999999999999986,2.799999999999997,-6.200000000000003,-9.2,-2.6923414328432216
1,0.0,0.3714285714285714,0.0,-1.5999999999999943,2.0,-0.026999999999999913,-5.0,-6.400000000000002,-0.0952,5.0,6.599999999999998,0.0011999999999999789,2.8,2.6000000000000014,5.399999999999999,-0.3999999999999986,-1.0,0.6000000000000001,-5.200000000000001,-0.8000000000000007,-3.200000000000003,8.6,0.13462891974806723
0,0.0,-0.19999999999999998,0.0,-2.4000000000000057,2.0,-0.03759999999999991,-3.8000000000000007,-5.399999999999999,-0.05739999999999995,-3.799999999999999,-4.399999999999999,0.0013999999999999568,1.4000000000000004,-3.0,-1.6000000000000014,-0.1999999999999993,0.0,0.5999999999999996,2.0,0.0,-12.399999999999991,-19.6,-13.152161183699192
1,-1.0,0.3206349206349206,0.0,6.800000000000004,5.799999999999997,0.041800000000000004,5.0,6.599999999999998,0.08059999999999995,-3.799999999999997,-8.599999999999998,0.12460000000000004,-0.40000000000000036,3.1999999999999993,2.8000000000000043,8.400000000000002,4.2,-3.6000000000000005,2.0,-2.1999999999999993,14.799999999999997,22.2,9.312143001098704
1,0.0,0.1613445378151261,0.0,4.799999999999997,-0.7999999999999972,0.05759999999999993,4.199999999999999,3.5999999999999943,0.06939999999999996,3.1999999999999993,3.200000000000003,0.02960000000000007,1.3999999999999986,-5.599999999999998,-4.200000000000003,-4.400000000000002,2.5999999999999996,0.5999999999999996,-1.0,2.0,17.0,20.2,19.633465143028346
0,1.0,-0.08138528138528134,5.0,2.3999999999999986,6.6000000000000085,-0.007800000000000029,2.5999999999999996,4.800000000000004,0.024399999999999977,-3.3999999999999986,-3.1999999999999993,-0.02939999999999987,2.4000000000000004,1.1999999999999993,3.6000000000000014,-1.0,3.1999999999999993,2.2,2.200000000000001,1.1999999999999993,4.0,7.2,-1.929473247215853
0,-1.0,0.4904761904761905,0.0,5.199999999999996,0.5999999999999943,0.05379999999999996,-4.199999999999999,-5.400000000000006,-0.055999999999999994,1.3999999999999986,-0.8000000000000007,0.09800000000000009,-6.0,1.3999999999999986,-4.600000000000001,0.1999999999999993,3.3999999999999995,3.2,-0.6000000000000014,0.3999999999999986,7.599999999999994,17.8,0.7700120057231459
1,0.0,0.12387387387387389,5.0,-0.5999999999999943,4.6000000000000085,-0.02799999999999997,-5.999999999999998,-5.199999999999996,-0.0952,6.000000000000002,3.3999999999999986,0.16180000000000017,4.600000000000001,2.3999999999999986,7.0,-4.600000000000001,-1.1999999999999993,2.0,-2.5999999999999996,2.8000000000000007,-1.1999999999999886,0.6000000000000001,-0.3071052704291901
1,1.0,0.05625000000000002,0.0,3.200000000000003,-4.200000000000003,0.060199999999999976,-4.200000000000001,-7.599999999999998,-0.026400000000000035,-2.599999999999998,-2.6000000000000014,-0.032400000000000095,-0.1999999999999993,-0.5999999999999943,-0.7999999999999972,1.1999999999999993,1.200000000000001,2.8,1.1999999999999993,-4.0,-0.3999999999999915,5.6,4.687233908245517
1,0.0,-0.17483660130718953,-5.0,-1.3999999999999986,-5.199999999999989,0.009999999999999953,-0.5999999999999979,-2.799999999999997,0.02300000000000002,3.1999999999999993,1.8000000000000007,0.06440000000000001,-2.0,-2.1999999999999993,-4.199999999999996,-5.399999999999999,-0.20000000000000107,1.4000000000000004,-6.799999999999999,0.6000000000000014,-0.20000000000000284,15.6,10.681802781147795
1,0.0,0.09150326797385616,0.0,-1.6000000000000014,6.400000000000006,-0.052800000000000014,2.6000000000000014,8.0,-0.00040000000000001146,-3.6000000000000014,-1.4000000000000021,-0.09660000000000002,6.600000000000001,3.799999999999997,10.399999999999999,-5.599999999999998,-2.0,-0.6000000000000005,0.1999999999999993,0.0,-4.200000000000003,3.8000000000000003,-2.8952450786052424
1,-1.0,0.08571428571428574,0.0,-0.3999999999999986,-9.400000000000006,0.048199999999999965,-4.399999999999999,-13.000000000000004,0.013000000000000067,0.0,1.5999999999999979,-0.057600000000000096,-3.200000000000001,-1.8000000000000043,-5.0,-1.6000000000000014,2.6000000000000014,3.9999999999999996,4.800000000000001,0.8000000000000007,-5.199999999999989,4.4,-4.417988002041085
0,0.0,-0.37387387387387394,0.0,2.0,-3.3999999999999915,0.04020000000000007,0.0,-5.199999999999996,0.05499999999999999,0.0,0.40000000000000213,0.008399999999999963,-5.800000000000001,-4.0,-9.799999999999997,1.5999999999999979,-1.1999999999999993,-3.8000000000000003,-0.40000000000000036,6.0,4.0,-13.0,1.8982610957484383
0,-1.0,-0.1388888888888889,0.0,-7.600000000000001,-5.0,-0.06259999999999988,0.40000000000000036,4.600000000000001,-0.04139999999999999,1.5999999999999979,1.7999999999999972,0.03560000000000019,3.6000000000000005,-9.400000000000002,-5.799999999999997,-2.599999999999998,0.7999999999999998,-1.6000000000000005,1.0,5.799999999999999,-13.199999999999989,-19.0,-5.855199410388423
0,0.0,-0.4504504504504504,0.0,0.7999999999999972,12.799999999999997,-0.060799999999999965,0.0,-1.7999999999999972,0.009800000000000031,-2.1999999999999993,-3.799999999999997,0.027999999999999914,5.4,2.0,7.399999999999999,-2.0,-1.200000000000001,4.0,-1.6000000000000014,-0.40000000000000213,-0.5999999999999943,-10.8,-4.5608079958606424
1,-1.0,-0.28571428571428575,5.0,4.399999999999999,2.799999999999997,0.036599999999999966,0.5999999999999996,-2.3999999999999986,0.03839999999999999,-4.199999999999999,-4.800000000000001,-0.01539999999999997,-2.0,-3.200000000000003,-5.200000000000003,3.6000000000000014,1.6000000000000005,1.7999999999999998,2.8000000000000007,2.3999999999999986,5.199999999999989,3.8000000000000003,-0.5854280879353837
1,0.0,0.08333333333333326,0.0,-2.5999999999999943,-9.0,0.018199999999999994,-3.1999999999999993,-2.799999999999997,-0.05020000000000002,1.1999999999999993,3.8000000000000007,-0.07819999999999994,-3.0,1.5999999999999979,-1.3999999999999986,-3.8000000000000007,-4.0,0.6000000000000005,-3.1999999999999993,-1.3999999999999986,-7.200000000000003,-6.8,1.1406168396704004
1,0.0,-0.2908496732026144,0.0,-1.4000000000000057,2.200000000000003,-0.028000000000000025,2.4000000000000004,4.599999999999998,0.03419999999999995,-5.399999999999999,-9.2,0.07220000000000004,3.6000000000000014,0.20000000000000284,3.799999999999997,-4.799999999999997,0.8000000000000007,4.4,6.400000000000002,-3.0,-5.799999999999997,-3.6,-6.799599267536578
1,0.0,-0.20720720720720714,0.0,-1.6000000000000014,2.799999999999997,-0.03959999999999991,5.4,9.400000000000006,0.04400000000000004,3.1999999999999993,3.599999999999998,0.025399999999999978,0.0,-1.6000000000000014,-1.6000000000000014,2.0,-2.2,-1.7999999999999998,0.0,2.6000000000000014,5.3999999999999915,-6.6,0.29231182529039756
1,1.0,0.2368421052631579,0.0,0.8000000000000043,-0.7999999999999972,0.010599999999999943,4.399999999999999,4.200000000000003,0.06880000000000008,-1.5999999999999996,0.0,-0.07120000000000004,-3.4000000000000004,2.200000000000003,-1.1999999999999957,6.200000000000003,3.5999999999999996,-4.6000000000000005,-1.8000000000000007,0.3999999999999986,4.3999999999999915,10.2,3.0767220634349854
1,0.0,0.467953667953668,0.0,1.2000000000000028,5.799999999999997,-0.018600000000000005,0.0,3.6000000000000014,-0.026799999999999935,1.3999999999999986,-0.1999999999999993,0.08820000000000017,-1.6000000000000005,3.9999999999999964,2.3999999999999986,-4.199999999999999,2.4000000000000004,3.0,-3.4000000000000004,-1.0,3.8000000000000114,18.0,-1.0066890236793
0,0.0,-0.23348348348348352,-5.0,-4.0,-11.0,0.013400000000000023,5.6,3.0,0.1154,0.8000000000000007,0.0,0.03079999999999994,-2.4000000000000004,-3.5999999999999943,-6.0,-2.599999999999998,-2.0,-1.8000000000000003,3.4000000000000004,-2.400000000000002,-1.5999999999999943,-5.0,4.7603657715904575
1,0.0,0.2674603174603174,0.0,-0.3999999999999986,7.599999999999994,-0.04520000000000007,2.1999999999999993,3.6000000000000014,0.018199999999999994,-3.1999999999999993,-3.8000000000000007,0.007599999999999829,0.7999999999999989,0.3999999999999986,1.2000000000000028,2.799999999999997,-0.6000000000000005,-3.6,2.1999999999999993,0.5999999999999979,-1.7999999999999972,-18.4,-10.54426481755634
1,-1.0,0.06906906906906907,0.0,-2.3999999999999986,-0.7999999999999972,-0.01979999999999993,1.0,5.799999999999997,-0.038000000000000034,1.0,1.8000000000000007,-0.011599999999999944,1.5999999999999996,-2.6000000000000014,-1.0,2.8000000000000007,3.8,-0.20000000000000018,2.4000000000000004,-0.1999999999999993,-2.799999999999997,-9.0,-3.6816320045871294
1,0.0,0.017973856209150263,0.0,-2.3999999999999986,10.400000000000006,-0.08240000000000003,-0.20000000000000107,2.1999999999999957,-0.02799999999999997,1.6000000000000014,0.6000000000000014,0.04260000000000008,3.1999999999999993,5.199999999999996,8.399999999999999,-3.400000000000002,-1.7999999999999998,-0.9999999999999996,-4.200000000000001,-2.8000000000000007,-3.4000000000000057,-5.8,-6.529585577773091
0,2.0,-0.20720720720720726,0.0,-4.199999999999996,-7.199999999999989,-0.011200000000000043,1.200000000000001,4.799999999999997,-0.005400000000000016,1.8000000000000007,1.0,0.050000000000000044,0.8000000000000007,-9.600000000000001,-8.800000000000004,-4.400000000000002,2.8000000000000007,-0.39999999999999947,1.1999999999999993,-1.5999999999999979,-5.3999999999999915,-4.6,1.5738815762687182
0,0.0,-0.00952380952380949,-5.0,4.399999999999999,8.600000000000009,0.004200000000000037,3.9999999999999982,10.399999999999999,0.0018000000000000238,-4.6,-6.600000000000001,0.031200000000000006,5.800000000000001,1.6000000000000014,7.399999999999999,-0.7999999999999972,2.4000000000000004,1.4000000000000004,-1.0,-2.599999999999998,8.199999999999989,20.0,10.081095381511048
1,0.0,0.2777777777777778,0.0,-0.19999999999999574,-5.799999999999997,0.033999999999999975,-2.200000000000001,-11.799999999999997,0.057599999999999985,6.200000000000001,6.800000000000001,0.007799999999999918,3.2,-6.199999999999999,-3.0,-4.599999999999998,6.0,2.2,4.799999999999999,5.199999999999999,3.5999999999999943,15.399999999999999,5.297493073426111
1,1.0,0.273109243697479,10.0,4.599999999999994,6.800000000000011,0.015199999999999991,2.6000000000000014,6.399999999999999,0.006799999999999917,-1.5999999999999979,-0.6000000000000014,-0.03600000000000003,0.1999999999999993,-1.6000000000000014,-1.3999999999999986,1.4000000000000021,0.0,-0.7999999999999998,-1.4000000000000004,0.7999999999999972,10.200000000000003,2.8000000000000003,4.327346000768131
0,-1.0,-0.13888888888888895,5.0,3.4000000000000057,5.799999999999997,0.00720000000000004,-1.799999999999999,0.3999999999999986,-0.0464,0.3999999999999986,0.7999999999999972,-0.027200000000000002,-1.8000000000000007,2.200000000000003,0.4000000000000057,5.800000000000001,-1.2000000000000002,2.4,3.6000000000000014,1.3999999999999986,5.3999999999999915,-8.8,-6.535015872920837
1,0.0,0.09601706970128021,0.0,3.5999999999999943,3.3999999999999915,0.020200000000000107,-0.5999999999999996,0.8000000000000043,-0.026600000000000013,1.6000000000000014,1.8000000000000007,0.022199999999999998,-0.6000000000000014,0.20000000000000284,-0.3999999999999986,-2.400000000000002,0.20000000000000107,-0.6000000000000005,-4.199999999999999,-2.3999999999999986,8.200000000000003,8.4,7.094268945079591
1,-1.0,-0.045045045045045085,5.0,1.0,1.2000000000000028,0.0036000000000000476,2.6000000000000014,8.200000000000003,-0.010999999999999954,1.1999999999999993,1.3999999999999986,0.0005999999999999339,3.200000000000001,-6.0,-2.8000000000000043,5.200000000000003,1.0,-2.4,0.3999999999999986,7.800000000000001,5.799999999999997,-8.8,6.728967244303661
0,-1.0,0.1891891891891892,0.0,-3.0,-2.4000000000000057,-0.020999999999999908,1.799999999999999,5.600000000000001,-0.014400000000000024,2.8000000000000007,1.6000000000000014,0.06420000000000015,6.6,3.3999999999999986,10.0,-3.8000000000000007,-2.8000000000000007,0.6000000000000001,3.1999999999999993,-3.8000000000000007,-1.4000000000000057,12.4,3.891120465625889
1,0.0,-0.05405405405405406,0.0,1.8000000000000043,0.7999999999999972,0.018400000000000027,0.3999999999999986,2.0,-0.018000000000000016,-3.799999999999999,-2.1999999999999993,-0.12339999999999995,1.0,3.0,4.0,-1.4000000000000021,2.3999999999999995,0.20000000000000018,0.0,-0.40000000000000213,0.20000000000000284,14.8,1.3013593430221988
0,0.0,-0.037581699346405206,5.0,-4.799999999999997,-4.6000000000000085,-0.03180000000000005,-1.0,-2.6000000000000014,-0.010599999999999943,1.3999999999999986,5.0,-0.1217999999999998,-0.3999999999999986,-4.599999999999998,-5.0,-1.8000000000000007,3.5999999999999996,-1.2000000000000002,3.5999999999999996,2.3999999999999986,-9.199999999999989,-12.399999999999999,-11.034577165060043
0,0.0,0.07264957264957267,0.0,1.3999999999999986,-3.1999999999999886,0.03119999999999995,2.3999999999999986,-1.0,0.07960000000000012,3.1999999999999993,0.6000000000000014,0.14200000000000002,0.0,0.6000000000000014,0.6000000000000014,0.1999999999999993,0.7999999999999989,0.0,-0.1999999999999993,1.8000000000000007,8.399999999999991,11.0,10.948331305285933
0,0.0,0.2141372141372141,5.0,-3.3999999999999986,-8.0,0.00539999999999996,0.1999999999999993,-1.0,0.013199999999999934,6.000000000000002,5.799999999999997,0.08540000000000003,-2.0,-6.0,-8.0,-6.800000000000001,-5.0,1.4000000000000004,-3.4000000000000004,-1.0,-0.6000000000000085,-5.4,6.749490777128642
1,0.0,0.033625730994152,0.0,4.0,0.6000000000000085,0.0388,7.600000000000001,9.0,0.1084,-3.400000000000002,-5.199999999999999,0.03300000000000003,0.5999999999999996,-2.0,-1.3999999999999986,-1.8000000000000007,-1.0,0.6000000000000005,0.0,-4.399999999999999,12.200000000000003,6.2,15.536209205564205
1,0.0,-0.17337461300309603,0.0,-2.3999999999999986,-2.200000000000003,-0.024599999999999955,6.199999999999999,9.0,0.07300000000000006,2.599999999999998,2.6000000000000014,0.02760000000000007,-3.400000000000002,-1.4000000000000057,-4.799999999999997,2.1999999999999993,-0.5999999999999996,-1.3999999999999995,0.1999999999999993,-0.40000000000000213,4.0,-3.4000000000000004,1.099113940219695
0,0.0,0.22471042471042468,0.0,-3.6000000000000014,-4.400000000000006,-0.01600000000000007,-3.8000000000000007,0.6000000000000014,-0.10820000000000002,5.0,8.399999999999999,-0.0524,0.6000000000000014,1.3999999999999986,2.0,-1.1999999999999993,3.5999999999999996,0.20000000000000018,4.800000000000001,3.0,-6.0,-7.4,-9.914109738819434
0,0.0,-0.38335704125177805,0.0,1.6000000000000014,4.0,-0.00280000000000008,1.0,0.3999999999999986,0.02400000000000002,-6.400000000000002,-6.600000000000001,-0.09140000000000004,4.800000000000001,2.200000000000003,7.0,2.6000000000000014,-4.2,-2.2,5.6,0.1999999999999993,-2.200000000000003,-14.8,-3.9803649228058617
0,0.0,-0.018796992481202923,-5.0,-4.599999999999994,-5.0,-0.023799999999999932,-4.6,-9.000000000000004,-0.05180000000000001,-0.20000000000000284,1.6000000000000014,-0.0666000000000001,0.0,3.3999999999999986,3.3999999999999986,1.5999999999999979,-1.8000000000000007,-2.6000000000000005,3.0,2.1999999999999993,-14.0,-10.600000000000001,-11.617604879986175
1,-1.0,0.31009957325746795,0.0,3.6000000000000014,3.200000000000003,0.027200000000000002,7.800000000000001,15.800000000000004,0.06419999999999998,0.3999999999999986,-0.1999999999999993,0.009000000000000008,2.0,0.40000000000000213,2.4000000000000057,8.200000000000003,2.5999999999999996,-2.0,-0.8000000000000007,-3.599999999999998,15.400000000000006,17.2,14.976662660377798
0,2.0,0.3783783783783784,0.0,2.6000000000000014,2.200000000000003,0.019399999999999862,-1.4000000000000004,-5.9999999999999964,0.013000000000000123,-0.8000000000000007,0.6000000000000014,-0.07920000000000016,-0.5999999999999996,1.1999999999999993,0.6000000000000014,4.0,4.6,1.5999999999999996,2.8000000000000007,2.400000000000002,3.0,15.0,-3.6681241725833047
0,-2.0,-0.05405405405405406,0.0,4.599999999999994,1.0,0.04420000000000002,7.0,4.799999999999997,0.14559999999999995,-8.799999999999999,-10.599999999999998,-0.018799999999999817,3.0,-5.399999999999999,-2.3999999999999986,-0.8000000000000007,-2.8000000000000007,1.2000000000000002,-1.6000000000000014,-3.3999999999999986,7.400000000000006,8.2,17.05590227619996
1,-2.0,-0.3563300142247511,0.0,-1.3999999999999986,-10.599999999999994,0.03959999999999997,-2.5999999999999996,-8.399999999999999,0.02739999999999998,1.6000000000000014,1.8000000000000007,0.013800000000000034,-6.800000000000001,0.19999999999999574,-6.600000000000001,-1.3999999999999986,-2.4000000000000004,-0.5999999999999996,-1.6000000000000014,4.400000000000002,-3.799999999999997,-6.6000000000000005,0.9772021582082715
1,1.0,0.09103840682788056,0.0,-1.7999999999999972,-0.7999999999999972,-0.020000000000000018,4.200000000000001,12.2,0.00720000000000004,-1.799999999999999,-2.0,-0.014399999999999968,0.6000000000000014,-0.6000000000000014,0.0,3.8000000000000007,-0.5999999999999996,1.2000000000000002,-3.200000000000001,1.200000000000001,-1.2000000000000028,-1.4,3.985697345841686
0,0.0,0.009246088193456625,5.0,6.199999999999996,8.800000000000011,0.0235999999999999,-5.199999999999999,-5.0,-0.09299999999999997,-5.6,-4.599999999999998,-0.09839999999999993,0.5999999999999996,-2.0,-1.3999999999999986,5.199999999999999,3.4000000000000004,-1.0000000000000004,-0.9999999999999982,1.5999999999999979,1.5999999999999943,-16.8,-3.789943299033709
1,0.0,-0.11943319838056687,0.0,-2.1999999999999957,-3.200000000000003,-0.007400000000000073,-0.8000000000000007,-2.799999999999997,0.007000000000000062,-0.20000000000000284,0.0,-0.01319999999999999,-0.20000000000000107,-1.0,-1.2000000000000028,2.6000000000000014,-0.5999999999999996,1.5999999999999996,1.5999999999999996,-0.7999999999999972,-5.400000000000006,-7.4,-3.623862712945183
1,1.0,0.2941970310391363,5.0,1.2000000000000028,-3.6000000000000085,0.031000000000000028,-1.8000000000000007,-0.6000000000000014,-0.03199999999999997,5.0,6.0,0.025800000000000156,-2.8000000000000007,-3.1999999999999993,-6.0,-1.0,-0.3999999999999986,1.7999999999999998,-8.799999999999999,1.0,5.599999999999994,9.8,11.8234830570225
1,0.0,-0.4180451127819549,0.0,-2.3999999999999986,-8.400000000000006,0.00880000000000003,-1.200000000000001,-8.0,0.017799999999999983,1.1999999999999993,0.40000000000000213,0.042200000000000015,-9.0,-5.799999999999997,-14.799999999999997,-0.20000000000000284,-0.40000000000000036,-1.2000000000000002,0.0,0.7999999999999972,-4.799999999999997,-21.6,-5.805655812532194
1,0.0,0.31346153846153846,5.0,-1.2000000000000028,-2.799999999999997,0.0036000000000000476,0.20000000000000107,-2.599999999999998,0.030999999999999972,4.200000000000001,4.399999999999999,0.039000000000000035,-0.40000000000000036,0.0,-0.3999999999999986,1.0,-1.5999999999999996,-0.7999999999999998,-4.199999999999999,2.0,2.0,3.6,6.552258934690244
0,0.0,0.06346153846153846,0.0,-0.5999999999999943,-0.8000000000000114,-0.002599999999999991,0.8000000000000007,4.600000000000001,-0.022199999999999998,4.6,4.0,0.1272000000000001,4.3999999999999995,-6.400000000000002,-2.0,0.0,-3.0,-0.6000000000000005,-2.1999999999999993,-3.9999999999999982,4.200000000000003,-1.0,10.286560191969357
1,0.0,0.21052631578947373,5.0,-3.1999999999999957,-1.6000000000000085,-0.028800000000000103,1.8000000000000007,2.4000000000000057,0.019799999999999984,0.8000000000000007,1.8000000000000007,0.0043999999999999595,-2.3999999999999995,-2.799999999999997,-5.199999999999996,0.0,1.0,1.1999999999999997,-0.40000000000000036,-1.1999999999999993,-3.799999999999997,-9.8,-5.309881681097025
0,0.0,-0.14439946018893385,0.0,2.6000000000000014,2.0,0.018600000000000005,2.799999999999999,7.599999999999994,-0.007799999999999974,2.0,4.199999999999999,-0.060800000000000076,0.5999999999999996,-0.8000000000000007,-0.19999999999999574,2.3999999999999986,0.39999999999999947,0.6000000000000001,-4.0,-1.0,10.0,18.4,10.685610865603692
1,0.0,0.0064102564102563875,-5.0,-2.1999999999999957,1.7999999999999972,-0.03320000000000001,-0.8000000000000007,2.3999999999999986,-0.032999999999999974,-3.1999999999999993,-3.8000000000000007,-0.006599999999999939,0.1999999999999993,-0.40000000000000213,-0.20000000000000284,4.199999999999999,-2.8,-2.0,-2.5999999999999996,1.0,-8.400000000000006,-6.6,-5.253734669483151
1,0.0,0.10676691729323307,-5.0,4.399999999999999,9.0,0.0039999999999998925,1.1999999999999993,4.0,-0.0014000000000000679,-5.000000000000002,-6.0,-0.048800000000000066,1.3999999999999986,9.399999999999999,10.800000000000004,6.199999999999999,-4.2,-1.8000000000000003,1.9999999999999982,2.400000000000002,5.0,3.4000000000000004,-2.596013649989686
1,0.0,0.33499288762446655,0.0,-1.0,-0.7999999999999972,-0.007000000000000062,3.8000000000000007,9.200000000000003,0.0048000000000000265,-3.4000000000000004,-2.3999999999999986,-0.11719999999999997,-0.1999999999999993,1.3999999999999986,1.1999999999999957,-0.40000000000000213,-0.7999999999999989,-3.8,-5.0,-2.0,-1.6000000000000085,18.2,5.380475101167363
1,0.0,-0.06950067476383259,0.0,9.600000000000001,-2.200000000000003,0.11339999999999995,4.200000000000001,-1.6000000000000014,0.13480000000000003,-1.8000000000000007,-1.0,-0.055399999999999894,0.40000000000000036,-2.6000000000000014,-2.200000000000003,4.800000000000001,1.1999999999999993,1.1999999999999993,3.4000000000000004,2.3999999999999986,21.599999999999994,7.199999999999999,20.28968743459241
1,0.0,-0.4264507422402159,0.0,-0.6000000000000014,-5.799999999999997,0.023399999999999976,-3.4000000000000004,-9.399999999999999,0.010400000000000131,5.0,5.600000000000001,0.04060000000000008,-7.6,0.0,-7.600000000000001,8.0,3.8000000000000007,-1.0,5.800000000000001,7.400000000000002,0.3999999999999915,-8.0,-11.212161463562936
0,0.0,0.2078947368421053,-5.0,1.6000000000000014,-7.0,0.05260000000000009,1.799999999999999,-1.5999999999999943,0.06879999999999992,3.8000000000000007,4.600000000000001,0.005799999999999916,-2.4000000000000004,2.1999999999999957,-0.19999999999999574,1.1999999999999993,0.0,2.8,0.3999999999999986,-1.5999999999999979,8.799999999999997,18.8,10.491245903864709
0,0.0,0.032432432432432434,-5.0,0.0,2.3999999999999915,-0.012199999999999989,-1.1999999999999993,0.8000000000000043,-0.034599999999999964,-3.0,-3.1999999999999993,-0.006000000000000005,-0.7999999999999989,0.0,-0.7999999999999972,6.800000000000001,-1.0,-2.3999999999999995,-3.1999999999999993,-0.40000000000000213,-4.199999999999989,-2.6000000000000005,-2.3675615816113975
1,0.0,0.03576248313090419,0.0,-1.7999999999999972,-7.200000000000003,0.02200000000000002,-4.600000000000001,-11.0,0.0031999999999998696,-1.0,-1.4000000000000021,0.03260000000000007,-5.4,-6.9999999999999964,-12.399999999999999,-2.8000000000000007,2.1999999999999993,1.6000000000000005,-0.5999999999999996,-2.400000000000002,-9.200000000000003,-22.4,-5.174369310812665
1,1.0,0.053418803418803396,-5.0,4.200000000000003,1.0,0.04420000000000002,-4.0,-12.200000000000003,0.0041999999999999815,-3.0000000000000018,-3.400000000000002,0.01100000000000001,-5.0,10.400000000000002,5.399999999999999,-0.40000000000000213,-4.8,-1.7999999999999998,2.3999999999999986,-5.199999999999999,1.3999999999999915,0.5999999999999996,-5.994633454433924
1,-2.0,-0.40811965811965806,0.0,-0.7999999999999972,3.0,-0.028799999999999937,-3.6000000000000005,-8.999999999999996,-0.032200000000000006,-2.599999999999998,-3.0,0.017000000000000015,1.5999999999999996,-6.0,-4.400000000000006,-4.399999999999999,-1.0,0.9999999999999996,-1.799999999999999,0.1999999999999993,-7.799999999999997,-13.6,-5.411681173961213
1,-1.0,0.13381674357284112,0.0,-3.6000000000000014,-7.3999999999999915,-0.0006000000000000449,-4.799999999999999,-3.799999999999997,-0.0872,5.399999999999999,8.0,-0.0122000000000001,2.6000000000000014,-2.4000000000000057,0.20000000000000284,-5.800000000000001,-3.0,-1.5999999999999996,-0.20000000000000107,-1.5999999999999979,-6.599999999999994,-7.2,0.6168084263773324
1,0.0,-0.10256410256410264,0.0,1.6000000000000014,3.200000000000003,0.0052000000000000934,-4.199999999999999,-10.799999999999997,-0.012400000000000078,0.8000000000000007,1.4000000000000021,-0.018200000000000105,-2.4000000000000004,0.3999999999999986,-2.0,1.3999999999999986,1.3999999999999995,1.0000000000000004,4.4,0.8000000000000007,-0.20000000000000284,-19.6,-10.651650545408529
1,-1.0,0.1374269005847954,0.0,-3.3999999999999986,5.0,-0.05720000000000003,-5.0,-4.0,-0.09920000000000001,5.799999999999999,10.8,-0.1050000000000001,9.999999999999998,-4.600000000000001,5.399999999999999,-7.599999999999998,1.1999999999999993,-0.20000000000000018,-1.0,1.5999999999999979,-6.0,-1.1999999999999997,-4.243780811110781
1,0.0,0.050000000000000044,0.0,2.8000000000000043,2.5999999999999943,0.017800000000000038,-0.40000000000000036,0.7999999999999972,-0.016199999999999992,-2.6000000000000014,-3.3999999999999986,0.01100000000000012,0.40000000000000036,-0.6000000000000014,-0.20000000000000284,6.0,1.0,-0.3999999999999999,-1.5999999999999996,0.40000000000000036,2.5999999999999943,2.6000000000000005,3.7948713063567823
0,0.0,-0.44715447154471544,-5.0,5.799999999999997,6.0,0.0361999999999999,-3.0,-2.1999999999999957,-0.0484,-7.4,-8.2,-0.04800000000000004,0.0,0.7999999999999972,0.8000000000000043,2.400000000000002,4.4,1.0,6.0,2.3999999999999986,1.2000000000000028,-1.3999999999999995,-7.0513622646611935
1,0.0,0.13269230769230766,5.0,3.3999999999999986,0.0,0.035800000000000054,-0.7999999999999989,-0.7999999999999972,-0.008000000000000007,3.3999999999999986,6.0,-0.0464,-0.8000000000000007,-10.2,-11.0,-1.4000000000000021,2.5999999999999996,2.3999999999999995,-2.0,0.3999999999999986,9.400000000000006,-5.4,7.355550578786733
0,0.0,-0.21410256410256412,0.0,-7.0,-8.200000000000003,-0.03299999999999992,-1.4000000000000004,-2.200000000000003,-0.017000000000000015,0.7999999999999989,-2.0,0.08639999999999981,-2.799999999999999,-5.399999999999999,-8.199999999999996,-1.6000000000000014,-3.3999999999999995,-2.4,-0.7999999999999989,-1.0,-14.600000000000009,-8.2,-6.1237178844271085
1,-1.0,-0.08301158301158304,-5.0,4.399999999999999,-0.6000000000000085,0.052000000000000046,-3.799999999999999,-11.800000000000004,0.01660000000000006,0.40000000000000213,1.4000000000000021,-0.02499999999999991,-4.0,3.8000000000000043,-0.20000000000000284,1.1999999999999993,0.40000000000000036,-0.6000000000000005,3.0,1.1999999999999993,5.400000000000006,-0.3999999999999999,-2.093771122639609
0,0.0,-0.3603658536585366,-5.0,1.3999999999999986,-5.0,0.04059999999999997,5.6,-2.799999999999997,0.1936,-2.799999999999999,-4.599999999999998,0.008600000000000052,-4.600000000000001,5.199999999999999,0.6000000000000014,2.400000000000002,-0.20000000000000107,-0.5999999999999996,4.6,-0.6000000000000014,5.599999999999994,3.4000000000000004,2.7964470946644866
0,1.0,-0.30000000000000004,-5.0,4.199999999999996,5.200000000000003,0.024599999999999955,-3.5999999999999996,-6.0,-0.0358,-7.200000000000001,-8.399999999999999,-0.024599999999999955,1.200000000000001,4.799999999999997,6.0,0.8000000000000007,0.0,0.0,3.799999999999999,-2.3999999999999986,-2.4000000000000057,0.8,-6.349291102567491
0,0.0,0.042362002567394086,10.0,-3.6000000000000014,-0.3999999999999915,-0.033399999999999985,-1.5999999999999996,0.7999999999999972,-0.06980000000000003,4.400000000000002,4.400000000000002,0.027800000000000047,3.0,0.40000000000000213,3.3999999999999986,-9.400000000000002,0.40000000000000036,1.3999999999999995,0.40000000000000036,1.8000000000000007,-4.400000000000006,10.4,-2.6854327927721897
1,-1.0,-0.3910256410256411,0.0,0.8000000000000043,-1.7999999999999972,0.022800000000000042,-6.0,-11.600000000000001,-0.05319999999999997,-1.1999999999999993,0.8000000000000007,-0.09639999999999993,-3.200000000000001,-2.400000000000002,-5.600000000000001,-2.400000000000002,0.40000000000000036,1.0,-3.4000000000000004,0.7999999999999972,-5.6000000000000085,-0.39999999999999947,-3.395216980223992
1,-1.0,0.14709851551956815,0.0,-0.4000000000000057,-5.0,0.02579999999999999,2.799999999999999,1.3999999999999986,0.08179999999999993,-1.0,0.3999999999999986,-0.07099999999999995,-2.0,-0.3999999999999986,-2.4000000000000057,-1.5999999999999979,-0.20000000000000107,-1.6000000000000005,-5.000000000000002,-4.400000000000002,1.0,19.6,9.540546660034607
1,-1.0,0.10256410256410259,-5.0,-2.3999999999999986,-3.5999999999999943,-0.009999999999999842,1.0,3.799999999999997,-0.0041999999999999815,-5.199999999999999,-6.6,0.011199999999999988,-2.0,1.0,-1.0,-2.3999999999999986,-2.3999999999999995,2.2,-2.799999999999999,-2.599999999999998,-9.0,7.199999999999999,-1.483735598219866
0,-1.0,0.28157894736842104,0.0,-0.6000000000000014,-1.0,0.0013999999999999013,-4.200000000000001,-7.0,-0.034399999999999986,-1.5999999999999979,0.3999999999999986,-0.10519999999999996,-2.200000000000001,-4.0,-6.200000000000003,-0.1999999999999993,2.4000000000000004,-2.4,-1.6000000000000014,-2.1999999999999993,-7.0,-14.0,-6.519513577438147
1,3.0,0.13684210526315788,0.0,-0.3999999999999986,-6.200000000000003,0.02740000000000009,-4.600000000000001,-14.799999999999997,0.01919999999999994,3.0000000000000018,3.8000000000000007,0.009000000000000008,-2.0,-0.40000000000000213,-2.3999999999999986,0.0,3.0,6.6,3.6000000000000014,1.1999999999999993,-2.3999999999999915,0.7999999999999998,-3.0219777934757985
1,0.0,0.25000000000000006,0.0,-3.6000000000000014,6.200000000000003,-0.07039999999999996,-1.799999999999999,3.3999999999999986,-0.08999999999999997,3.0,2.3999999999999986,0.08139999999999992,1.4000000000000004,6.599999999999998,8.0,-4.200000000000003,0.0,-0.20000000000000018,-2.0,2.6000000000000014,-6.0,4.199999999999999,-10.026625137877843
1,0.0,-0.012775842044134678,0.0,-3.6000000000000014,-8.0,0.0005999999999999894,-0.20000000000000107,1.8000000000000043,-0.021999999999999964,6.400000000000002,5.199999999999999,0.1492,0.6000000000000014,-1.1999999999999957,-0.6000000000000014,-5.799999999999997,-3.4000000000000004,-0.6000000000000005,4.199999999999999,-4.6,-1.0,-2.8,1.1725992468809068
0,-1.0,-0.0903846153846154,0.0,0.0,-0.4000000000000057,0.0021999999999999797,-2.0,-3.1999999999999957,-0.032399999999999984,5.199999999999999,7.600000000000001,-0.04960000000000009,-4.200000000000001,-0.4000000000000057,-4.600000000000001,5.600000000000001,3.4000000000000004,0.20000000000000018,6.800000000000001,6.000000000000002,3.200000000000003,-10.0,-11.081145268846484
1,1.0,-0.08841463414634143,0.0,2.0,0.7999999999999972,0.018600000000000005,2.4000000000000004,8.199999999999996,-0.0242,2.6000000000000014,2.0,0.06059999999999999,-3.3999999999999986,0.6000000000000014,-2.8000000000000043,7.199999999999999,2.4000000000000004,-0.39999999999999947,-2.5999999999999996,-3.6000000000000014,9.0,15.0,6.29686968241576
0,0.0,-0.2076466710613052,-5.0,-2.799999999999997,-1.0,-0.026199999999999946,-1.4000000000000004,-1.3999999999999986,-0.03059999999999996,-5.400000000000002,-4.0,-0.08460000000000001,7.599999999999998,2.200000000000003,9.800000000000004,-1.7999999999999972,-5.199999999999999,-3.4000000000000004,3.1999999999999993,-2.0,-12.400000000000006,-4.4,-4.521125271919331
1,0.0,0.01585365853658538,-5.0,-2.5999999999999943,-2.5999999999999943,-0.014800000000000035,-0.20000000000000107,-3.1999999999999957,0.027199999999999946,-3.0,-0.5999999999999979,-0.07579999999999998,-0.1999999999999993,1.0,0.8000000000000043,-6.199999999999999,-1.799999999999999,0.19999999999999973,-0.7999999999999989,-4.599999999999998,-8.400000000000006,5.8,-4.360125709652436
0,0.0,0.17023809523809524,5.0,1.7999999999999972,10.599999999999994,-0.035600000000000076,-5.200000000000001,-1.0,-0.1552,-2.1999999999999993,-0.5999999999999979,-0.06519999999999992,4.6,-1.1999999999999993,3.3999999999999986,6.399999999999999,-2.4000000000000004,-0.20000000000000018,-2.799999999999999,6.399999999999999,-3.799999999999997,-7.4,-7.022975856078418
0,0.0,0.016483516483516425,5.0,-8.600000000000001,-5.199999999999989,-0.06399999999999995,-3.799999999999999,-0.3999999999999986,-0.10999999999999999,8.599999999999998,8.2,0.07600000000000007,2.1999999999999993,-0.40000000000000213,1.8000000000000043,-14.200000000000003,1.4000000000000004,1.5999999999999996,0.1999999999999993,0.6000000000000014,-12.399999999999991,-0.6000000000000005,-7.607249174074809
1,0.0,-0.18552631578947365,5.0,-3.3999999999999986,-0.20000000000000284,-0.034800000000000164,0.40000000000000036,4.0,-0.026599999999999957,-0.7999999999999989,1.1999999999999993,-0.1015999999999998,2.0,-4.600000000000001,-2.6000000000000014,-4.400000000000002,1.799999999999999,0.7999999999999998,1.0,1.6000000000000014,-7.200000000000003,-3.5999999999999996,-6.21749023582349
1,0.0,-0.013045944412932498,0.0,-3.3999999999999986,-0.20000000000000284,-0.03820000000000007,3.5999999999999996,6.200000000000003,0.0368,-2.0,-4.199999999999999,0.04399999999999993,-1.4000000000000004,-0.20000000000000284,-1.6000000000000014,4.199999999999999,0.3999999999999986,-1.7999999999999998,-0.5999999999999996,-0.20000000000000284,-5.199999999999989,3.8,-4.258637001011223
1,0.0,0.011882426516572897,0.0,3.0,-2.200000000000003,0.04859999999999992,-0.20000000000000107,-7.199999999999999,0.0786,-3.1999999999999993,-2.0,-0.11540000000000006,-1.0,-2.6000000000000014,-3.6000000000000014,-1.6000000000000014,-2.3999999999999995,-2.2,-4.4,-1.0,2.5999999999999943,13.4,9.74118343972421
1,-2.0,-0.05327342747111685,0.0,-9.600000000000001,2.6000000000000085,-0.11359999999999987,-9.0,-6.399999999999999,-0.19020000000000004,5.199999999999999,6.200000000000003,0.059599999999999986,9.4,-4.399999999999999,5.0,-9.2,-1.1999999999999993,0.5999999999999996,-1.0,-1.8000000000000007,-23.0,-18.6,-16.700390835764622
1,0.0,-0.32113821138211385,-5.0,-3.0,-0.7999999999999972,-0.027800000000000047,1.5999999999999996,-0.20000000000000284,0.04180000000000006,-6.400000000000002,-6.600000000000001,-0.07779999999999987,0.0,-0.19999999999999574,-0.20000000000000284,1.8000000000000007,-3.1999999999999993,-6.0,5.799999999999999,0.8000000000000007,-10.799999999999997,-24.2,-11.920338660306271
0,0.0,0.024390243902439046,0.0,2.3999999999999986,0.0,0.026199999999999946,-3.3999999999999986,-9.0,-0.003199999999999925,-1.4000000000000004,-1.3999999999999986,0.0018000000000000238,1.8000000000000007,-1.5999999999999979,0.19999999999999574,1.3999999999999986,-3.4000000000000004,-0.7999999999999998,-1.5999999999999996,-1.6000000000000014,0.0,-8.4,4.586405518443186
1,1.0,0.5054945054945055,0.0,-1.3999999999999986,-2.799999999999997,0.00039999999999995595,-2.4000000000000004,-3.5999999999999943,-0.03420000000000001,1.200000000000001,3.0,-0.01319999999999999,2.3999999999999986,-1.3999999999999986,1.0,-4.600000000000001,4.0,4.199999999999999,3.200000000000001,-1.1999999999999993,-4.0,5.0,-2.8168208666030097
0,0.0,-0.15988372093023256,0.0,1.4000000000000057,2.0,0.002999999999999947,1.799999999999999,7.0,-0.021600000000000008,0.0,2.799999999999999,-0.13219999999999998,-4.4,-2.6000000000000014,-7.0,7.399999999999999,5.800000000000001,0.5999999999999996,0.5999999999999996,4.0,4.599999999999994,2.0,-4.380332842252088
1,2.0,0.43292682926829273,0.0,-2.3999999999999986,-5.0,-0.0020000000000000573,4.6,2.799999999999997,0.09840000000000004,4.0,5.800000000000001,-0.06440000000000001,-2.8000000000000007,1.4000000000000021,-1.4000000000000057,-1.2000000000000028,-2.0,-1.4000000000000004,-6.6,-2.0,3.799999999999997,17.6,10.262352751992921
1,0.0,-0.13919413919413925,0.0,-2.6000000000000014,-0.6000000000000085,-0.027800000000000047,0.5999999999999996,6.600000000000001,-0.044600000000000084,0.6000000000000014,-0.5999999999999979,0.06180000000000008,-1.6000000000000014,3.200000000000003,1.5999999999999943,-1.0,1.5999999999999996,1.7999999999999998,2.8000000000000007,-1.4000000000000004,-4.0,3.4,-7.7612261735207255
1,0.0,0.18176538908246231,0.0,2.200000000000003,0.6000000000000085,0.023799999999999932,1.1999999999999993,3.8000000000000043,-0.003200000000000036,-3.4000000000000004,-5.0,0.04180000000000017,-4.4,-5.0,-9.399999999999999,3.400000000000002,2.1999999999999993,0.0,-1.5999999999999996,-3.599999999999998,2.1999999999999886,0.1999999999999993,1.3211080184707384
1,0.0,0.039488966318234564,0.0,1.0,0.6000000000000085,0.00759999999999994,2.200000000000001,1.6000000000000014,0.04859999999999998,-3.1999999999999993,-1.4000000000000021,-0.05559999999999998,0.0,4.199999999999999,4.199999999999996,-2.6000000000000014,-0.6000000000000005,1.2000000000000002,-1.0,0.1999999999999993,1.0,13.399999999999999,1.9871709715638701
1,1.0,0.04006968641114983,0.0,-9.399999999999999,-2.200000000000003,-0.09199999999999997,-5.0,0.0,-0.1426,6.600000000000001,3.0,0.18359999999999999,-0.8000000000000007,4.799999999999997,4.0,-6.199999999999999,-1.799999999999999,-2.0,-1.6000000000000014,-0.5999999999999979,-17.19999999999999,-1.8000000000000003,-14.898637932999051
0,0.0,0.3333333333333333,0.0,-7.0,-9.600000000000009,-0.02739999999999998,-3.3999999999999986,-9.600000000000001,0.012400000000000022,4.199999999999999,5.800000000000001,-0.026600000000000068,-7.0,-2.0,-9.0,-5.600000000000001,0.20000000000000018,-1.0,-2.5999999999999996,-1.1999999999999993,-13.200000000000003,-8.2,-10.352014059905457
1,0.0,0.3881118881118881,0.0,-5.0,3.200000000000003,-0.07000000000000006,-3.4000000000000004,-0.6000000000000014,-0.10400000000000004,-1.3999999999999986,1.6000000000000014,-0.08099999999999996,5.799999999999999,0.0,5.799999999999997,-4.0,0.40000000000000036,-0.1999999999999993,-0.5999999999999996,-1.6000000000000014,-14.800000000000011,-5.6,-11.967944537676516
0,1.0,-0.2026578073089701,0.0,3.1999999999999957,-4.6000000000000085,0.06399999999999995,-3.0,-16.8,0.09199999999999992,-2.0,-1.6000000000000014,-0.026599999999999957,-0.40000000000000036,-4.0000000000000036,-4.399999999999999,2.6000000000000014,-4.4,0.0,-1.1999999999999993,4.4,1.3999999999999915,1.6,8.33980147356695
1,0.0,0.15572232645403378,0.0,3.4000000000000057,-0.7999999999999972,0.03980000000000006,-1.8000000000000007,-4.0,-0.008599999999999941,2.0,1.8000000000000007,0.032399999999999984,-1.799999999999999,2.9999999999999964,1.2000000000000028,3.599999999999998,0.5999999999999996,1.1999999999999993,-0.6000000000000014,-1.2000000000000028,7.0,5.0,5.532062479917485
1,-1.0,0.018604651162790642,-10.0,0.8000000000000043,-5.3999999999999915,0.03700000000000003,3.8000000000000007,-0.3999999999999986,0.11879999999999996,-1.4000000000000021,-2.0,-0.031200000000000006,-1.8000000000000007,0.0,-1.7999999999999972,-5.799999999999997,0.0,-1.7999999999999998,0.40000000000000036,-4.199999999999999,4.0,-3.0,7.933206753042896
0,1.0,-0.2558139534883721,0.0,4.600000000000001,4.799999999999997,0.022399999999999864,4.199999999999999,2.799999999999997,0.08499999999999996,-5.599999999999998,-6.399999999999999,-0.019000000000000017,0.8000000000000007,-5.199999999999996,-4.399999999999999,12.000000000000004,0.40000000000000036,-4.4,2.799999999999999,-2.0,7.799999999999997,-6.4,2.9370124934842323
1,0.0,0.034330011074197087,0.0,5.399999999999999,-1.5999999999999943,0.06119999999999998,5.199999999999999,9.800000000000004,0.037400000000000044,-5.0,-9.0,0.14139999999999997,-2.0,-1.5999999999999979,-3.6000000000000014,5.200000000000003,0.5999999999999996,2.1999999999999997,-0.5999999999999996,-3.6000000000000014,11.0,21.799999999999997,15.236809028645737
1,0.0,0.35714285714285715,0.0,-5.0,-0.20000000000000284,-0.05499999999999999,2.8000000000000007,5.399999999999999,0.03899999999999998,-0.7999999999999972,1.0,-0.05600000000000005,1.8000000000000007,6.200000000000003,8.0,-4.399999999999999,-1.6000000000000005,0.0,-3.4000000000000004,0.6000000000000014,-8.0,18.0,-2.4344561668250577
0,-2.0,0.039911308203991136,0.0,2.6000000000000014,10.0,-0.021800000000000097,0.5999999999999996,6.800000000000004,-0.04680000000000001,-0.1999999999999993,-1.8000000000000007,0.039000000000000146,0.20000000000000107,2.200000000000003,2.3999999999999986,2.3999999999999986,3.6000000000000005,0.0,-4.0,2.3999999999999986,5.6000000000000085,5.3999999999999995,0.2017922699149466
0,0.0,0.19988925802879293,0.0,-5.199999999999996,-0.6000000000000085,-0.05419999999999997,-0.1999999999999993,4.0,-0.033999999999999975,-2.9999999999999982,-6.600000000000001,0.060799999999999965,4.200000000000001,-1.8000000000000007,2.3999999999999986,-3.3999999999999986,-1.1999999999999993,0.0,2.0,2.400000000000002,-13.600000000000009,-9.600000000000001,-6.810508045997125
0,-1.0,-0.29523809523809524,0.0,1.0,-1.6000000000000085,0.01899999999999996,-0.20000000000000107,-5.0,0.03400000000000003,-7.000000000000002,-6.800000000000001,-0.11380000000000001,-2.0,2.0,0.0,3.0,-3.8,0.8000000000000007,-0.40000000000000036,-3.3999999999999986,-5.200000000000003,-11.4,-2.1224992346936915
0,-1.0,-0.1951219512195122,-5.0,0.6000000000000014,9.399999999999991,-0.04700000000000004,-4.0,-2.0,-0.10859999999999997,-5.399999999999999,-3.0,-0.10399999999999987,4.3999999999999995,0.6000000000000014,5.0,-0.5999999999999979,-2.5999999999999996,0.39999999999999947,1.1999999999999993,3.4000000000000004,-8.200000000000003,-24.2,-13.48013646260496
1,1.0,0.31744186046511635,5.0,0.3999999999999986,-1.7999999999999972,0.02100000000000002,-3.1999999999999993,-5.399999999999999,-0.04440000000000005,7.999999999999998,5.0,0.19220000000000004,2.4000000000000004,-5.199999999999999,-2.799999999999997,-8.799999999999997,0.0,1.8000000000000007,0.20000000000000107,2.400000000000002,5.599999999999994,3.8,7.254806988757636
1,0.0,0.11585365853658536,0.0,-0.6000000000000014,-3.0,0.00759999999999994,-2.6000000000000014,-6.600000000000001,-0.0031999999999999806,0.3999999999999986,5.199999999999999,-0.14739999999999998,0.40000000000000036,-2.1999999999999957,-1.7999999999999972,3.400000000000002,6.8,4.2,4.799999999999999,4.0,-3.4000000000000057,10.799999999999999,-6.909432301785799
1,-2.0,-0.3023255813953488,0.0,-1.0,1.0,-0.014800000000000035,-3.1999999999999993,-0.7999999999999972,-0.08679999999999999,4.400000000000002,1.0,0.14200000000000002,-0.3999999999999986,-1.9999999999999964,-2.3999999999999986,4.399999999999999,0.0,-3.2,2.0,-1.2000000000000028,-0.7999999999999972,-11.600000000000001,-4.809521757154556
0,1.0,-0.23255813953488375,0.0,1.0,-11.400000000000006,0.068,-3.4000000000000004,-13.799999999999997,0.05839999999999995,1.0,1.1999999999999993,0.02420000000000011,-2.4000000000000004,-0.1999999999999993,-2.6000000000000014,-2.400000000000002,-2.0,1.4000000000000004,1.8000000000000007,0.1999999999999993,-0.4000000000000057,14.8,7.142333206846516
0,0.0,0.06466250709018717,0.0,-4.0,-2.0,-0.03720000000000001,-0.40000000000000036,1.2000000000000028,-0.025000000000000022,0.3999999999999986,1.3999999999999986,-0.028799999999999937,-3.2,0.6000000000000014,-2.6000000000000014,-1.0,-0.39999999999999947,-0.6000000000000001,-3.8000000000000007,3.599999999999998,-8.0,1.2000000000000002,-6.0153325167125615
1,1.0,0.02380952380952378,-5.0,8.0,11.799999999999997,0.026400000000000035,2.8000000000000007,5.199999999999996,0.030799999999999994,-12.000000000000002,-13.399999999999999,-0.06059999999999999,2.0,3.400000000000002,5.399999999999999,10.2,-3.0,2.0,-3.200000000000001,1.8000000000000007,6.799999999999997,-0.6000000000000005,5.912621953461013
0,-1.0,0.0,-10.0,6.0,-1.2000000000000028,0.06940000000000002,12.2,17.0,0.15439999999999998,-7.4,-10.799999999999999,0.06440000000000001,-4.799999999999999,3.3999999999999986,-1.3999999999999986,2.3999999999999986,2.2,0.40000000000000036,0.7999999999999989,-3.0,16.80000000000001,16.8,16.73932612681824
1,1.0,-0.07267441860465118,0.0,0.20000000000000284,5.0,-0.021600000000000008,-5.4,-9.200000000000003,-0.06679999999999997,-1.4000000000000021,0.3999999999999986,-0.050799999999999845,6.199999999999999,-2.0,4.200000000000003,-6.0,1.1999999999999993,0.0,-0.1999999999999993,-5.199999999999999,-6.3999999999999915,-5.0,-4.722171534715216
0,0.0,-0.04367555303460002,5.0,0.6000000000000014,-2.1999999999999886,0.01700000000000007,-6.000000000000002,-13.599999999999998,-0.04180000000000006,3.8000000000000007,4.199999999999999,0.030399999999999983,-1.200000000000001,-1.3999999999999986,-2.6000000000000014,-4.199999999999999,0.5999999999999996,1.6000000000000005,0.40000000000000036,-1.2000000000000028,-1.0,-6.6,-2.3747125465374097
1,0.0,0.3917748917748918,0.0,1.2000000000000028,2.4000000000000057,0.0050000000000000044,1.799999999999999,4.0,0.0031999999999999806,3.1999999999999993,0.0,0.1449999999999999,2.4000000000000004,4.0,6.399999999999999,-5.600000000000001,-0.20000000000000018,-1.0,-2.6000000000000014,-0.6000000000000014,7.400000000000006,15.799999999999999,9.25205984802409
1,0.0,0.28871242200794106,0.0,0.0,6.200000000000003,-0.03220000000000012,-2.5999999999999996,1.0,-0.07520000000000004,-0.5999999999999996,2.0,-0.08660000000000001,5.4,1.0,6.400000000000006,-2.6000000000000014,3.6000000000000005,0.5999999999999996,1.200000000000001,1.1999999999999993,-3.200000000000003,0.0,-6.5190508984017015
0,1.0,-0.17336152219873147,0.0,1.8000000000000043,1.7999999999999972,0.009199999999999986,0.7999999999999989,5.200000000000003,-0.040000000000000036,-2.799999999999999,-4.0,0.02100000000000013,3.5999999999999996,6.599999999999998,10.200000000000003,-4.0,-3.1999999999999993,-0.5999999999999996,-2.6000000000000014,1.0,1.5999999999999943,14.2,8.639724031472028
0,0.0,-0.305050505050505,-5.0,0.8000000000000043,-7.0,0.04839999999999994,1.8000000000000007,-3.799999999999997,0.10820000000000002,0.3999999999999986,1.3999999999999986,-0.019199999999999884,-2.4000000000000004,4.599999999999998,2.1999999999999957,-4.600000000000001,0.0,0.7999999999999998,3.400000000000002,0.8000000000000007,3.799999999999997,3.6,4.83990401313865
0,1.0,-0.5338753387533876,0.0,2.6000000000000014,-0.8000000000000114,0.03760000000000002,0.6000000000000014,-4.799999999999997,0.07900000000000007,3.4000000000000004,0.8000000000000007,0.10319999999999996,0.5999999999999996,-4.800000000000001,-4.199999999999996,-3.1999999999999993,-5.800000000000001,-2.8,-3.0,-3.599999999999998,9.200000000000003,-17.2,13.639769272158873
0,0.0,-0.3896103896103897,0.0,-6.399999999999999,-3.0,-0.05820000000000014,-0.1999999999999993,1.3999999999999986,-0.012800000000000034,-3.400000000000002,-2.0,-0.08840000000000003,1.5999999999999996,-4.199999999999999,-2.6000000000000014,0.0,-0.20000000000000107,-3.5999999999999996,2.0,-2.0,-16.400000000000006,-26.400000000000002,-12.22030899787407
0,1.0,-0.005420054200541979,0.0,0.0,-6.199999999999989,0.02899999999999997,-0.40000000000000036,-6.799999999999997,0.04680000000000001,-0.1999999999999993,-0.8000000000000007,0.010199999999999987,1.0,2.1999999999999993,3.1999999999999957,-1.0,-2.6000000000000005,1.4000000000000004,4.199999999999999,-2.1999999999999993,-0.6000000000000085,10.2,2.759351776953551
1,0.0,-0.17718715393134,5.0,-3.200000000000003,-1.0,-0.03159999999999996,-2.0,3.200000000000003,-0.10339999999999994,4.0,2.0,0.07559999999999989,-0.5999999999999996,-1.6000000000000014,-2.200000000000003,-2.400000000000002,3.799999999999999,-0.40000000000000036,-1.0,-2.9999999999999982,-4.3999999999999915,-2.8000000000000003,-3.5771575575868013
0,1.0,-0.420995670995671,0.0,0.20000000000000284,5.599999999999994,-0.027199999999999946,-3.0,-3.200000000000003,-0.05580000000000007,-1.6000000000000014,-1.4000000000000021,0.000600000000000156,6.6000000000000005,3.0,9.600000000000001,-1.4000000000000021,1.3999999999999995,0.20000000000000018,6.799999999999999,-2.599999999999998,-4.200000000000003,-9.2,-9.505093737661298
0,3.0,0.18398268398268403,5.0,-2.0,-1.0,-0.017200000000000104,-3.1999999999999993,-8.400000000000002,-0.015800000000000036,5.800000000000001,5.800000000000001,0.03939999999999999,0.7999999999999989,-2.8000000000000007,-2.0,-0.1999999999999993,2.799999999999999,1.6000000000000005,3.400000000000002,-2.799999999999997,-1.4000000000000057,-3.4000000000000004,-6.065726440629945
1,1.0,-0.14646464646464646,0.0,-1.7999999999999972,-1.8000000000000114,-0.010199999999999987,-6.799999999999999,-12.200000000000003,-0.04479999999999995,5.4,10.0,-0.09219999999999995,1.1999999999999993,4.399999999999999,5.600000000000001,-3.6000000000000014,-0.8000000000000007,-0.40000000000000036,-2.0,0.8000000000000007,-5.0,-0.8000000000000007,-4.5591266982168435
1,2.0,-0.022727272727272707,0.0,-2.0,-11.200000000000003,0.031000000000000083,-3.599999999999998,-2.1999999999999957,-0.06940000000000002,2.0,1.6000000000000014,0.013800000000000034,-4.0,2.1999999999999957,-1.7999999999999972,-7.399999999999999,2.2,2.1999999999999997,5.399999999999999,-4.0,-5.599999999999994,3.0,-4.25383837306579
0,0.0,0.12526427061310785,0.0,-2.6000000000000014,-1.1999999999999886,-0.02180000000000004,-2.4000000000000004,-3.200000000000003,-0.018199999999999994,3.799999999999999,8.399999999999999,-0.10100000000000009,2.0,1.2000000000000028,3.200000000000003,-7.599999999999998,0.20000000000000107,-1.0,2.799999999999999,3.1999999999999993,-3.8000000000000114,-4.3999999999999995,-7.814420895895708
0,0.0,-0.3409090909090909,0.0,4.199999999999996,1.5999999999999943,0.03540000000000004,-4.200000000000001,-7.799999999999997,-0.04540000000000005,2.400000000000002,1.8000000000000007,0.00560000000000016,0.0,-2.9999999999999964,-3.0,3.0,1.5999999999999996,-2.6000000000000005,2.5999999999999996,0.8000000000000007,6.599999999999994,-11.6,0.9318429677472295
1,0.0,-0.08652729384436697,0.0,-1.6000000000000014,-2.799999999999997,-0.00599999999999995,1.3999999999999986,4.599999999999998,-0.005599999999999994,3.8000000000000007,1.3999999999999986,0.11160000000000003,-1.1999999999999993,-6.399999999999999,-7.600000000000001,0.6000000000000014,3.000000000000001,-0.20000000000000018,-0.1999999999999993,2.8000000000000007,2.0,-3.4,3.2292463152940485
1,-1.0,-0.1571146245059289,0.0,0.3999999999999986,6.200000000000003,-0.027599999999999958,-1.5999999999999979,1.8000000000000043,-0.05699999999999994,-2.599999999999998,-2.0,-0.052999999999999936,-1.0,2.8000000000000007,1.7999999999999972,6.0,1.4000000000000004,0.6000000000000001,-1.8000000000000007,-0.6000000000000014,-3.3999999999999915,-16.0,-8.585920789739703
0,0.0,0.6,0.0,6.799999999999997,-3.3999999999999915,0.1004000000000001,3.4000000000000004,-3.1999999999999957,0.11399999999999999,1.8000000000000007,-0.3999999999999986,0.07940000000000003,-5.6,4.399999999999999,-1.1999999999999957,-1.1999999999999993,1.6000000000000005,2.1999999999999993,-4.399999999999999,-2.0,18.799999999999997,32.8,20.434543692845253
0,1.0,0.1428571428571428,-5.0,-2.8000000000000043,-5.400000000000006,-0.00940000000000002,-0.1999999999999993,4.0,-0.044399999999999995,2.5999999999999996,1.8000000000000007,0.04720000000000013,-2.3999999999999986,2.8000000000000043,0.3999999999999986,1.6000000000000014,3.4000000000000004,2.5999999999999996,2.6000000000000014,7.400000000000002,-3.1999999999999886,11.200000000000001,-3.685447962322158
0,1.0,-0.2480620155038759,0.0,-0.6000000000000014,-0.3999999999999915,-0.002799999999999969,2.799999999999999,4.200000000000003,0.03560000000000002,-4.600000000000001,-2.6000000000000014,-0.13139999999999996,0.5999999999999996,2.6000000000000014,3.1999999999999957,2.8000000000000007,0.8000000000000007,-0.7999999999999998,4.799999999999999,-1.1999999999999993,-3.0,-13.4,-5.669561885951765
0,0.0,0.21118012422360247,0.0,0.7999999999999972,0.7999999999999972,0.0036000000000000476,3.0,6.0000000000000036,0.023199999999999943,-2.0,-3.1999999999999993,0.039000000000000146,-1.1999999999999993,0.6000000000000014,-0.6000000000000014,6.599999999999998,-0.7999999999999998,1.0,2.4000000000000004,3.3999999999999986,2.5999999999999943,8.0,-1.0608994949080142
1,0.0,0.2888888888888889,0.0,-1.1999999999999957,6.799999999999997,-0.05159999999999998,2.8000000000000007,8.800000000000004,-0.014000000000000012,-3.599999999999998,-4.400000000000002,-0.0010000000000000009,2.6000000000000014,-0.4000000000000057,2.200000000000003,2.3999999999999986,1.6000000000000005,0.5999999999999996,1.1999999999999993,-1.3999999999999986,-3.200000000000003,0.19999999999999996,-6.838411031367073
0,0.0,-0.34219269102990035,0.0,-3.1999999999999957,-2.4000000000000057,-0.02560000000000001,1.5999999999999996,0.0,0.04639999999999994,-7.0,-6.6,-0.09999999999999998,-5.6000000000000005,-7.9999999999999964,-13.600000000000001,4.399999999999999,-2.3999999999999995,-1.1999999999999997,-2.8000000000000007,0.3999999999999986,-11.799999999999997,-25.6,-8.93027455128906
0,-1.0,-0.07584541062801942,-5.0,-1.2000000000000028,-0.8000000000000114,-0.010599999999999943,2.0,11.399999999999999,-0.057599999999999985,0.0,1.3999999999999986,-0.0484,0.7999999999999989,3.6000000000000014,4.399999999999999,-10.2,2.5999999999999996,0.20000000000000018,3.799999999999999,-3.3999999999999986,-0.4000000000000057,2.0,-3.293861380361676
0,0.0,-0.18242894056847542,0.0,4.0,3.0,0.026999999999999913,1.5999999999999996,5.0,-0.014000000000000012,3.599999999999998,7.0,-0.05999999999999983,1.799999999999999,7.199999999999999,9.0,4.600000000000001,0.6000000000000005,-0.6000000000000005,1.4000000000000004,0.6000000000000014,13.199999999999989,14.6,6.325484906253635
1,1.0,-0.13636363636363635,-10.0,3.1999999999999957,-2.4000000000000057,0.04700000000000004,1.6000000000000014,-0.7999999999999972,0.04420000000000002,-4.800000000000001,-4.600000000000001,-0.05559999999999998,-5.0,-1.6000000000000014,-6.600000000000001,10.400000000000002,1.5999999999999996,0.8000000000000007,-3.0,-5.0,3.200000000000003,1.0,6.106013645453089
0,1.0,-0.030333670374115274,0.0,-2.200000000000003,-3.0,-0.008399999999999963,-2.3999999999999986,-5.600000000000001,-0.014600000000000057,1.1999999999999993,-1.3999999999999986,0.10999999999999999,-3.0,-6.599999999999998,-9.600000000000001,-2.1999999999999993,0.6000000000000005,-0.39999999999999947,-1.200000000000001,-0.20000000000000284,-5.6000000000000085,-9.4,-3.510332168308011
0,0.0,-0.17777777777777776,0.0,2.8000000000000043,-7.0,0.06260000000000016,-4.199999999999999,-12.199999999999996,0.0040000000000000036,-1.3999999999999986,-2.599999999999998,0.0262,-4.4,0.40000000000000213,-4.0,2.1999999999999993,-0.1999999999999993,0.20000000000000018,4.4,3.8000000000000007,0.0,-7.0,-0.8113344200787935
1,0.0,0.14521963824289405,0.0,3.0,1.2000000000000028,0.03220000000000012,2.8000000000000007,4.799999999999997,0.03359999999999996,-2.0,-4.800000000000001,0.07879999999999987,1.0,5.0000000000000036,6.0,4.399999999999999,-1.5999999999999996,-0.20000000000000018,0.7999999999999989,0.8000000000000007,6.800000000000011,17.6,8.715224689750912
0,-1.0,-0.03276955602537002,5.0,2.1999999999999957,0.4000000000000057,0.01899999999999996,-2.0,-5.600000000000001,-0.010999999999999954,6.200000000000001,5.199999999999999,0.11639999999999984,-0.8000000000000007,-4.799999999999997,-5.600000000000001,2.400000000000002,4.0,0.7999999999999998,-0.20000000000000107,-2.1999999999999993,8.599999999999994,-5.0,4.483756246555728
0,1.0,0.4548463356973995,0.0,1.2000000000000028,-1.6000000000000085,0.026400000000000035,5.0,9.600000000000001,0.045999999999999985,-3.8000000000000007,-3.8000000000000007,0.0021999999999998687,-3.799999999999999,1.3999999999999986,-2.3999999999999986,5.600000000000001,-1.799999999999999,1.7999999999999998,0.20000000000000107,1.1999999999999993,3.5999999999999943,12.399999999999999,2.7671340984584702
0,0.0,0.05652173913043479,0.0,-3.3999999999999986,-1.7999999999999972,-0.027400000000000146,-4.400000000000002,-8.600000000000001,-0.017600000000000005,4.199999999999999,6.0,-0.018200000000000105,2.4000000000000004,2.599999999999998,5.0,-3.6000000000000014,-1.4000000000000004,1.4000000000000004,0.1999999999999993,1.8000000000000007,-7.0,-3.0,-5.577935322981531
0,0.0,0.20860314523589274,-5.0,0.6000000000000014,-3.0,0.022800000000000042,2.4000000000000004,3.5999999999999943,0.022200000000000053,-0.40000000000000213,0.6000000000000014,-0.03500000000000003,-5.3999999999999995,5.799999999999997,0.4000000000000057,-7.600000000000001,0.5999999999999996,2.0,-3.0,-0.40000000000000213,3.1999999999999886,9.0,3.7640455298421926
0,1.0,0.07826086956521738,0.0,-4.199999999999996,-15.400000000000006,0.02839999999999998,-0.5999999999999979,-5.799999999999997,0.03620000000000001,-4.0,-6.599999999999998,0.07020000000000004,-7.600000000000001,-4.0,-11.600000000000001,-6.800000000000001,1.200000000000001,0.3999999999999999,2.4000000000000004,2.3999999999999986,-13.0,1.2,-2.748095748408673
1,0.0,0.4833164812942366,0.0,-3.0,0.5999999999999943,-0.03939999999999999,-0.20000000000000107,2.799999999999997,-0.04060000000000008,-0.3999999999999986,2.799999999999997,-0.11020000000000008,0.0,1.2000000000000028,1.2000000000000028,-2.8000000000000007,5.0,2.3999999999999995,0.5999999999999996,1.0,-6.6000000000000085,14.6,-9.072445515233895
1,1.0,0.17547568710359407,-5.0,3.1999999999999957,-2.5999999999999943,0.053600000000000037,-4.0,-7.399999999999999,-0.04679999999999995,7.399999999999999,6.600000000000001,0.09300000000000008,0.8000000000000007,1.3999999999999986,2.1999999999999957,-2.200000000000003,3.8000000000000007,0.0,2.5999999999999996,-3.1999999999999993,9.800000000000011,17.599999999999998,7.724148173512418
1,0.0,0.20930232558139533,5.0,0.19999999999999574,-2.4000000000000057,0.017000000000000126,-1.799999999999999,-6.0,0.0126,-1.8000000000000007,3.799999999999997,-0.1986,0.1999999999999993,-0.5999999999999943,-0.3999999999999986,-4.199999999999999,2.8,-1.4000000000000004,-0.5999999999999996,-3.0,-3.200000000000003,2.6,-1.1521446525789827
1,-1.0,0.12222222222222223,10.0,-0.20000000000000284,2.4000000000000057,-0.01639999999999997,2.6000000000000014,1.3999999999999986,0.050600000000000034,-1.3999999999999986,-2.400000000000002,0.03079999999999994,-2.200000000000001,2.0,-0.19999999999999574,2.799999999999997,-0.7999999999999989,1.1999999999999993,-3.5999999999999996,3.5999999999999996,0.7999999999999972,-0.6000000000000014,0.7612714660768063
1,0.0,0.22895467160037003,0.0,-0.7999999999999972,-0.3999999999999915,0.00019999999999997797,2.0,1.6000000000000014,0.04520000000000002,3.799999999999999,1.4000000000000021,0.12419999999999998,-0.7999999999999989,1.5999999999999943,0.8000000000000043,0.5999999999999979,2.0,0.39999999999999947,-0.1999999999999993,-2.8000000000000007,4.200000000000003,4.199999999999999,2.6526073159292594
0,0.0,-0.10252525252525257,0.0,3.6000000000000014,2.3999999999999915,0.025999999999999912,6.4,10.599999999999998,0.046200000000000074,-4.800000000000001,-7.0,0.008800000000000141,-2.3999999999999995,1.8000000000000043,-0.6000000000000014,8.999999999999996,-0.1999999999999993,0.5999999999999996,-2.6000000000000014,-3.0,8.799999999999997,9.6,9.94963285247593
1,0.0,-0.15415019762845844,-5.0,-1.6000000000000014,0.20000000000000284,-0.014999999999999958,3.5999999999999996,10.599999999999998,0.014399999999999968,-4.200000000000003,-6.0,0.007199999999999984,1.200000000000001,4.199999999999996,5.400000000000006,-0.3999999999999986,-4.999999999999999,-2.0000000000000004,2.200000000000001,-0.6000000000000014,-3.799999999999997,4.6000000000000005,-1.7863967561331293
1,0.0,0.051740812379110324,0.0,1.3999999999999986,1.5999999999999943,0.009799999999999975,0.0,1.0,-0.011600000000000055,-2.799999999999997,-0.6000000000000014,-0.09920000000000007,2.4000000000000004,5.399999999999999,7.799999999999997,-0.5999999999999979,-0.20000000000000018,2.0,2.0,1.0,0.0,7.3999999999999995,-0.7538284718480242
1,0.0,0.03376503237742834,0.0,-6.799999999999997,-5.599999999999994,-0.04739999999999994,-5.4,-10.600000000000001,-0.028000000000000025,4.199999999999999,7.0,-0.04859999999999998,3.4000000000000004,1.3999999999999986,4.799999999999997,-8.8,-4.6,2.2,2.1999999999999993,1.0,-14.799999999999997,-17.4,-10.352635645540587
1,0.0,0.5372340425531915,0.0,1.1999999999999957,-8.600000000000009,0.05739999999999995,3.1999999999999993,4.400000000000002,0.04039999999999999,-1.0,-0.1999999999999993,-0.04679999999999995,-8.4,2.3999999999999986,-6.0,-0.3999999999999986,-1.8000000000000007,0.7999999999999998,-1.200000000000001,-0.3999999999999986,4.599999999999994,11.0,6.048495165604436
1,2.0,-0.2620889748549323,0.0,-0.5999999999999943,2.200000000000003,-0.019399999999999973,0.0,-2.799999999999997,0.030399999999999983,-2.8000000000000007,-3.0,0.008600000000000052,0.1999999999999993,-4.799999999999997,-4.600000000000001,3.6000000000000014,0.7999999999999989,-0.40000000000000036,-2.8000000000000007,3.8000000000000007,-4.0,-11.4,-1.5516971076895345
1,-3.0,0.12424242424242421,5.0,3.1999999999999957,3.799999999999997,0.01699999999999996,-5.800000000000001,-11.600000000000001,-0.056999999999999995,5.800000000000001,6.200000000000003,0.07419999999999993,4.2,-4.399999999999999,-0.20000000000000284,-0.8000000000000007,5.000000000000001,0.20000000000000018,0.20000000000000107,1.5999999999999979,6.3999999999999915,7.999999999999999,3.694969095927277
0,1.0,-0.14057971014492754,-5.0,3.200000000000003,7.799999999999997,-0.007800000000000029,0.40000000000000036,0.3999999999999986,0.005600000000000049,-6.199999999999999,-4.199999999999999,-0.1057999999999999,0.5999999999999996,-3.400000000000002,-2.799999999999997,9.400000000000002,-2.5999999999999996,0.40000000000000036,-1.9999999999999982,6.600000000000001,0.6000000000000085,-19.8,-3.017426025865106
0,2.0,-0.07608695652173914,0.0,-5.0,-4.599999999999994,-0.032999999999999974,-1.4000000000000004,1.1999999999999957,-0.04999999999999999,0.1999999999999993,-1.8000000000000007,0.0716,-4.000000000000001,-1.2000000000000028,-5.199999999999996,-1.3999999999999986,-4.6,-1.4000000000000004,-7.000000000000002,-4.799999999999997,-11.200000000000003,-16.2,-2.1677293117135434
1,1.0,0.3446808510638298,0.0,-2.6000000000000014,1.4000000000000057,-0.03520000000000001,2.5999999999999996,7.399999999999999,-0.0024000000000000132,-3.200000000000001,-0.5999999999999979,-0.13180000000000003,4.199999999999999,3.799999999999997,8.0,-2.8000000000000007,1.1999999999999993,-0.20000000000000018,-1.799999999999999,-2.0,-5.799999999999997,16.2,0.06544724979642069
1,0.0,0.3142292490118578,-10.0,4.799999999999997,4.6000000000000085,0.03899999999999987,1.0,-2.6000000000000014,0.039600000000000024,0.0,-0.6000000000000014,0.057599999999999874,4.800000000000001,0.1999999999999993,5.0,-1.3999999999999986,0.7999999999999998,-0.19999999999999973,0.5999999999999996,-0.5999999999999979,10.599999999999994,26.4,10.922120733578154
0,2.0,-0.0045289855072464524,0.0,3.799999999999997,2.8000000000000114,0.027000000000000024,-1.0,-4.200000000000003,0.007799999999999974,1.8000000000000007,-0.3999999999999986,0.07539999999999991,-3.0,-2.799999999999997,-5.800000000000004,7.400000000000002,-0.7999999999999989,0.7999999999999998,-2.5999999999999996,-1.0,8.399999999999991,-4.200000000000001,4.2954550110483325
0,1.0,0.020803782505910196,0.0,5.600000000000001,9.600000000000009,0.01639999999999997,2.0,5.0,0.007400000000000018,3.400000000000002,6.0,-0.061000000000000054,6.0,5.400000000000002,11.399999999999999,4.199999999999999,0.20000000000000018,-1.1999999999999997,-0.5999999999999996,-2.799999999999997,16.599999999999994,16.0,9.832035167112934
0,0.0,0.004835589941972973,0.0,1.0,7.200000000000003,-0.030600000000000016,0.0,-0.7999999999999972,-0.0023999999999999577,1.0,-0.20000000000000284,0.04699999999999993,-1.0,-3.8000000000000043,-4.799999999999997,0.8000000000000007,-0.39999999999999947,3.4,-1.799999999999999,2.200000000000003,3.0,-18.2,-4.342755115179401
1,0.0,-0.03888888888888886,0.0,-2.3999999999999986,1.2000000000000028,-0.032399999999999984,-2.0,1.7999999999999972,-0.0696000000000001,2.8000000000000007,2.0,0.04039999999999999,4.6,-0.6000000000000014,4.0,-2.3999999999999986,0.0,0.5999999999999996,3.9999999999999982,2.8000000000000007,-4.0,-4.8,-5.294921575232976
1,0.0,-0.26595744680851063,0.0,-6.399999999999999,1.4000000000000057,-0.08060000000000012,-8.399999999999999,-7.800000000000004,-0.13040000000000002,2.200000000000001,5.800000000000001,-0.09000000000000008,3.0,-1.0,2.0,-6.799999999999997,1.3999999999999995,-0.39999999999999947,5.6,2.0,-19.0,-25.4,-25.22860360566024
0,0.0,0.151268115942029,10.0,-1.0,0.0,-0.015000000000000013,-0.5999999999999996,0.3999999999999986,-0.02779999999999999,-0.8000000000000007,0.0,-0.049799999999999955,-0.1999999999999993,-2.8000000000000043,-3.0,-7.0,0.0,-0.7999999999999998,-2.4000000000000004,1.3999999999999986,-3.4000000000000057,5.199999999999999,-0.9086354392101725
0,2.0,-0.18270120259019423,0.0,6.0,1.4000000000000057,0.060400000000000065,1.0,-2.3999999999999986,0.04379999999999995,2.1999999999999993,5.199999999999999,-0.059599999999999986,-0.8000000000000007,0.3999999999999986,-0.3999999999999986,4.199999999999999,0.5999999999999996,-2.2,-2.0,-0.5999999999999979,15.200000000000003,14.600000000000001,11.697721067840348
0,-1.0,-0.03754940711462451,5.0,1.1999999999999957,-0.6000000000000085,0.015000000000000069,-2.8000000000000007,-9.399999999999999,0.007199999999999984,-0.6000000000000014,-0.1999999999999993,-0.06699999999999995,3.0,1.6000000000000014,4.600000000000001,-1.8000000000000007,3.0,-2.0,4.4,-2.799999999999999,-1.0,1.0,-1.6119220417134414
0,-1.0,-0.22251773049645385,0.0,-0.6000000000000014,-5.800000000000011,0.022599999999999898,-4.800000000000001,-15.2,0.01899999999999996,4.799999999999999,5.0,0.047799999999999954,1.5999999999999996,-1.9999999999999964,-0.3999999999999986,2.0,-5.6,0.20000000000000018,1.0,0.6000000000000014,-1.2000000000000028,-13.2,2.9951775897631023
1,0.0,0.3929078014184397,-10.0,2.0,1.0,0.01800000000000007,-1.3999999999999986,-5.199999999999996,0.003999999999999948,-0.6000000000000014,-0.5999999999999979,0.008199999999999985,-1.0,4.600000000000001,3.6000000000000014,0.6000000000000014,-1.2000000000000002,2.6,-5.800000000000001,-3.0,2.0,17.400000000000002,6.210086778054674
0,0.0,-0.1324263038548753,-5.0,2.1999999999999957,1.5999999999999943,0.014199999999999935,5.0,9.0,0.0534,-1.0,-4.0,0.08999999999999986,-2.5999999999999996,0.6000000000000014,-2.0,4.800000000000001,-1.0,-1.2000000000000002,-1.4000000000000004,3.4000000000000004,8.399999999999991,6.2,6.885373747685776
1,-1.0,-0.1875,0.0,-2.0,4.6000000000000085,-0.04680000000000012,0.0,1.0,0.002799999999999969,-1.8000000000000007,-0.8000000000000007,-0.02400000000000002,3.8000000000000007,1.7999999999999972,5.599999999999994,1.6000000000000014,2.999999999999999,1.0,5.6,2.1999999999999993,-5.800000000000011,-10.799999999999999,-12.032163208441148
1,0.0,0.2934782608695652,5.0,1.7999999999999972,2.799999999999997,0.004799999999999971,2.5999999999999996,3.1999999999999993,0.03219999999999995,0.1999999999999993,1.0,-0.04459999999999997,0.8000000000000007,-1.4000000000000021,-0.5999999999999943,2.3999999999999986,4.199999999999999,0.0,-1.4000000000000004,2.1999999999999993,6.3999999999999915,9.4,5.502916820639712
0,0.0,-0.03147163120567381,0.0,-0.3999999999999986,-9.600000000000009,0.04459999999999992,4.000000000000002,1.3999999999999986,0.08000000000000002,-7.600000000000001,-9.599999999999998,0.006800000000000139,-8.600000000000001,0.3999999999999986,-8.199999999999996,3.0,-2.5999999999999996,0.20000000000000018,-0.8000000000000007,1.3999999999999986,-4.400000000000006,-1.0,3.0293417670963976
0,0.0,-0.012411347517730542,0.0,0.19999999999999574,1.6000000000000085,-0.012400000000000022,-2.799999999999999,-9.399999999999999,-0.01200000000000001,6.0,10.799999999999997,-0.07839999999999991,-2.0,2.799999999999997,0.7999999999999972,-1.0,-0.20000000000000018,1.2000000000000002,-2.8000000000000007,2.0,3.5999999999999943,-10.399999999999999,-2.642349124253016
1,0.0,-0.15981087470449173,0.0,-1.0,-0.7999999999999972,0.0015999999999999903,0.8000000000000007,-0.20000000000000284,0.013800000000000034,-1.8000000000000007,-3.799999999999997,0.0673999999999999,0.8000000000000007,-0.7999999999999972,0.0,-2.599999999999998,-2.5999999999999996,-1.5999999999999996,0.6000000000000014,-4.0,-3.0,-4.800000000000001,0.6532132641385573
1,0.0,-0.15555555555555559,0.0,1.1999999999999957,8.400000000000006,-0.031200000000000117,-0.5999999999999996,0.3999999999999986,-0.020600000000000007,0.3999999999999986,-1.0,0.08720000000000006,6.4,-5.799999999999997,0.6000000000000014,-0.3999999999999986,4.8,2.3999999999999995,1.4000000000000004,1.6000000000000014,2.1999999999999886,7.0,-1.002677037416177
0,1.0,-0.1881100266193434,0.0,-0.20000000000000284,3.799999999999997,-0.018800000000000094,5.800000000000001,14.200000000000003,0.02959999999999996,-2.1999999999999993,-2.3999999999999986,-0.01959999999999995,-2.5999999999999996,2.599999999999998,0.0,3.8000000000000007,3.1999999999999993,0.5999999999999996,1.5999999999999996,-1.1999999999999993,3.200000000000003,-3.4000000000000004,-3.8245084797863456
1,-1.0,0.012329931972789088,0.0,-3.0,0.5999999999999943,-0.03299999999999992,-1.8000000000000007,-1.7999999999999972,-0.052600000000000036,0.20000000000000284,-1.8000000000000007,0.0838000000000001,1.1999999999999993,-4.800000000000001,-3.6000000000000014,-3.6000000000000014,1.0,-1.4000000000000004,1.4000000000000004,1.0,-7.599999999999994,-12.0,-7.5218786891159795
1,-2.0,0.18840579710144922,0.0,-3.0,0.20000000000000284,-0.03760000000000002,0.40000000000000036,-0.1999999999999993,0.023799999999999988,-3.0,-2.0,-0.053200000000000025,-2.5999999999999996,0.7999999999999972,-1.8000000000000043,1.5999999999999979,-3.0,2.0,-6.599999999999998,0.8000000000000007,-8.599999999999994,-5.3999999999999995,-3.3450865963454106
1,-1.0,0.137854609929078,0.0,1.1999999999999957,-5.599999999999994,0.043000000000000094,0.40000000000000036,-5.600000000000001,0.06959999999999994,-2.0,-1.8000000000000007,-0.014600000000000057,-2.0,2.200000000000003,0.19999999999999574,6.200000000000003,0.8000000000000007,-0.5999999999999996,-1.8000000000000007,3.3999999999999986,0.7999999999999972,16.6,7.9844240047464154
1,1.0,-0.15510204081632656,0.0,-2.1999999999999957,2.3999999999999915,-0.03539999999999999,-3.0,-5.199999999999996,-0.031200000000000006,2.3999999999999986,2.799999999999997,0.0024000000000001798,3.3999999999999986,3.1999999999999957,6.600000000000001,-4.199999999999999,2.1999999999999993,-1.0,-2.5999999999999996,1.0,-5.0,0.7999999999999998,-2.384273299418254
0,-1.0,-0.3478260869565218,0.0,-3.1999999999999957,7.200000000000003,-0.07480000000000003,2.0,9.600000000000001,-0.04299999999999998,0.1999999999999993,-4.399999999999999,0.1616000000000002,5.6,-2.6000000000000014,3.0,1.8000000000000007,3.200000000000001,2.4000000000000004,2.200000000000001,1.4000000000000021,-4.199999999999989,1.8,-6.208056783057032
1,0.0,-0.07009760425909495,0.0,-1.6000000000000014,4.599999999999994,-0.04359999999999992,0.0,6.199999999999999,-0.056999999999999995,-2.8000000000000007,-3.400000000000002,0.00019999999999997797,-1.0,-5.0000000000000036,-6.0,-3.0,-0.40000000000000036,-0.7999999999999998,-2.1999999999999993,-0.1999999999999993,-6.0,-16.6,-7.981508466280303
1,1.0,0.3721233174120712,10.0,2.6000000000000014,9.0,-0.01760000000000006,4.6,10.0,0.025000000000000022,-4.399999999999999,-5.0,-0.040999999999999925,-1.4000000000000004,4.199999999999996,2.799999999999997,2.0,1.5999999999999996,0.7999999999999998,-3.1999999999999993,-2.8000000000000007,5.3999999999999915,14.4,-0.0024597149266298857
0,1.0,0.0516304347826087,-10.0,9.400000000000006,4.400000000000006,0.08639999999999998,-0.40000000000000036,-8.200000000000003,0.05800000000000005,0.1999999999999993,0.5999999999999979,0.014000000000000123,-1.8000000000000007,0.8000000000000007,-1.0,10.399999999999999,1.4000000000000004,0.1999999999999993,0.8000000000000007,0.0,18.599999999999994,6.400000000000002,10.677830424836642
1,-1.0,-0.25227963525835867,0.0,2.6000000000000014,-2.3999999999999915,0.04119999999999996,3.8000000000000007,-1.0,0.10899999999999999,0.3999999999999986,-1.3999999999999986,0.04699999999999993,3.0,0.6000000000000014,3.5999999999999943,1.4000000000000021,0.20000000000000018,-3.999999999999999,6.0,-0.5999999999999996,9.399999999999991,11.4,9.49355004157674
1,1.0,0.29319148936170214,5.0,3.0,-9.200000000000003,0.0798000000000001,2.4000000000000004,-3.3999999999999986,0.09220000000000006,-2.0,-2.400000000000002,-0.0047999999999999154,-8.399999999999999,-4.200000000000003,-12.599999999999994,5.0,-1.3999999999999986,-2.6000000000000005,-0.40000000000000036,1.1999999999999993,6.400000000000006,-4.2,9.233766143204363
1,1.0,-0.22999999999999998,0.0,-2.1999999999999957,-1.0,-0.020000000000000018,-3.0,-1.3999999999999986,-0.06539999999999996,4.399999999999999,5.999999999999998,-0.025799999999999934,-0.1999999999999993,1.0,0.7999999999999972,1.0,-2.0,-0.5999999999999996,-0.1999999999999993,0.8000000000000007,-3.0,-10.4,-3.9338013321249434
1,0.0,0.23460144927536236,5.0,-0.8000000000000043,2.4000000000000057,-0.019600000000000062,1.1999999999999993,2.0,0.02859999999999996,-5.4,-6.0,-0.06159999999999999,5.199999999999999,-4.200000000000003,1.0,1.8000000000000007,3.0,1.8000000000000007,-0.20000000000000107,-2.5999999999999996,-5.799999999999997,2.4000000000000004,0.49417253634877056
0,0.0,0.05144557823129253,0.0,2.3999999999999986,8.200000000000003,-0.016000000000000014,-3.8000000000000007,-0.8000000000000043,-0.08599999999999991,5.600000000000001,6.199999999999999,0.019199999999999995,6.800000000000001,0.0,6.799999999999997,-0.8000000000000007,4.799999999999999,1.2000000000000002,0.7999999999999989,-1.1999999999999993,6.599999999999994,5.2,0.4945741064780691
0,-1.0,-0.2209405501330967,0.0,1.1999999999999957,5.599999999999994,-0.010599999999999998,-2.5999999999999996,1.0,-0.07420000000000004,0.5999999999999996,-2.599999999999998,0.12119999999999997,3.5999999999999996,-8.0,-4.399999999999999,2.6000000000000014,-2.0,-1.0,-2.1999999999999993,-1.6000000000000014,0.4000000000000057,-11.8,1.6139919251613577
0,0.0,-0.11061224489795912,0.0,-5.799999999999997,2.4000000000000057,-0.07719999999999999,-0.1999999999999993,5.800000000000004,-0.06640000000000001,-2.4000000000000004,-1.0,-0.06359999999999988,3.0,2.400000000000002,5.399999999999999,-6.400000000000002,-1.0,1.0,4.200000000000001,-1.8000000000000007,-14.199999999999989,-17.8,-17.69464122192535
1,0.0,0.015319148936170202,0.0,1.0,9.599999999999994,-0.036799999999999944,4.799999999999999,14.600000000000001,-0.010199999999999987,-2.4000000000000004,-3.6000000000000014,0.0028000000000002467,1.4000000000000004,0.40000000000000213,1.7999999999999972,3.0,5.4,2.5999999999999996,-1.4000000000000004,-3.1999999999999993,4.400000000000006,6.8,-1.10984762634547
1,-1.0,0.23369565217391303,10.0,3.6000000000000014,10.200000000000003,-0.013400000000000023,1.5999999999999996,5.199999999999996,-0.014800000000000035,-3.5999999999999996,-4.399999999999999,-0.009400000000000075,4.199999999999999,-4.800000000000001,-0.6000000000000014,0.20000000000000284,1.3999999999999995,-0.40000000000000036,-1.1999999999999993,-0.3999999999999986,5.200000000000003,12.8,2.235938447138892
1,0.0,0.03020408163265309,0.0,0.3999999999999986,8.0,-0.037200000000000066,-3.5999999999999996,-0.6000000000000014,-0.08340000000000003,9.999999999999998,11.600000000000001,0.029000000000000026,6.6000000000000005,1.6000000000000014,8.199999999999996,-2.1999999999999993,5.6,0.3999999999999999,-0.7999999999999989,0.0,7.200000000000003,6.800000000000001,0.4007473844309004
1,0.0,0.2738775510204081,0.0,-1.6000000000000014,-0.8000000000000114,-0.01519999999999988,-1.5999999999999996,-1.0,-0.04159999999999997,4.0,4.800000000000001,0.0008000000000000229,2.3999999999999986,4.9999999999999964,7.399999999999999,-4.0,0.5999999999999996,1.8000000000000007,-1.1999999999999993,-0.6000000000000014,-0.7999999999999972,15.2,1.5926581068748078
1,0.0,0.007978723404255317,0.0,0.0,2.799999999999997,-0.015599999999999947,2.5999999999999996,5.200000000000003,0.020399999999999974,-4.399999999999999,-6.399999999999999,0.04380000000000006,4.799999999999999,4.200000000000003,9.0,1.0,-0.8000000000000007,-1.2000000000000002,1.799999999999999,4.400000000000002,-1.7999999999999972,24.0,2.0939723941146724
0,-1.0,-0.10204081632653061,0.0,-1.6000000000000014,-2.5999999999999943,-0.0008000000000000229,0.8000000000000007,-4.799999999999997,0.08879999999999988,1.0,2.0,-0.017800000000000038,0.8000000000000007,2.6000000000000014,3.4000000000000057,2.0,-0.40000000000000036,-0.7999999999999998,-0.5999999999999996,0.1999999999999993,-1.4000000000000057,3.0000000000000004,2.4195863250469074
1,0.0,0.4680851063829787,-10.0,6.399999999999999,5.799999999999997,0.040200000000000014,-3.5999999999999996,-9.400000000000002,-0.023399999999999976,0.8000000000000007,0.5999999999999979,0.014599999999999835,0.0,-3.200000000000003,-3.200000000000003,2.0,3.4000000000000004,-1.1999999999999997,-2.0,0.20000000000000284,10.0,9.2,4.756965551571113
1,-1.0,0.13475177304964536,0.0,0.5999999999999943,-0.20000000000000284,0.012199999999999989,-1.200000000000001,1.7999999999999972,-0.05419999999999997,-3.799999999999997,-2.8000000000000007,-0.0016000000000002679,0.1999999999999993,5.199999999999996,5.399999999999999,-0.1999999999999993,-3.000000000000001,2.5999999999999996,-0.20000000000000107,-5.0,-3.799999999999997,9.6,-1.403081801792112
0,0.0,0.14415979157620495,0.0,-0.8000000000000043,1.6000000000000085,-0.014200000000000046,-0.7999999999999989,1.3999999999999986,-0.061399999999999955,-1.8000000000000007,-1.4000000000000021,-0.02080000000000004,1.5999999999999996,-0.3999999999999986,1.2000000000000028,-2.0,2.5999999999999996,1.3999999999999995,0.5999999999999996,2.1999999999999993,-4.200000000000003,0.5999999999999996,-4.228790083125659
1,0.0,-0.23702127659574468,0.0,0.6000000000000014,5.799999999999997,-0.018400000000000027,-3.6000000000000014,2.1999999999999957,-0.11280000000000007,-1.9999999999999982,-5.0,0.10499999999999998,3.200000000000001,-7.600000000000001,-4.399999999999999,3.3999999999999986,-3.0,-0.7999999999999998,-3.0,-1.8000000000000007,-4.400000000000006,-19.2,-1.6719774463765589
1,0.0,0.1850980392156863,0.0,2.0,-9.799999999999997,0.07119999999999999,5.199999999999999,3.200000000000003,0.10660000000000003,-2.1999999999999993,-3.0,0.03599999999999992,-4.400000000000002,2.1999999999999957,-2.1999999999999957,4.599999999999998,-3.5999999999999996,-3.0,6.600000000000001,-3.3999999999999986,7.0,11.799999999999999,7.252156871915901
0,-1.0,-0.08333333333333331,0.0,-0.6000000000000014,-2.799999999999997,0.008799999999999919,0.0,0.8000000000000043,0.011399999999999966,1.4000000000000021,1.8000000000000007,0.017000000000000015,2.1999999999999993,6.600000000000001,8.800000000000004,-1.5999999999999979,-0.39999999999999947,-1.0,4.0,-2.0,0.20000000000000284,15.8,0.2631553460838205
0,0.0,-0.37299174989144596,0.0,1.6000000000000014,-2.5999999999999943,0.027200000000000057,3.5999999999999996,8.600000000000001,0.01940000000000003,2.4000000000000004,2.1999999999999993,0.03300000000000003,-6.800000000000001,1.0,-5.800000000000004,5.199999999999999,-3.0,-4.199999999999999,1.1999999999999993,3.0,9.200000000000003,-9.2,2.203073639176438
0,0.0,-0.13999999999999996,0.0,-0.20000000000000284,6.0,-0.036800000000000055,-1.1999999999999993,3.799999999999997,-0.03919999999999996,-4.4,-3.3999999999999986,-0.07120000000000015,3.6000000000000014,2.6000000000000014,6.199999999999996,-1.0,-1.5999999999999996,0.40000000000000036,5.199999999999999,-6.0,-6.0,-15.0,-12.24912121043657
0,1.0,-0.24489795918367352,0.0,0.19999999999999574,-0.7999999999999972,0.006400000000000017,-4.6,-13.399999999999999,-0.00940000000000002,9.799999999999999,13.6,-0.005799999999999916,-0.8000000000000007,4.600000000000001,3.799999999999997,-1.5999999999999979,-0.5999999999999996,1.0,3.0,1.1999999999999993,5.6000000000000085,-11.6,-4.5050408141418075
0,0.0,-0.3333333333333333,0.0,-9.600000000000001,-4.400000000000006,-0.09239999999999998,-1.5999999999999996,1.8000000000000043,-0.06379999999999997,-0.3999999999999986,-2.0,0.05740000000000001,2.1999999999999993,-2.1999999999999993,0.0,-2.599999999999998,-1.3999999999999995,-0.40000000000000036,3.4000000000000004,5.4,-21.200000000000003,-18.8,-15.965184997404066
1,0.0,-0.09702127659574467,0.0,-1.6000000000000014,-1.3999999999999915,-0.012400000000000078,-1.5999999999999996,-2.3999999999999986,-0.02240000000000003,-6.200000000000001,-6.0,-0.06720000000000004,-0.5999999999999996,-3.0,-3.5999999999999943,-2.0,0.5999999999999996,0.6000000000000001,-5.199999999999999,-2.400000000000002,-11.0,-4.800000000000001,-2.5190066567190144
0,0.0,-0.3618197278911565,0.0,-0.3999999999999986,5.200000000000003,-0.028799999999999992,-1.200000000000001,1.0,-0.03820000000000001,0.6000000000000014,-1.0,0.04200000000000004,-0.40000000000000036,-3.799999999999997,-4.200000000000003,0.0,2.5999999999999996,3.3999999999999995,0.3999999999999986,-0.8000000000000007,-1.3999999999999915,-21.0,-7.483300479026823
1,0.0,0.08999999999999997,0.0,6.600000000000001,9.800000000000011,0.01920000000000005,-3.4000000000000004,-2.0,-0.09779999999999994,1.3999999999999986,1.0,0.026200000000000112,3.4000000000000004,-3.8000000000000007,-0.3999999999999986,2.6000000000000014,5.8,-1.0,-0.3999999999999986,3.6000000000000014,11.200000000000003,12.0,3.1815351408507695
0,-1.0,0.05882352941176472,0.0,0.6000000000000014,2.799999999999997,-0.00940000000000002,-1.8000000000000007,2.3999999999999986,-0.07459999999999994,7.4,8.600000000000001,0.018799999999999928,1.799999999999999,6.200000000000003,8.0,2.1999999999999993,0.8000000000000007,-0.40000000000000036,1.200000000000001,3.1999999999999993,6.799999999999997,5.6,0.7705902030025413
0,-1.0,-0.03999999999999998,0.0,4.199999999999996,3.5999999999999943,0.027400000000000035,3.1999999999999993,1.1999999999999957,0.08979999999999988,-2.200000000000003,-2.8000000000000007,0.0021999999999999797,-1.1999999999999993,5.199999999999999,4.0,1.7999999999999972,-1.6000000000000005,-1.0,-3.5999999999999996,-1.4000000000000021,9.399999999999991,13.399999999999999,9.113990835877217
1,0.0,0.25916666666666666,0.0,-2.8000000000000043,-6.599999999999994,0.002799999999999969,-0.8000000000000007,1.0,-0.03859999999999997,2.799999999999997,3.0,0.03400000000000014,0.1999999999999993,3.0000000000000036,3.200000000000003,-3.1999999999999993,-2.3999999999999995,2.8,0.5999999999999996,-1.3999999999999986,-3.5999999999999943,4.4,1.907825889277234
0,3.0,-0.03142857142857136,0.0,-3.0,2.4000000000000057,-0.044600000000000084,1.5999999999999996,14.0,-0.08179999999999993,-0.3999999999999986,0.3999999999999986,-0.025600000000000178,-2.1999999999999993,4.800000000000001,2.5999999999999943,2.3999999999999986,6.199999999999999,1.9999999999999996,6.0,-0.1999999999999993,-4.800000000000011,-0.9999999999999999,-16.595030701605495
0,1.0,-0.019607843137254832,0.0,-5.0,-5.0,-0.031399999999999983,-6.999999999999998,-8.399999999999999,-0.1144,1.8000000000000007,1.6000000000000014,0.018000000000000016,-1.0,-0.7999999999999972,-1.7999999999999972,-0.40000000000000213,-2.0,0.40000000000000036,0.40000000000000036,-0.3999999999999986,-15.199999999999989,-14.8,-11.974402414767283
1,-1.0,0.14583333333333331,0.0,1.3999999999999986,-3.4000000000000057,0.027399999999999924,3.4000000000000004,1.2000000000000028,0.0826,-4.399999999999999,-3.799999999999997,-0.08040000000000003,-3.8000000000000007,1.6000000000000014,-2.1999999999999957,2.0,-2.8,-2.4000000000000004,0.8000000000000007,-2.1999999999999993,1.7999999999999972,-6.3999999999999995,1.8607566355817653
0,-1.0,-0.11884753901560624,0.0,-3.4000000000000057,-6.400000000000006,0.00019999999999986695,-2.4000000000000004,-4.799999999999997,-0.02180000000000004,4.199999999999999,6.600000000000001,-0.036599999999999966,-1.0,3.400000000000002,2.3999999999999986,-6.399999999999999,-4.4,-1.2000000000000002,-1.6000000000000014,1.0,-5.0,-4.199999999999999,-0.3795100573599228
1,0.0,-0.007058823529411784,0.0,5.200000000000003,9.799999999999997,0.002999999999999947,3.1999999999999993,9.199999999999996,-0.024399999999999977,-8.6,-11.799999999999997,0.048799999999999955,3.4000000000000004,1.6000000000000014,5.0,4.800000000000001,2.4000000000000004,-3.0,1.8000000000000007,1.3999999999999986,5.0,22.8,1.2404553910200065
0,1.0,0.005833333333333357,0.0,-1.4000000000000057,3.5999999999999943,-0.030399999999999983,-4.0,-11.599999999999998,0.0045999999999999375,7.4,8.4,0.06499999999999995,5.199999999999999,2.0,7.200000000000003,1.6000000000000014,2.799999999999999,3.2,0.8000000000000007,-1.5999999999999979,0.5999999999999943,-6.200000000000001,-2.7973272925326853
0,1.0,-0.1605392156862745,0.0,-2.799999999999997,-7.400000000000006,0.003200000000000036,-3.5999999999999996,-12.600000000000001,0.0262,2.3999999999999986,2.799999999999997,0.013800000000000034,-0.1999999999999993,-1.3999999999999986,-1.6000000000000014,-5.600000000000001,-1.7999999999999998,1.3999999999999995,2.400000000000002,1.5999999999999979,-6.799999999999997,-4.800000000000001,-3.1086625254765607
1,2.0,-0.11084433773509406,0.0,0.3999999999999986,-2.799999999999997,0.02140000000000003,-1.799999999999999,-3.799999999999997,-0.022200000000000053,-2.0,0.8000000000000007,-0.0905999999999999,-3.2,3.200000000000003,0.0,0.8000000000000007,-2.8000000000000007,2.0,-0.20000000000000107,-0.20000000000000284,-3.0,-3.3999999999999995,-3.6169374436698263
0,-2.0,0.18167266906762708,0.0,-2.0,6.199999999999989,-0.05220000000000008,-6.200000000000001,-15.399999999999999,-0.022800000000000042,-0.3999999999999986,2.0,-0.12360000000000004,5.200000000000001,-5.0,0.19999999999999574,-3.400000000000002,4.4,3.3999999999999995,-5.200000000000001,-1.0,-10.599999999999994,-14.6,-6.767805579073524
1,-1.0,0.10633484162895923,0.0,0.0,-5.199999999999989,0.024599999999999955,-3.8000000000000007,-9.2,-0.02300000000000002,2.6000000000000014,3.8000000000000007,-0.007799999999999918,0.40000000000000036,-3.8000000000000043,-3.3999999999999986,0.8000000000000007,2.8000000000000007,1.2000000000000002,-0.5999999999999996,3.1999999999999993,-1.2000000000000028,5.6,3.1342127657476624
1,0.0,0.16704374057315236,0.0,4.200000000000003,10.800000000000011,-0.010999999999999954,4.4,7.399999999999999,0.03899999999999998,-7.0,-9.200000000000001,0.015000000000000013,0.1999999999999993,2.1999999999999993,2.4000000000000057,-1.6000000000000014,-0.7999999999999989,0.0,-5.399999999999999,-1.0,5.799999999999997,10.4,3.758588462146534
1,0.0,0.03224489795918373,0.0,-0.5999999999999943,-7.3999999999999915,0.03400000000000003,-3.8000000000000007,-1.7999999999999972,-0.07839999999999997,0.6000000000000014,5.0,-0.124,-5.8,0.8000000000000007,-5.0,-2.1999999999999993,2.5999999999999996,-1.0,3.8000000000000007,-4.0,-4.400000000000006,-9.399999999999999,-10.317137615716405
1,0.0,0.24489795918367346,0.0,4.199999999999996,9.400000000000006,0.0026000000000001022,1.8000000000000007,0.19999999999999574,0.04980000000000001,1.0,-2.1999999999999993,0.135,-3.799999999999999,-2.400000000000002,-6.199999999999996,1.1999999999999993,3.2,1.2000000000000002,-5.200000000000001,-0.1999999999999993,11.200000000000003,5.0,3.088816328243823
0,1.0,-0.30000000000000004,0.0,0.6000000000000014,7.200000000000003,-0.03160000000000007,-2.0,-8.0,0.013199999999999934,1.4000000000000021,1.0,0.03320000000000012,2.4000000000000004,-2.1999999999999957,0.20000000000000284,-3.8000000000000007,-0.5999999999999996,-1.5999999999999996,-2.200000000000001,-1.6000000000000014,0.5999999999999943,-10.4,-2.5832746808216456
0,0.0,0.48979591836734687,0.0,3.0,-2.4000000000000057,0.04420000000000002,-3.8000000000000007,-7.399999999999999,-0.039399999999999935,5.400000000000002,5.600000000000001,0.04380000000000006,-3.5999999999999996,1.0,-2.6000000000000014,3.0,1.4000000000000004,-2.4,-5.399999999999999,4.0,7.599999999999994,18.200000000000003,8.972816831226496
0,0.0,0.07843137254901955,0.0,2.0,-2.5999999999999943,0.03640000000000004,-0.3999999999999986,-9.399999999999999,0.059599999999999986,-0.1999999999999993,0.8000000000000007,0.001000000000000112,2.0,-3.0,-1.0,-5.400000000000002,-2.1999999999999993,-1.6000000000000005,-3.8000000000000007,2.6000000000000014,3.3999999999999915,5.0,12.081649149806168
0,0.0,0.3701015965166909,-5.0,6.600000000000001,0.3999999999999915,0.06919999999999998,3.200000000000001,1.8000000000000043,0.07039999999999996,-1.7999999999999972,0.1999999999999993,-0.08820000000000006,0.5999999999999996,0.3999999999999986,1.0,0.6000000000000014,0.3999999999999986,-0.7999999999999998,3.0,4.399999999999999,14.599999999999994,11.4,11.519924503556425
1,1.0,0.042817126850740295,0.0,-2.0,3.799999999999997,-0.04099999999999998,-0.7999999999999989,3.3999999999999986,-0.04619999999999996,-4.199999999999999,-2.400000000000002,-0.10319999999999996,4.600000000000001,3.200000000000003,7.800000000000004,-5.800000000000001,-0.20000000000000107,1.5999999999999996,5.400000000000002,-1.6000000000000014,-9.0,-7.799999999999999,-12.412828971585242
1,-1.0,0.12782805429864252,0.0,-2.3999999999999986,-3.799999999999997,-0.006799999999999973,2.4000000000000004,5.399999999999999,0.006799999999999973,-9.200000000000001,-10.2,-0.08439999999999992,4.199999999999999,-4.200000000000003,0.0,-5.599999999999998,-4.4,1.1999999999999997,-3.0,-2.3999999999999986,-11.600000000000009,9.8,5.693714408578558
1,-1.0,0.15326130452180875,5.0,0.6000000000000014,3.4000000000000057,-0.014000000000000068,2.6000000000000014,4.600000000000001,0.011400000000000021,-8.200000000000001,-8.600000000000001,-0.08360000000000001,1.5999999999999996,0.0,1.6000000000000014,-3.1999999999999993,-2.5999999999999996,-0.40000000000000036,-2.0,-1.8000000000000007,-4.3999999999999915,-2.8,-0.9241942386028086
1,-1.0,0.0929411764705882,-10.0,-3.6000000000000014,-4.200000000000003,-0.01660000000000006,-7.399999999999999,-12.599999999999998,-0.07679999999999992,9.4,12.0,-0.01100000000000001,-1.1999999999999993,-2.3999999999999986,-3.6000000000000014,-2.8000000000000007,4.0,0.6000000000000001,-1.1999999999999993,1.0,-5.200000000000003,-14.2,-6.530828090595676
0,0.0,-0.22923076923076924,0.0,-3.1999999999999957,4.200000000000003,-0.06259999999999993,-2.3999999999999986,-3.9999999999999964,-0.022800000000000042,5.399999999999999,1.7999999999999972,0.15159999999999985,4.399999999999999,-2.1999999999999993,2.200000000000003,-3.3999999999999986,0.40000000000000036,1.5999999999999996,0.20000000000000107,1.1999999999999993,-3.4000000000000057,-4.0,-4.854624393986555
0,0.0,0.02752639517345401,0.0,-3.0,-0.20000000000000284,-0.03599999999999992,6.800000000000001,11.600000000000001,0.07099999999999995,-7.399999999999999,-6.800000000000001,-0.09600000000000009,-0.5999999999999996,1.8000000000000007,1.1999999999999957,-2.8000000000000007,1.5999999999999996,-0.20000000000000018,2.8000000000000007,3.1999999999999993,-6.599999999999994,-6.800000000000001,-7.537009629046921
0,0.0,0.029027576197387495,0.0,5.199999999999996,8.200000000000003,0.015999999999999903,-1.8000000000000007,-3.4000000000000057,-0.02400000000000002,-5.0,-2.599999999999998,-0.15980000000000005,-0.6000000000000014,-4.199999999999999,-4.799999999999997,4.199999999999999,1.5999999999999996,-0.39999999999999947,-6.199999999999999,2.400000000000002,3.5999999999999943,-7.3999999999999995,1.5932141895739278
1,0.0,0.2123076923076923,0.0,-0.3999999999999986,-0.6000000000000085,-0.0011999999999998678,1.4000000000000004,2.6000000000000014,0.008400000000000019,0.0,-3.200000000000003,0.13639999999999997,-3.5999999999999996,-0.8000000000000007,-4.399999999999999,0.0,-0.5999999999999996,1.0,-1.5999999999999996,-0.7999999999999972,0.6000000000000085,4.0,0.26061274433409665
1,0.0,0.3137254901960784,0.0,1.0,-5.0,0.039600000000000024,2.5999999999999996,7.0,0.006800000000000028,0.1999999999999993,-0.6000000000000014,0.005800000000000027,-1.4000000000000004,2.3999999999999986,1.0,6.0,1.7999999999999998,1.5999999999999996,3.0,1.799999999999999,4.799999999999997,15.799999999999999,5.56936124607077
1,0.0,0.06153846153846154,0.0,0.3999999999999986,4.799999999999997,-0.018199999999999994,0.3999999999999986,3.5999999999999943,-0.018399999999999972,-5.599999999999998,-6.0,-0.04860000000000009,4.4,1.7999999999999972,6.200000000000003,-3.1999999999999993,-1.0000000000000009,2.2,4.800000000000001,-4.199999999999999,-4.400000000000006,-1.1999999999999993,-6.926687739787937
0,-1.0,-0.17307692307692302,-10.0,-1.6000000000000014,6.200000000000003,-0.054199999999999915,2.0,10.0,-0.068,-6.199999999999999,-7.800000000000001,0.011599999999999944,1.1999999999999993,0.0,1.2000000000000028,-0.1999999999999993,-0.20000000000000018,1.0,4.399999999999999,-1.8000000000000007,-7.3999999999999915,-13.6,-13.960779155173412
0,1.0,0.14923076923076928,0.0,1.0,-1.6000000000000085,0.01800000000000007,5.200000000000001,13.399999999999999,0.007000000000000006,1.8000000000000007,-0.8000000000000007,0.13379999999999992,-4.800000000000001,0.7999999999999972,-4.0,3.400000000000002,-0.5999999999999996,-1.2000000000000002,1.5999999999999996,0.1999999999999993,9.0,7.6,4.268777072587724
1,0.0,0.08153846153846156,0.0,6.0,-2.200000000000003,0.0818000000000001,-7.600000000000001,-17.0,-0.037199999999999955,4.199999999999999,7.0,0.018000000000000127,-1.200000000000001,0.0,-1.1999999999999957,-1.8000000000000007,-0.6000000000000014,-2.4000000000000004,-2.799999999999999,-3.200000000000001,8.599999999999994,8.0,8.713939811845194
1,0.0,-0.020000000000000018,0.0,-6.600000000000001,-8.799999999999997,-0.0348,-1.799999999999999,0.3999999999999986,-0.053800000000000014,1.5999999999999996,2.599999999999998,0.0023999999999999577,-1.4000000000000004,1.4000000000000021,0.0,-2.1999999999999993,-3.1999999999999993,-1.7999999999999998,1.1999999999999993,1.0,-13.399999999999991,-8.8,-7.584122741638311
0,-2.0,-0.3697387518142235,0.0,-8.200000000000003,-4.200000000000003,-0.0696000000000001,-5.199999999999999,-8.2,-0.067,10.0,8.399999999999999,0.1609999999999998,1.8000000000000007,-1.5999999999999979,0.20000000000000284,-9.600000000000001,-6.0,1.0,0.0,5.599999999999998,-11.599999999999994,-23.4,-9.173309582392946
1,1.0,0.33490566037735847,0.0,-0.7999999999999972,-0.20000000000000284,-0.00940000000000002,-2.5999999999999996,-4.400000000000002,-0.04559999999999992,2.400000000000002,2.6000000000000014,0.010800000000000032,2.6000000000000005,-3.200000000000003,-0.6000000000000014,-2.0,1.200000000000001,3.4000000000000004,3.0,0.40000000000000213,-1.8000000000000114,-1.0,-3.0857350160946595
0,0.0,0.019230769230769273,-10.0,-2.6000000000000014,-1.4000000000000057,-0.019199999999999995,-1.0,1.8000000000000043,-0.0391999999999999,-2.5999999999999996,-2.200000000000001,-0.08020000000000016,3.200000000000001,1.2000000000000028,4.399999999999999,-4.800000000000001,-0.20000000000000018,2.1999999999999997,-0.40000000000000036,-1.8000000000000007,-8.799999999999997,7.6,-1.3696763478230451
0,-1.0,-0.2349241583425823,0.0,-0.5999999999999943,-6.400000000000006,0.027200000000000113,1.8000000000000007,-2.3999999999999986,0.07199999999999995,-3.0,-2.1999999999999993,-0.06819999999999993,0.0,-10.599999999999998,-10.600000000000001,-4.199999999999999,-2.200000000000001,2.0,2.9999999999999982,2.8000000000000007,-2.3999999999999915,-17.6,2.2866870024890886
0,0.0,0.1331853496115427,0.0,4.399999999999999,12.400000000000006,-0.021600000000000008,7.6,12.999999999999996,0.07299999999999995,-0.1999999999999993,0.1999999999999993,-0.031200000000000006,6.0,-3.200000000000003,2.799999999999997,1.1999999999999993,3.5999999999999996,2.4000000000000004,-3.3999999999999986,3.1999999999999993,16.200000000000003,10.4,12.284207262478361
1,0.0,0.1361450240473548,0.0,-4.399999999999999,-3.5999999999999943,-0.030999999999999972,3.200000000000001,12.399999999999999,-0.030399999999999983,-4.800000000000001,-6.199999999999999,-0.057600000000000096,0.0,-1.1999999999999993,-1.2000000000000028,1.6000000000000014,2.0,1.2000000000000002,3.3999999999999986,-1.3999999999999986,-10.400000000000006,3.8000000000000003,-7.344311595316839
1,0.0,-0.1052249637155297,0.0,1.8000000000000043,4.0,-0.0030000000000000027,4.000000000000002,13.199999999999996,-0.010799999999999976,-7.399999999999999,-7.800000000000001,-0.06919999999999993,0.6000000000000014,-1.0000000000000036,-0.3999999999999986,2.0,-1.2000000000000002,1.6,6.6,-1.5999999999999979,0.20000000000000284,-14.6,-7.618215715516669
1,0.0,-0.17832038475767664,0.0,-0.8000000000000043,-5.3999999999999915,0.01319999999999999,-5.400000000000002,-8.600000000000001,-0.061600000000000044,-0.6000000000000014,2.799999999999997,-0.12460000000000004,2.0,0.20000000000000284,2.1999999999999957,-0.1999999999999993,-1.7999999999999998,-3.4,0.40000000000000213,3.599999999999998,-7.599999999999994,3.8000000000000007,-1.4945203925663009
0,-1.0,0.2166317260656883,0.0,1.8000000000000043,7.400000000000006,-0.020799999999999985,3.200000000000001,9.799999999999997,-0.01419999999999999,-1.0,-3.0,0.07020000000000004,1.4000000000000004,3.799999999999997,5.200000000000003,3.799999999999997,2.1999999999999993,-1.0000000000000004,-2.1999999999999993,-2.8000000000000007,5.799999999999997,13.2,2.567747627795839
0,0.0,-0.12726600073991867,0.0,2.3999999999999986,-7.3999999999999915,0.07119999999999993,-4.4,-7.799999999999997,-0.0368,3.400000000000002,6.399999999999999,-0.07840000000000014,-3.200000000000001,1.4000000000000021,-1.7999999999999972,1.1999999999999993,-0.8000000000000007,-0.39999999999999947,2.8000000000000007,-4.199999999999999,3.799999999999997,5.4,1.7551128208357483
1,-1.0,0.10941176470588238,-5.0,-5.200000000000003,-8.0,-0.011599999999999944,-3.0,-4.399999999999999,-0.03259999999999996,15.000000000000002,15.600000000000001,0.16799999999999993,-3.999999999999999,-3.599999999999998,-7.600000000000001,-1.1999999999999993,5.0,1.8000000000000003,2.6000000000000014,2.6000000000000014,1.5999999999999943,0.0,-3.4551967997389
0,0.0,0.037735849056603765,10.0,-6.199999999999996,-9.200000000000003,-0.014000000000000012,-0.8000000000000007,-5.199999999999996,0.04639999999999994,11.0,14.2,0.02179999999999993,-1.8000000000000007,3.1999999999999957,1.3999999999999986,-4.399999999999999,-5.6,1.7999999999999998,0.7999999999999989,4.6,-2.1999999999999886,-13.2,-1.4294027520317059
1,-1.0,0.1111111111111111,0.0,-0.6000000000000014,-4.6000000000000085,0.01700000000000007,0.1999999999999993,0.20000000000000284,0.0033999999999999586,5.200000000000001,8.0,-0.04699999999999993,2.200000000000001,-0.8000000000000007,1.3999999999999986,-5.0,0.39999999999999947,0.20000000000000018,2.8000000000000007,2.3999999999999986,4.199999999999989,0.6000000000000001,5.091518882873942
0,-1.0,-0.2733999260081391,0.0,-4.799999999999997,0.20000000000000284,-0.057599999999999985,4.0,9.600000000000001,0.016800000000000037,-4.199999999999999,-7.600000000000001,0.09800000000000009,2.5999999999999996,1.3999999999999986,4.0,-3.6000000000000014,-5.8,0.20000000000000018,3.200000000000001,-4.600000000000001,-9.799999999999997,-12.2,-6.8547343477049765
1,1.0,0.037037037037037035,5.0,0.0,-3.0,0.018000000000000016,3.5999999999999996,4.200000000000003,0.04679999999999995,-1.1999999999999993,0.40000000000000213,-0.0534,-4.800000000000001,1.8000000000000007,-3.0,2.0,0.9999999999999991,0.1999999999999993,-2.200000000000001,-1.5999999999999979,2.3999999999999915,5.4,2.5975024720153925
1,0.0,0.2195210449927431,0.0,-4.399999999999999,-9.200000000000003,-0.00259999999999988,6.4,13.599999999999998,0.030000000000000027,-3.0,-4.0,-0.019400000000000084,-0.1999999999999993,-5.600000000000001,-5.799999999999997,-0.40000000000000213,4.0,-3.1999999999999997,4.0,5.599999999999998,-5.400000000000006,4.999999999999999,2.102047731521793
1,1.0,0.14668174962292607,0.0,-1.3999999999999986,11.0,-0.07940000000000008,0.7999999999999989,3.6000000000000014,-0.023199999999999943,-1.4000000000000021,-1.6000000000000014,-0.027800000000000047,6.3999999999999995,-3.3999999999999986,3.0,0.6000000000000014,5.3999999999999995,1.0,-4.399999999999999,0.8000000000000007,-3.4000000000000057,-3.0,-3.337020769972156
0,0.0,0.3962264150943396,10.0,-0.4000000000000057,3.6000000000000085,-0.025999999999999968,2.0,4.799999999999997,-0.008599999999999997,-1.0,-1.1999999999999993,-0.014800000000000146,2.4000000000000004,2.200000000000003,4.600000000000001,-2.0,-1.8000000000000007,-1.1999999999999997,-4.399999999999999,-2.0,0.20000000000000284,13.2,4.038432564182855
0,-2.0,-0.07692307692307687,0.0,-4.399999999999999,-11.200000000000003,0.015000000000000013,-3.3999999999999986,-5.0000000000000036,-0.04080000000000006,2.6000000000000014,4.400000000000002,-0.03059999999999996,-2.8000000000000007,-7.599999999999998,-10.399999999999999,-4.0,0.5999999999999996,-3.8,1.8000000000000007,-1.8000000000000007,-9.600000000000009,-6.8,-4.154273800093478
0,1.0,-0.16107617051013268,0.0,-9.600000000000001,-10.0,-0.05319999999999997,3.1999999999999993,11.799999999999997,-0.02080000000000004,-5.0,-7.0,-0.041999999999999926,-1.799999999999999,-10.399999999999999,-12.200000000000003,-3.6000000000000014,1.8000000000000007,-3.9999999999999996,2.6000000000000014,0.0,-21.0,-19.8,-10.76524598289636
0,-1.0,-0.16666666666666674,0.0,-0.5999999999999943,3.4000000000000057,-0.025999999999999968,0.7999999999999989,5.400000000000006,-0.024800000000000044,-7.0,-9.0,-0.04139999999999999,0.40000000000000036,-4.0,-3.5999999999999943,-1.3999999999999986,-2.0,-2.4000000000000004,-3.0,3.8000000000000007,-7.400000000000006,-11.8,-3.1323657898368538
0,1.0,-0.06359189378057306,-15.0,-2.200000000000003,-5.799999999999997,0.010199999999999931,-2.799999999999999,-8.200000000000003,-0.00660000000000005,5.599999999999998,4.399999999999999,0.07580000000000009,3.8000000000000007,-6.599999999999998,-2.799999999999997,-3.1999999999999993,4.800000000000001,1.2000000000000002,2.0,-2.0,-1.6000000000000085,0.0,5.827741682827153
1,0.0,0.245014245014245,10.0,-1.2000000000000028,0.8000000000000114,-0.01640000000000008,-2.0,-1.0,-0.028400000000000036,5.0,6.599999999999998,-0.0050000000000001155,2.4000000000000004,1.7999999999999972,4.200000000000003,1.1999999999999993,-3.1999999999999993,1.4,0.0,0.3999999999999986,0.6000000000000085,1.8,-0.6849680925845831
1,0.0,-0.009764309764309753,0.0,-7.400000000000006,-9.199999999999989,-0.0371999999999999,1.4000000000000004,3.799999999999997,0.006599999999999939,2.3999999999999986,-1.0,0.17220000000000002,2.1999999999999993,3.9999999999999964,6.199999999999996,-4.600000000000001,-2.2,-0.40000000000000036,6.000000000000002,-0.7999999999999972,-11.0,8.6,-4.579178532061803
1,0.0,0.09663299663299665,0.0,-0.20000000000000284,-1.2000000000000028,0.003199999999999925,0.7999999999999989,0.0,0.030600000000000016,2.3999999999999986,4.0,-0.024399999999999977,-0.7999999999999989,8.400000000000002,7.600000000000001,3.0,1.8000000000000007,-0.7999999999999998,2.1999999999999993,4.0,2.8000000000000114,8.799999999999999,-0.6633258440476908
0,0.0,0.1629172714078374,0.0,-1.7999999999999972,4.200000000000003,-0.04980000000000001,1.8000000000000007,2.8000000000000007,0.02140000000000003,1.0,1.1999999999999993,0.0023999999999999577,4.4,0.3999999999999986,4.799999999999997,-2.0,3.0,0.40000000000000036,-0.7999999999999989,-0.1999999999999993,-0.7999999999999972,3.8,-0.7089491475211389
1,-1.0,0.34188034188034194,0.0,5.599999999999994,5.799999999999997,0.03159999999999996,1.5999999999999996,6.800000000000004,-0.018400000000000027,-0.5999999999999996,-2.8000000000000007,0.05359999999999987,2.1999999999999993,-0.5999999999999979,1.6000000000000014,7.800000000000001,4.4,-0.6000000000000005,-2.599999999999998,-3.200000000000003,12.199999999999989,22.0,11.943210626322198
0,1.0,-0.15740740740740744,0.0,0.6000000000000014,0.3999999999999915,0.003400000000000125,0.8000000000000007,-0.1999999999999993,0.03379999999999994,-2.1999999999999993,-1.1999999999999993,-0.046800000000000064,0.20000000000000107,-1.8000000000000007,-1.6000000000000014,3.3999999999999986,-2.4000000000000004,2.4000000000000004,3.1999999999999993,-1.5999999999999979,-0.20000000000000284,-12.399999999999999,-3.4752541884734427
0,0.0,0.12669683257918551,-5.0,-4.200000000000003,-2.1999999999999886,-0.03119999999999984,-4.0,-1.7999999999999972,-0.0862,11.600000000000001,11.200000000000001,0.18019999999999992,-2.2,-2.3999999999999986,-4.599999999999994,0.1999999999999993,6.4,2.4000000000000004,0.1999999999999993,1.4000000000000021,-0.7999999999999972,3.6,-5.22513071656266
1,0.0,0.11851851851851852,0.0,-1.6000000000000014,-3.5999999999999943,0.00040000000000006697,-4.599999999999998,-9.600000000000001,-0.02799999999999997,3.1999999999999993,7.0,-0.08799999999999997,-3.5999999999999996,-1.2000000000000028,-4.799999999999997,-5.399999999999999,-0.39999999999999947,0.5999999999999996,-5.600000000000001,1.6000000000000014,-4.599999999999994,-5.6,-1.6902119758918843
1,1.0,0.1970649895178197,0.0,1.2000000000000028,0.3999999999999915,0.011399999999999966,-1.799999999999999,-3.8000000000000043,-0.00880000000000003,-6.6,-8.2,-0.03400000000000003,2.4000000000000004,6.800000000000004,9.200000000000003,-0.1999999999999993,-3.4000000000000004,-2.0,-4.0,0.3999999999999986,-6.0,27.6,4.263515302486425
0,0.0,-0.23636363636363633,5.0,-1.0,-6.599999999999994,0.027199999999999946,2.0,-2.6000000000000014,0.07819999999999994,-0.5999999999999979,-1.1999999999999993,-0.008399999999999963,-6.0,-5.199999999999996,-11.199999999999996,-2.6000000000000014,-2.2,2.2,-1.8000000000000007,-1.6000000000000014,-0.5999999999999943,-9.399999999999999,2.762296177792976
0,1.0,0.02920227920227919,-5.0,-3.0,-1.6000000000000085,-0.03080000000000005,-2.799999999999999,-2.4000000000000057,-0.05279999999999996,0.40000000000000213,2.1999999999999993,-0.06679999999999997,5.6,0.0,5.599999999999994,-3.400000000000002,-0.40000000000000036,-1.1999999999999997,6.599999999999998,0.8000000000000007,-8.400000000000006,-6.6000000000000005,-8.472823541212506
0,0.0,-0.14545454545454545,0.0,-0.3999999999999986,-2.4000000000000057,0.009600000000000053,-6.800000000000001,-16.199999999999996,-0.014399999999999968,3.0,3.8000000000000007,0.01440000000000008,-4.399999999999999,6.200000000000003,1.8000000000000043,-0.1999999999999993,2.3999999999999995,-1.8000000000000003,-4.199999999999999,2.1999999999999993,-4.6000000000000085,4.2,-3.653948089040668
0,0.0,0.3405594405594406,-5.0,-1.7999999999999972,0.3999999999999915,-0.020799999999999985,-1.8000000000000007,-2.0,-0.026000000000000023,6.0,8.0,0.04920000000000002,2.4000000000000004,-3.200000000000003,-0.8000000000000043,0.1999999999999993,4.8,0.0,-2.200000000000001,-2.200000000000001,0.5999999999999943,8.2,1.8897808093851154
1,0.0,0.24528301886792453,0.0,0.0,-11.599999999999994,0.06420000000000009,-0.5999999999999996,-1.1999999999999993,0.0041999999999999815,0.8000000000000007,0.6000000000000014,0.010199999999999987,-2.3999999999999995,-2.8000000000000007,-5.200000000000003,2.6000000000000014,2.0,-1.4,7.6,2.8000000000000007,0.20000000000000284,7.3999999999999995,1.7749000078556065
1,0.0,-0.008576329331046295,-5.0,-2.6000000000000014,2.3999999999999915,-0.03919999999999996,-1.0,-3.6000000000000014,0.007800000000000029,1.6000000000000014,2.400000000000002,-0.028799999999999937,4.2,-5.600000000000001,-1.3999999999999986,-5.600000000000001,0.5999999999999996,1.8000000000000003,2.8000000000000007,1.3999999999999986,-4.6000000000000085,-13.399999999999999,-6.273902694878345
1,0.0,0.33516295025728987,0.0,4.399999999999999,2.4000000000000057,0.03799999999999992,2.6000000000000014,3.3999999999999986,0.0262,3.8000000000000007,0.8000000000000007,0.0988,-0.40000000000000036,-2.0000000000000036,-2.3999999999999986,3.3999999999999986,3.1999999999999993,2.8,-4.200000000000001,-4.399999999999999,15.199999999999989,20.8,15.732792943211706
1,0.0,-0.1548821548821549,-10.0,-5.600000000000001,-9.399999999999991,-0.012799999999999923,-2.8000000000000007,-8.2,-0.00720000000000004,-6.600000000000001,-9.0,0.028400000000000092,-3.200000000000001,-4.0,-7.199999999999996,-5.600000000000001,2.8000000000000007,1.3999999999999995,1.799999999999999,-3.0,-20.599999999999994,-5.0,-11.113160271657222
0,0.0,-0.11835334476843917,15.0,1.3999999999999986,3.0,-0.004400000000000015,3.4000000000000004,9.399999999999999,0.007400000000000018,-3.1999999999999993,-3.3999999999999986,-0.01860000000000006,-3.8000000000000007,4.0,0.20000000000000284,4.599999999999998,-4.0,-2.0,-0.1999999999999993,-1.0,3.0,-3.799999999999999,-3.5876219051036315
0,0.0,-0.12087542087542091,0.0,-1.7999999999999972,-7.400000000000006,0.019600000000000006,2.5999999999999996,4.399999999999999,0.03059999999999996,-1.8000000000000007,-1.3999999999999986,-0.06819999999999993,-4.4,-5.800000000000004,-10.200000000000003,4.400000000000002,3.4000000000000004,-2.5999999999999996,3.6000000000000014,0.8000000000000007,-2.799999999999997,-12.6,-2.7359625330392134
0,0.0,-0.14991423670668952,0.0,-0.19999999999999574,5.6000000000000085,-0.032399999999999984,5.0,14.0,-0.004599999999999993,4.0,1.0,0.15660000000000007,2.799999999999999,4.199999999999999,7.0,0.3999999999999986,-2.6000000000000005,-1.7999999999999998,2.0,1.7999999999999972,8.600000000000009,8.4,3.038001099667028
0,0.0,0.09126984126984128,0.0,-4.799999999999997,-10.0,-0.0006000000000001005,-5.0,-10.0,-0.04799999999999999,5.399999999999999,4.800000000000001,0.0676,0.5999999999999996,-2.6000000000000014,-2.0,-7.399999999999999,2.2,-0.20000000000000018,3.4000000000000004,-1.3999999999999986,-9.200000000000003,-5.4,-3.2616085673422077
1,0.0,0.12188552188552193,0.0,6.600000000000001,4.799999999999997,0.04880000000000001,-2.0,-6.399999999999999,0.004400000000000015,7.199999999999999,8.8,0.03520000000000001,-1.0,9.0,8.0,7.0,0.0,5.2,1.200000000000001,-2.0,18.39999999999999,19.799999999999997,5.487802700435807
0,0.0,-0.3140161725067385,0.0,3.200000000000003,10.400000000000006,-0.017000000000000015,-4.200000000000001,-5.800000000000004,-0.06500000000000006,-3.6000000000000014,-3.0,-0.08440000000000003,7.0,-1.0,6.0,-2.599999999999998,-3.8000000000000007,-2.6000000000000005,0.40000000000000036,-2.400000000000002,-1.4000000000000057,-13.0,-4.310707831556115
0,0.0,-0.14545454545454545,0.0,-1.0,4.799999999999997,-0.03419999999999984,3.4000000000000004,12.200000000000003,-0.03520000000000001,-3.5999999999999996,-4.800000000000001,0.01959999999999995,-0.40000000000000036,-2.8000000000000007,-3.1999999999999957,-3.0,0.6000000000000014,-1.0,0.1999999999999993,-0.6000000000000014,-2.1999999999999886,-19.2,-5.643403886665041
0,1.0,-0.16610512129380056,0.0,-1.7999999999999972,-0.5999999999999943,-0.015400000000000025,0.0,-3.4000000000000057,0.02899999999999997,5.800000000000001,8.6,-0.019399999999999973,-2.5999999999999996,-3.0,-5.599999999999994,3.0,1.4000000000000004,-0.40000000000000036,-3.200000000000001,2.400000000000002,2.200000000000003,-1.8000000000000003,-0.6919352685826112
1,7.0,0.12020202020202025,0.0,4.200000000000003,0.7999999999999972,0.044399999999999995,0.1999999999999993,0.0,0.0006000000000000449,-4.199999999999999,-4.400000000000002,-0.019000000000000017,-1.0000000000000009,0.8000000000000007,-0.19999999999999574,4.0,-2.5999999999999996,-1.5999999999999996,4.6,-0.6000000000000014,4.400000000000006,-5.199999999999999,-0.4745612400578665
1,1.0,0.05592991913746631,0.0,-1.1999999999999957,-4.3999999999999915,0.009599999999999942,2.6000000000000014,3.8000000000000043,0.02999999999999997,-0.7999999999999972,-0.1999999999999993,-0.03320000000000012,-4.799999999999999,-8.8,-13.600000000000001,-1.8000000000000007,2.5999999999999996,1.0,-3.200000000000001,-2.599999999999998,-0.6000000000000085,-8.2,2.341801695596999
0,-8.0,-0.04417293233082714,0.0,1.0,-1.4000000000000057,0.018799999999999983,-2.1999999999999993,-5.200000000000003,-0.007199999999999984,0.8000000000000007,0.40000000000000213,0.007000000000000117,-1.5999999999999996,-5.400000000000002,-7.0,1.0,-0.8000000000000007,1.5999999999999996,0.5999999999999996,2.3999999999999986,0.5999999999999943,-9.0,0.029477550108197192
1,7.0,0.4722222222222222,0.0,0.3999999999999986,0.20000000000000284,0.0043999999999999595,2.4000000000000004,2.6000000000000014,0.025399999999999978,0.3999999999999986,-2.1999999999999993,0.11239999999999994,1.1999999999999993,0.0,1.1999999999999957,-2.3999999999999986,0.0,0.7999999999999998,-2.0,-6.800000000000001,3.5999999999999943,6.8,7.917619504088108
0,7.0,-0.14285714285714285,-10.0,2.6000000000000014,4.799999999999997,0.0010000000000000564,5.800000000000001,10.600000000000001,0.0242,-7.0,-9.8,0.017799999999999816,6.000000000000002,-2.4000000000000057,3.6000000000000014,-0.6000000000000014,0.20000000000000018,2.8,4.800000000000001,0.8000000000000007,4.0,4.800000000000001,4.215879281152866
1,1.0,0.25529100529100524,0.0,4.0,1.3999999999999915,0.03460000000000002,3.8000000000000007,8.0,0.040200000000000014,-2.400000000000002,-1.1999999999999993,-0.08360000000000012,3.3999999999999986,0.0,3.3999999999999986,1.5999999999999979,2.0,1.3999999999999995,3.0,4.6,9.400000000000006,17.8,8.591410328327626
0,0.0,-0.1607142857142857,0.0,-8.600000000000001,-2.200000000000003,-0.08740000000000003,3.3999999999999986,5.600000000000001,0.03320000000000006,-1.1999999999999993,-4.400000000000002,0.16000000000000014,2.4000000000000004,-2.0,0.3999999999999986,-4.399999999999999,-1.5999999999999996,-2.2,4.6,1.3999999999999986,-15.0,-16.8,-12.574897702761788
1,0.0,0.009920634920634941,-5.0,1.2000000000000028,5.0,-0.00759999999999994,-1.200000000000001,-3.0,-0.0034000000000000696,-0.1999999999999993,0.0,-0.033399999999999985,4.0,-7.0,-3.0,-1.2000000000000028,2.000000000000001,1.7999999999999998,0.5999999999999996,-0.40000000000000213,1.0,-6.200000000000001,-0.5196674231048064
0,0.0,-0.33068783068783075,0.0,-3.200000000000003,1.7999999999999972,-0.045399999999999885,2.8000000000000007,10.0,-0.014600000000000057,-3.5999999999999996,-5.399999999999999,0.0411999999999999,-1.4000000000000004,-4.400000000000002,-5.800000000000004,-1.3999999999999986,-1.200000000000001,-1.0,3.8000000000000007,-0.8000000000000007,-7.200000000000003,-27.2,-12.058307067091022
1,-1.0,-0.2822966507177033,5.0,8.0,5.400000000000006,0.06340000000000001,5.199999999999999,5.399999999999999,0.0826,-7.800000000000001,-7.399999999999999,-0.07679999999999998,-1.6000000000000005,2.3999999999999986,0.7999999999999972,7.399999999999999,-2.5999999999999996,-2.8,-3.3999999999999986,-4.400000000000002,13.400000000000006,13.4,12.545143162466601
1,0.0,0.034391534391534306,0.0,0.3999999999999986,8.0,-0.035800000000000054,-2.6000000000000014,2.200000000000003,-0.0646000000000001,-12.599999999999998,-14.0,-0.10820000000000007,7.0,-3.0,4.0,-4.0,-6.199999999999999,-3.4000000000000004,0.8000000000000007,-0.7999999999999972,-14.400000000000006,-25.2,-9.737189964144207
1,0.0,-0.00462962962962965,5.0,3.200000000000003,6.199999999999989,0.0009999999999999454,1.200000000000001,6.200000000000003,-0.036199999999999954,3.200000000000001,5.200000000000003,-0.0504,-1.0,2.400000000000002,1.4000000000000057,6.200000000000003,-3.4000000000000004,-2.2,-4.200000000000001,2.8000000000000007,10.799999999999997,2.2,4.429530463894707
1,0.0,0.49856459330143543,0.0,10.200000000000003,1.0,0.10519999999999996,4.4,4.0,0.09539999999999998,2.799999999999997,2.400000000000002,0.047599999999999865,-3.0,6.399999999999999,3.4000000000000057,10.0,-1.5999999999999996,3.2,-1.5999999999999996,-0.7999999999999972,27.599999999999994,38.6,22.85793177023716
1,0.0,0.1374269005847953,0.0,-0.3999999999999986,6.200000000000003,-0.03920000000000001,1.5999999999999996,6.199999999999996,-0.015000000000000013,0.7999999999999972,0.8000000000000007,0.020199999999999996,5.6,9.399999999999999,15.0,1.3999999999999986,-4.199999999999999,0.0,-2.5999999999999996,-0.8000000000000007,1.5999999999999943,18.6,2.945030806191056
0,-1.0,-0.036363636363636376,0.0,0.7999999999999972,-9.400000000000006,0.06260000000000004,-2.3999999999999986,-13.600000000000001,0.07879999999999998,6.000000000000002,8.200000000000001,-0.027000000000000135,-7.8,-5.199999999999999,-13.0,2.6000000000000014,0.8000000000000007,-1.7999999999999998,2.5999999999999996,4.600000000000001,5.200000000000003,-7.800000000000001,0.31386740070495023
1,1.0,-0.11372180451127811,0.0,-4.599999999999994,1.0,-0.056400000000000006,1.5999999999999996,13.0,-0.0852,-14.2,-17.6,-0.07899999999999996,0.0,-7.199999999999999,-7.200000000000003,-3.0000000000000036,2.4000000000000004,-0.19999999999999973,-0.7999999999999989,-3.1999999999999993,-21.799999999999983,-19.6,-12.67246660945868
1,0.0,0.19278996865203762,0.0,0.3999999999999986,5.0,-0.016000000000000014,1.5999999999999996,0.3999999999999986,0.021199999999999997,2.8000000000000007,2.3999999999999986,0.038799999999999835,1.0,-0.9999999999999964,0.0,-1.0,-0.1999999999999993,-0.7999999999999998,-2.8000000000000007,-1.0,5.200000000000003,-4.6,2.9227030140034174
1,0.0,0.1228070175438597,0.0,-4.399999999999999,-0.4000000000000057,-0.05260000000000015,1.3999999999999986,2.200000000000003,0.009399999999999964,-4.599999999999998,-3.6000000000000014,-0.03520000000000012,1.200000000000001,-2.1999999999999993,-1.0,-3.1999999999999993,0.20000000000000107,-1.7999999999999998,1.0,-3.599999999999998,-12.0,-6.799999999999999,-9.63163930447989
0,1.0,-0.045129870129870076,-10.0,-0.20000000000000284,-6.0,0.03200000000000003,-7.0,-15.999999999999996,-0.014000000000000012,0.40000000000000213,1.8000000000000007,-0.04919999999999991,2.6000000000000005,-3.6000000000000014,-1.0,-2.8000000000000007,-1.8000000000000007,-1.5999999999999996,1.5999999999999996,0.0,-7.0,-7.0,-0.5688313379383771
0,0.0,-0.21052631578947367,-5.0,-5.0,-0.7999999999999972,-0.05119999999999986,1.0,3.3999999999999986,-0.008999999999999952,-1.1999999999999993,-2.3999999999999986,0.031200000000000006,1.200000000000001,-3.1999999999999957,-2.0,-5.199999999999999,1.0,2.8,7.0,-1.0,-10.200000000000003,-24.6,-13.71262264405344
0,-1.0,0.10526315789473689,10.0,-2.0,7.3999999999999915,-0.05099999999999999,-4.399999999999999,-1.6000000000000014,-0.07839999999999997,-4.600000000000001,-6.799999999999997,-0.01979999999999993,1.3999999999999986,-0.20000000000000284,1.2000000000000028,-3.6000000000000014,0.7999999999999998,-1.8000000000000003,-7.6,-2.599999999999998,-13.0,-2.0,-7.515823743845388
0,0.0,-0.16523125996810206,0.0,6.200000000000003,5.599999999999994,0.04299999999999998,-7.199999999999999,-11.399999999999999,-0.08420000000000005,-2.0,0.20000000000000284,-0.13139999999999985,-4.6,0.0,-4.599999999999994,1.6000000000000014,4.6000000000000005,2.8000000000000003,-1.0000000000000018,-2.400000000000002,3.200000000000003,-9.0,-6.801560045750193
0,-1.0,-0.14484126984126988,0.0,1.3999999999999986,0.7999999999999972,0.011800000000000033,2.799999999999999,8.0,-0.0005999999999999894,-6.999999999999998,-9.0,-0.03299999999999992,-1.1999999999999993,2.6000000000000014,1.3999999999999986,-4.399999999999999,-3.200000000000001,-1.0,1.0,-1.1999999999999993,-1.4000000000000057,2.0,-0.4958919213054429
0,0.0,-0.08229665071770337,5.0,0.3999999999999986,-0.7999999999999972,0.0040000000000000036,6.199999999999999,14.000000000000004,0.04740000000000005,-5.999999999999998,-8.0,-0.005400000000000071,-1.3999999999999995,5.0000000000000036,3.6000000000000014,4.0,-0.5999999999999996,-1.0,5.399999999999999,3.8000000000000007,1.0,7.0,-1.4657028204347142
0,1.0,0.07832080200501257,0.0,9.799999999999997,6.6000000000000085,0.07459999999999994,3.200000000000001,4.200000000000003,0.04259999999999997,-8.8,-7.600000000000001,-0.12200000000000011,2.0,0.40000000000000213,2.4000000000000057,7.199999999999999,0.1999999999999993,-0.7999999999999998,0.5999999999999996,-3.0,14.0,23.8,11.254385519001687
1,-1.0,0.30239234449760766,0.0,-5.200000000000003,-8.200000000000003,-0.016199999999999992,0.0,-1.2000000000000028,0.018799999999999928,-1.4000000000000021,-2.3999999999999986,0.043200000000000016,-1.1999999999999993,-6.400000000000002,-7.600000000000001,-7.400000000000002,-2.4000000000000004,2.9999999999999996,-2.3999999999999986,-6.399999999999999,-11.799999999999997,1.5999999999999999,-0.6935234729525348
0,0.0,0.1749216300940439,0.0,3.4000000000000057,-4.0,0.059199999999999975,4.799999999999999,5.0,0.09639999999999999,0.0,2.3999999999999986,-0.05620000000000003,-5.800000000000001,-1.1999999999999993,-7.0,1.0,5.0,1.2000000000000002,-1.3999999999999986,3.6000000000000014,11.600000000000009,18.6,9.869577677249765
0,0.0,0.04935064935064937,0.0,-5.0,-1.5999999999999943,-0.044399999999999995,-0.1999999999999993,-4.0,0.027000000000000024,-3.1999999999999993,-3.599999999999998,-0.010399999999999965,1.0,-3.6000000000000014,-2.5999999999999943,-5.199999999999999,3.3999999999999995,-1.0,-0.5999999999999996,3.3999999999999986,-13.400000000000006,-1.0,-7.241830345928008
1,0.0,0.188861985472155,0.0,-5.399999999999999,-4.0,-0.03919999999999996,0.40000000000000036,-1.2000000000000028,0.029400000000000093,7.000000000000002,8.8,0.0038000000000000256,1.5999999999999996,3.200000000000003,4.799999999999997,-2.6000000000000014,-1.8000000000000007,-2.0,0.5999999999999996,2.6000000000000014,-3.3999999999999915,3.5999999999999996,-2.24619126633786
0,0.0,-0.2852389594676346,5.0,5.799999999999997,2.0,0.05319999999999997,5.0,8.399999999999999,0.04799999999999993,-7.600000000000001,-8.0,-0.048000000000000154,-2.6000000000000014,4.800000000000001,2.1999999999999957,8.8,-2.0,-3.3999999999999995,2.6000000000000014,-2.400000000000002,9.0,9.600000000000001,4.746928853888747
0,0.0,0.0714285714285714,-10.0,1.3999999999999986,-2.3999999999999915,0.029199999999999948,-4.4,-10.600000000000001,0.006199999999999983,-2.8000000000000007,-1.6000000000000014,-0.07679999999999998,-1.5999999999999996,-3.400000000000002,-5.0,-0.6000000000000014,-3.0,-3.0,1.5999999999999996,0.6000000000000014,-4.3999999999999915,-16.6,-4.92779088521597
0,0.0,-0.0892857142857143,0.0,-6.799999999999997,-5.6000000000000085,-0.0524,2.6000000000000014,8.799999999999997,0.019999999999999962,-4.599999999999998,-6.600000000000001,-0.0021999999999999797,-0.40000000000000036,1.0,0.5999999999999943,0.1999999999999993,0.1999999999999993,2.2,4.400000000000002,4.6,-15.599999999999994,-1.1999999999999993,-11.292001125551039
0,0.0,-0.09174876847290636,10.0,-1.0,10.400000000000006,-0.05520000000000008,0.40000000000000036,5.199999999999996,-0.030399999999999983,-4.4,-4.200000000000001,-0.06820000000000004,4.999999999999998,-5.399999999999999,-0.4000000000000057,-3.400000000000002,2.200000000000001,-1.7999999999999998,0.7999999999999989,2.799999999999999,-6.0,-17.8,-10.331408029936767
1,-1.0,-0.09811912225705327,0.0,-3.200000000000003,-10.0,0.017000000000000015,-1.799999999999999,-6.200000000000003,0.009200000000000041,-6.200000000000001,-10.0,0.028800000000000048,-5.4,-6.199999999999996,-11.599999999999994,-8.0,-3.0,0.5999999999999996,3.1999999999999993,-2.6000000000000014,-14.400000000000006,-17.4,-7.609595265952947
0,0.0,-0.051724137931034475,0.0,1.3999999999999986,0.6000000000000085,0.012600000000000056,-5.999999999999998,-8.799999999999997,-0.06519999999999998,-2.1999999999999993,0.0,-0.10219999999999996,-4.800000000000001,0.8000000000000007,-4.0,-0.1999999999999993,2.1999999999999993,2.5999999999999996,3.0,-1.4000000000000021,-5.400000000000006,-12.6,-14.572935634934993
1,1.0,-0.25045372050816694,0.0,0.5999999999999943,-5.799999999999997,0.03880000000000006,-3.799999999999999,-15.0,0.02999999999999997,8.600000000000001,11.200000000000001,0.030999999999999917,-2.0,3.8000000000000007,1.7999999999999972,-6.399999999999999,-4.6,3.0,-0.8000000000000007,0.40000000000000213,6.0,6.0,5.71972936753491
1,0.0,-0.017241379310344862,-5.0,-0.5999999999999943,-4.0,0.018399999999999972,-0.20000000000000107,-3.0,0.035200000000000065,2.1999999999999993,1.3999999999999986,0.020199999999999885,2.0,1.0,3.0,-3.3999999999999986,-1.0,1.3999999999999995,2.3999999999999986,-0.8000000000000007,0.7999999999999972,2.6000000000000005,4.669563826925653
0,0.0,-0.16212946158499697,0.0,1.2000000000000028,2.6000000000000085,0.0007999999999999674,-4.0,-5.0,-0.06259999999999999,1.2000000000000028,0.3999999999999986,0.03479999999999983,-0.20000000000000107,-0.8000000000000007,-1.0,3.200000000000003,2.0,1.2000000000000002,-2.1999999999999993,3.200000000000001,-0.3999999999999915,1.4000000000000004,-1.155299605065423
0,0.0,-0.12068965517241376,0.0,-2.3999999999999986,3.1999999999999886,-0.043399999999999994,3.3999999999999986,9.0,0.004799999999999971,-3.1999999999999993,-3.8000000000000007,-0.0008000000000000229,5.4,-1.7999999999999972,3.6000000000000014,0.8000000000000007,-1.799999999999999,0.20000000000000018,2.6000000000000014,0.3999999999999986,-4.6000000000000085,-8.2,-2.9450169641963555
1,0.0,0.4046610169491526,0.0,1.0,-10.599999999999994,0.06679999999999992,5.4,3.0,0.1376,-4.599999999999998,-6.199999999999999,0.043200000000000016,-2.799999999999999,3.8000000000000043,1.0,-1.4000000000000021,-2.0,2.6000000000000005,4.199999999999999,1.5999999999999979,2.799999999999997,25.0,9.473106902462732
1,2.0,-0.04597701149425282,0.0,1.3999999999999986,-4.200000000000003,0.03639999999999999,-0.8000000000000007,-7.0,0.04260000000000003,15.000000000000002,18.8,-0.014800000000000146,-3.3999999999999986,0.19999999999999574,-3.1999999999999957,1.8000000000000007,2.8000000000000007,-3.8,3.4000000000000004,5.0,17.0,0.0,4.528459759304511
0,-1.0,-0.13309134906231102,0.0,-7.399999999999999,-5.0,-0.05779999999999996,-1.0,-2.8000000000000043,-0.00539999999999996,-0.1999999999999993,-0.1999999999999993,-0.017000000000000126,-0.40000000000000036,-4.199999999999999,-4.600000000000001,-5.0,3.000000000000001,-1.6000000000000005,-0.20000000000000107,2.0,-16.0,-13.6,-10.202785909717392
0,1.0,-0.14224137931034486,0.0,-0.19999999999999574,-2.6000000000000085,0.010199999999999987,-3.0,-10.199999999999996,0.01579999999999998,5.800000000000001,8.2,0.01319999999999999,-3.1999999999999993,-4.799999999999997,-8.0,-3.8000000000000043,4.6,2.0,-2.200000000000001,1.8000000000000007,2.4000000000000057,-1.3999999999999995,0.24803690705624604
1,0.0,-0.18069007263922515,0.0,2.200000000000003,5.599999999999994,-0.009000000000000064,1.3999999999999986,3.3999999999999986,-0.008399999999999963,-6.399999999999999,-9.400000000000002,0.05179999999999996,-1.1999999999999993,-0.7999999999999972,-2.0,-2.799999999999997,-1.9999999999999991,-0.40000000000000036,-0.5999999999999996,-1.0,-0.5999999999999943,-7.2,-3.4193465814587825
1,1.0,-0.012711864406779627,0.0,3.200000000000003,8.799999999999997,-0.00599999999999995,-5.6,-8.599999999999998,-0.06919999999999998,0.6000000000000014,1.1999999999999993,-0.024399999999999977,3.0,-0.3999999999999986,2.6000000000000014,-0.1999999999999993,1.5999999999999996,2.1999999999999993,-1.4000000000000004,5.4,1.3999999999999915,-0.3999999999999986,-3.8193787710349767
0,0.0,-0.22033898305084748,0.0,2.6000000000000014,1.5999999999999943,0.02080000000000004,-4.400000000000002,-6.799999999999997,-0.037199999999999955,-1.1999999999999993,0.1999999999999993,-0.07979999999999987,-6.6,1.0,-5.600000000000001,3.3999999999999986,0.3999999999999986,-1.7999999999999998,3.0,1.8000000000000007,-0.3999999999999915,-16.6,-12.864100806212434
0,0.0,-0.06779661016949151,0.0,-3.4000000000000057,-2.5999999999999943,-0.026199999999999946,0.0,-1.6000000000000014,0.014000000000000012,-2.4000000000000004,-5.0,0.08819999999999995,-4.800000000000001,0.3999999999999986,-4.399999999999999,-1.1999999999999993,0.6000000000000005,-1.0,-1.0,-2.200000000000003,-9.200000000000003,-6.399999999999999,-7.745304089331128
1,0.0,-0.03716919417187037,10.0,-5.0,10.399999999999991,-0.1038,1.6000000000000014,12.8,-0.07939999999999997,-7.800000000000001,-9.999999999999998,0.009600000000000053,8.6,-0.40000000000000213,8.199999999999996,-5.800000000000001,0.7999999999999998,0.0,0.40000000000000036,-4.399999999999999,-16.200000000000003,-10.799999999999999,-13.862009057578405
0,1.0,-0.08771929824561397,10.0,-1.7999999999999972,5.6000000000000085,-0.050799999999999956,0.8000000000000007,2.0,-0.015200000000000047,3.6000000000000014,5.399999999999999,-0.03860000000000008,-1.4000000000000004,-0.7999999999999972,-2.200000000000003,0.6000000000000014,1.2000000000000002,-1.2000000000000002,-6.799999999999999,3.400000000000002,0.7999999999999972,-4.2,-1.6603709882869424
1,0.0,0.20263157894736844,0.0,-4.600000000000001,-0.5999999999999943,-0.04560000000000003,0.3999999999999986,0.7999999999999972,0.01720000000000005,6.600000000000001,8.2,-0.0035999999999999366,3.5999999999999996,4.200000000000003,7.800000000000004,0.0,-1.799999999999999,-2.2,-1.200000000000001,1.0,-2.200000000000003,10.2,-0.5465265921213245
1,0.0,0.02630040911747511,0.0,-2.200000000000003,-2.5999999999999943,-0.011799999999999977,-2.5999999999999996,-6.800000000000004,-0.014000000000000012,-0.5999999999999979,-2.8000000000000007,0.036799999999999944,-3.5999999999999996,-6.600000000000001,-10.200000000000003,-7.200000000000003,3.5999999999999996,0.7999999999999998,0.8000000000000007,3.200000000000003,-7.599999999999994,-14.0,-7.914865533316345
0,1.0,-0.46098003629764067,0.0,-9.799999999999997,-9.0,-0.06540000000000007,-2.1999999999999993,0.0,-0.046999999999999986,-0.6000000000000014,-0.20000000000000284,-0.021399999999999975,-3.4000000000000004,-6.0,-9.399999999999999,-6.0,2.2,-2.5999999999999996,1.0,1.4000000000000021,-22.400000000000006,-28.6,-16.99646948038655
0,2.0,-0.136485280999108,0.0,-6.0,-4.0,-0.04479999999999995,-6.6,-10.200000000000003,-0.09260000000000002,2.8000000000000007,1.1999999999999993,0.09340000000000004,-0.8000000000000007,-1.3999999999999986,-2.200000000000003,-4.600000000000001,-0.5999999999999996,-1.7999999999999998,-4.6,-1.5999999999999979,-15.799999999999997,-8.2,-7.321293587005172
0,1.0,0.022209234365867914,0.0,-1.7999999999999972,1.6000000000000085,-0.028200000000000003,0.40000000000000036,4.0,-0.01200000000000001,0.40000000000000213,-1.0,0.04620000000000013,1.1999999999999993,0.6000000000000014,1.8000000000000043,3.599999999999998,4.0,-2.6,2.5999999999999996,1.0,-2.799999999999997,-5.0,-5.179709395109725
0,1.0,0.15175438596491225,0.0,4.200000000000003,-6.0,0.0816,-0.39999999999999947,-5.800000000000001,0.0408,2.799999999999997,7.0,-0.0898000000000001,-3.5999999999999996,1.7999999999999972,-1.8000000000000043,-3.0,-2.1999999999999993,-1.4000000000000004,-0.1999999999999993,-0.1999999999999993,10.799999999999997,15.4,10.229401658386294
1,0.0,0.13771929824561402,0.0,4.200000000000003,11.200000000000003,-0.011199999999999988,-0.8000000000000007,-2.8000000000000007,-0.0005999999999999894,-2.8000000000000007,-3.8000000000000007,0.019200000000000106,3.4000000000000004,0.6000000000000014,4.0,1.6000000000000014,0.5999999999999996,4.2,2.5999999999999996,3.3999999999999986,4.800000000000011,1.5999999999999996,-5.201420915882721
1,0.0,0.1228813559322034,0.0,-5.200000000000003,-0.8000000000000114,-0.05500000000000005,3.200000000000001,6.600000000000001,0.01679999999999998,-5.199999999999999,-7.799999999999997,0.06380000000000008,1.6000000000000014,-6.600000000000001,-5.0,-4.399999999999999,0.7999999999999998,1.8000000000000003,2.0,-1.8000000000000007,-12.399999999999991,-11.2,-7.6203788647681705
0,-1.0,-0.17097829319060365,0.0,5.200000000000003,4.800000000000011,0.03239999999999993,2.5999999999999996,2.0,0.04780000000000001,-6.4,-9.000000000000002,-0.010200000000000098,0.40000000000000036,0.0,0.3999999999999986,-3.3999999999999986,-2.000000000000001,-0.40000000000000036,0.0,-1.1999999999999993,6.599999999999994,-0.8000000000000007,6.088066279282629
1,1.0,0.396551724137931,0.0,5.200000000000003,6.200000000000003,0.026000000000000023,3.0,4.200000000000003,0.03440000000000004,-5.6,-8.000000000000002,0.04059999999999997,4.199999999999999,10.399999999999999,14.600000000000001,1.5999999999999979,-2.8000000000000007,3.1999999999999997,-1.200000000000001,-5.4,7.800000000000011,26.400000000000002,10.53074092484978
0,-1.0,-0.006352087114337546,0.0,1.7999999999999972,-3.200000000000003,0.041000000000000036,-5.399999999999999,-13.0,-0.020199999999999996,3.3999999999999986,6.0,-0.040000000000000036,0.0,4.799999999999997,4.799999999999997,-6.0,-4.799999999999999,-2.4,0.40000000000000036,-4.0,1.5999999999999943,3.1999999999999993,1.5625733579335304
0,-1.0,-0.30040911747516075,0.0,3.799999999999997,3.5999999999999943,0.024800000000000044,-1.0,2.0,-0.051600000000000035,-5.0,-5.399999999999999,0.001000000000000112,-2.5999999999999996,3.799999999999997,1.2000000000000028,0.8000000000000007,0.40000000000000036,1.2000000000000002,1.0,-2.1999999999999993,1.5999999999999943,-11.0,-3.252500251615544
1,0.0,-0.12126436781609196,0.0,0.8000000000000043,11.799999999999997,-0.05520000000000003,1.1999999999999993,7.0,-0.02899999999999997,5.999999999999998,9.400000000000002,-0.07400000000000018,4.0,5.199999999999996,9.199999999999996,3.8000000000000007,-0.5999999999999996,-2.8,-3.8000000000000007,0.6000000000000014,8.799999999999997,-3.4000000000000004,-0.7228204280212509
0,0.0,0.005084745762711895,0.0,-0.3999999999999986,1.0,-0.009600000000000108,1.4000000000000004,5.200000000000003,0.002799999999999969,-4.599999999999998,-4.399999999999999,-0.05280000000000007,0.0,-2.599999999999998,-2.6000000000000014,2.0,4.199999999999999,-2.3999999999999995,2.799999999999999,-0.5999999999999979,-4.0,-5.0,-5.504957969283097
1,0.0,0.0,0.0,1.7999999999999972,0.5999999999999943,0.017400000000000138,7.799999999999999,7.199999999999996,0.11059999999999998,-4.4,-8.2,0.12479999999999991,1.0,1.3999999999999986,2.4000000000000057,3.1999999999999993,-0.1999999999999993,-2.4000000000000004,-2.400000000000002,-1.0,7.0,16.2,14.608907247640417
0,1.0,-0.06078316773816472,0.0,3.6000000000000014,10.799999999999997,-0.01799999999999996,6.199999999999999,19.0,-0.01899999999999996,-6.200000000000001,-7.800000000000001,-0.0232,5.0,2.6000000000000014,7.600000000000001,8.799999999999997,2.1999999999999993,-0.6000000000000005,3.5999999999999996,0.8000000000000007,7.199999999999989,1.4,0.43490736248811857
1,-1.0,0.10169491525423735,0.0,-1.7999999999999972,-5.799999999999997,0.01540000000000008,1.799999999999999,2.3999999999999986,0.036800000000000055,-8.4,-10.400000000000002,0.013799999999999923,1.8000000000000007,3.6000000000000014,5.399999999999999,4.600000000000001,-5.6,1.1999999999999993,-0.1999999999999993,-8.399999999999999,-10.200000000000003,7.4,4.128727274689368
1,2.0,0.016393442622950838,0.0,1.6000000000000014,6.3999999999999915,-0.010599999999999998,0.8000000000000007,-4.0,0.052200000000000024,4.800000000000001,3.8000000000000007,0.09299999999999997,1.5999999999999996,9.399999999999999,11.0,3.3999999999999986,1.0,-2.5999999999999996,-3.0,0.8000000000000007,8.799999999999997,18.0,5.003781152603722
1,1.0,-0.0482758620689655,0.0,-7.199999999999996,-4.200000000000003,-0.05719999999999992,-1.0,0.4000000000000057,-0.027600000000000013,4.199999999999999,5.599999999999998,0.025999999999999912,0.8000000000000007,2.1999999999999993,3.0,-0.20000000000000284,1.1999999999999993,1.0,6.399999999999999,-0.1999999999999993,-11.200000000000003,-9.8,-14.580201049121342
0,0.0,-0.3523200889135871,-5.0,-2.8000000000000043,-2.5999999999999943,-0.02059999999999995,-0.3999999999999986,1.0,-0.025399999999999978,-4.0,-4.599999999999998,-0.014399999999999968,-3.0,-4.199999999999999,-7.200000000000003,-0.6000000000000014,-0.8000000000000007,-1.3999999999999995,0.5999999999999996,2.1999999999999993,-10.0,-19.799999999999997,-9.430213828612864
1,-1.0,-0.09548022598870054,0.0,-4.0,-5.0,-0.019600000000000006,-2.799999999999999,-2.0,-0.056599999999999984,-2.200000000000001,-3.0,0.01980000000000004,-1.5999999999999996,-2.799999999999997,-4.399999999999999,-5.0,0.0,-2.0,-0.5999999999999996,1.3999999999999986,-13.0,-13.4,-7.023261471754935
1,2.0,0.15404183154324474,0.0,-4.600000000000001,-7.800000000000011,-0.013400000000000079,-4.4,-10.0,-0.034600000000000075,1.2000000000000028,-0.6000000000000014,0.058600000000000096,-5.2,-1.7999999999999972,-7.0,-4.800000000000001,0.1999999999999993,-2.799999999999999,-2.6000000000000014,-2.599999999999998,-12.400000000000006,-5.199999999999999,-6.143877922870118
0,1.0,-0.22413793103448276,5.0,-4.600000000000001,-8.0,-0.010999999999999954,3.8000000000000007,5.800000000000001,0.03199999999999997,-0.7999999999999972,-0.40000000000000213,-0.023399999999999976,-5.399999999999999,-1.2000000000000028,-6.600000000000001,-2.3999999999999986,-1.3999999999999986,-1.7999999999999998,-3.4000000000000004,-2.3999999999999986,-6.200000000000003,0.20000000000000018,0.7805107266371465
0,1.0,-0.1293103448275862,0.0,-2.799999999999997,-0.4000000000000057,-0.029600000000000015,1.8000000000000007,5.600000000000001,-0.008000000000000007,0.3999999999999986,-0.8000000000000007,0.029799999999999827,0.1999999999999993,2.3999999999999986,2.6000000000000014,-1.1999999999999993,-4.0,-2.6000000000000005,3.0,-0.6000000000000014,-3.3999999999999915,-10.200000000000001,-5.236964730980361
0,0.0,-0.39816615726590715,-5.0,3.0,-3.3999999999999915,0.054400000000000115,-6.800000000000001,-13.8,-0.043200000000000016,2.6000000000000014,8.399999999999999,-0.14,-0.40000000000000036,-1.7999999999999972,-2.200000000000003,-2.799999999999997,-4.000000000000001,-2.0,-0.40000000000000036,-2.8000000000000007,1.7999999999999972,-12.0,1.593337904982704
1,-2.0,0.3637121422617393,0.0,-2.200000000000003,-10.0,0.030400000000000038,4.6,2.8000000000000007,0.11020000000000008,-1.0,0.3999999999999986,-0.06280000000000008,-5.199999999999999,1.0,-4.199999999999996,-2.8000000000000007,-3.2,0.20000000000000018,-1.5999999999999996,0.0,-0.7999999999999972,14.4,6.222908703489452
0,-1.0,0.0,5.0,1.8000000000000043,8.200000000000003,-0.02300000000000002,2.0,6.600000000000001,-0.01419999999999999,0.5999999999999979,0.7999999999999972,0.006199999999999983,0.7999999999999989,6.400000000000006,7.199999999999996,5.0,-0.5999999999999996,-3.4,-1.4000000000000004,-1.0,6.200000000000003,7.6,-0.8004255138422849
0,0.0,-0.22598870056497172,0.0,0.0,2.4000000000000057,-0.017799999999999983,-0.8000000000000007,-1.0,-0.028400000000000036,-3.0,-2.8000000000000007,-0.07340000000000002,-4.0,-6.0,-10.0,-3.0,1.5999999999999996,-3.8,2.4000000000000004,0.5999999999999979,-3.799999999999997,-27.8,-12.08613122036266
0,1.0,0.04209039548022603,0.0,3.4000000000000057,11.0,-0.01820000000000005,8.000000000000002,21.4,0.03180000000000005,-12.8,-14.8,-0.06380000000000008,4.4,0.19999999999999574,4.600000000000001,9.399999999999999,0.7999999999999989,-0.1999999999999993,1.4000000000000004,-0.8000000000000007,2.0,-4.2,0.23319339177903942
0,1.0,-0.30655737704918035,-5.0,-3.6000000000000014,-0.7999999999999972,-0.03279999999999994,-1.799999999999999,2.200000000000003,-0.0464,0.0,1.0,-0.033399999999999985,0.40000000000000036,-11.0,-10.600000000000001,-2.1999999999999993,5.200000000000001,0.5999999999999996,1.1999999999999993,3.0,-9.0,-22.6,-8.52575676909268
0,0.0,-0.3559322033898305,0.0,-0.3999999999999986,3.200000000000003,-0.024800000000000044,-1.5999999999999996,-1.2000000000000028,-0.0398,-0.6000000000000014,-0.8000000000000007,0.0016000000000000458,-2.5999999999999996,-2.1999999999999957,-4.799999999999997,-2.799999999999997,1.0,0.0,-1.4000000000000004,0.8000000000000007,-3.0,-21.6,-7.043182935799351
1,0.0,0.29354838709677417,0.0,-0.20000000000000284,-3.0,0.012400000000000022,-0.20000000000000107,-3.3999999999999986,0.01539999999999997,-6.399999999999999,-6.599999999999998,-0.05800000000000005,-5.199999999999999,-2.8000000000000043,-8.0,-2.1999999999999993,0.20000000000000107,-2.2,-6.6,-6.800000000000001,-7.0,1.2000000000000002,1.2210580842843228
1,0.0,-0.149808638600328,0.0,-5.600000000000001,-13.199999999999989,0.0040000000000000036,5.000000000000001,5.400000000000002,0.10520000000000002,2.599999999999998,4.600000000000001,-0.030999999999999917,-4.800000000000001,-6.600000000000001,-11.399999999999999,0.3999999999999986,-2.0,-2.1999999999999993,-0.5999999999999996,-2.6000000000000014,-3.6000000000000085,-4.8,4.080976114797792
1,1.0,0.2587570621468927,10.0,-2.200000000000003,-0.20000000000000284,-0.02579999999999988,-4.4,-2.200000000000003,-0.10219999999999996,5.200000000000001,7.800000000000001,-0.04520000000000002,3.4000000000000004,4.600000000000001,8.0,2.6000000000000014,-0.20000000000000018,0.6000000000000005,-0.40000000000000036,-1.3999999999999986,-3.5999999999999943,12.599999999999998,-3.218517085085722
0,0.0,-0.16666666666666663,0.0,2.0,4.0,0.0014000000000000123,-0.8000000000000007,-0.5999999999999943,-0.010199999999999987,1.8000000000000007,0.0,0.0868000000000001,-1.0,0.6000000000000014,-0.3999999999999986,-5.400000000000002,3.0,-2.9999999999999996,-4.6,1.0,5.0,0.39999999999999947,4.2117264654215205
0,-3.0,-0.3408602150537634,-10.0,8.600000000000001,0.20000000000000284,0.08679999999999999,-6.199999999999999,-14.600000000000001,-0.04459999999999997,8.599999999999998,9.4,0.0411999999999999,-1.4000000000000004,0.1999999999999993,-1.1999999999999957,9.2,0.40000000000000036,1.1999999999999993,-0.1999999999999993,-0.5999999999999979,19.60000000000001,-0.40000000000000036,13.2175983653472
0,1.0,-0.05601092896174864,0.0,1.6000000000000014,1.4000000000000057,0.011800000000000033,-3.0,-8.600000000000001,0.003399999999999903,6.200000000000001,5.399999999999999,0.05559999999999998,-0.40000000000000036,-1.7999999999999972,-2.200000000000003,-0.1999999999999993,0.1999999999999993,0.0,-1.200000000000001,1.2000000000000028,6.400000000000006,-2.6000000000000005,3.304019173927159
1,1.0,0.27459016393442626,0.0,5.0,9.799999999999997,0.001000000000000112,1.4000000000000004,4.799999999999997,-0.01040000000000002,3.0,3.6000000000000014,0.008000000000000007,5.0,12.799999999999997,17.800000000000004,1.1999999999999993,-1.4000000000000004,1.4,0.5999999999999996,-3.8000000000000007,14.399999999999991,23.2,6.323832648668869
1,1.0,0.1418032786885246,0.0,0.0,4.200000000000003,-0.022999999999999965,12.200000000000001,22.0,0.09019999999999995,-3.1999999999999993,-7.800000000000001,0.1100000000000001,6.800000000000001,-3.0,3.799999999999997,4.200000000000003,4.0,1.4000000000000004,-1.4000000000000021,3.1999999999999993,9.0,22.4,17.516147238279586
1,0.0,0.23312031119755489,0.0,-2.6000000000000014,-5.3999999999999915,0.00040000000000006697,-1.1999999999999993,-2.6000000000000014,-0.010799999999999976,0.40000000000000036,3.3999999999999986,-0.1392,-0.1999999999999993,5.600000000000001,5.400000000000006,-5.0,-2.4000000000000004,0.7999999999999998,2.400000000000002,0.7999999999999972,-6.0,2.0,-4.589528327185576
0,0.0,-0.34822845055526175,-5.0,-4.600000000000001,-10.399999999999991,0.0014000000000001234,0.1999999999999993,0.20000000000000284,0.002599999999999991,1.0,2.6000000000000014,-0.03839999999999999,-1.8000000000000007,-1.0,-2.799999999999997,-0.5999999999999979,-0.5999999999999996,-0.40000000000000036,6.199999999999999,-1.3999999999999986,-8.0,-13.6,-6.392381839443331
0,1.0,0.17213114754098358,0.0,-4.0,-1.0,-0.034999999999999976,-5.0,-3.799999999999997,-0.06059999999999999,-0.5999999999999996,-2.599999999999998,0.048800000000000066,0.3999999999999986,2.0,2.4000000000000057,-2.1999999999999993,-5.200000000000001,2.2,-2.8000000000000007,-3.6000000000000014,-13.599999999999994,-7.799999999999999,-7.47794805162988
0,0.0,-0.11674347158218124,-5.0,-1.1999999999999957,-9.0,0.03359999999999996,1.799999999999999,-1.3999999999999986,0.05460000000000004,-4.200000000000001,-2.0,-0.1197999999999999,0.20000000000000107,-1.0,-0.7999999999999972,2.799999999999997,-0.8000000000000007,-0.7999999999999998,2.0,2.0,-4.799999999999997,6.6,4.097104215592665
0,-2.0,-0.08440860215053758,0.0,4.399999999999999,-0.19999999999998863,0.05020000000000008,2.5999999999999996,-4.399999999999999,0.09900000000000003,0.0,-3.0,0.15300000000000002,-3.4000000000000004,-1.8000000000000007,-5.200000000000003,6.200000000000003,2.200000000000001,-1.7999999999999998,-1.6000000000000014,4.199999999999999,11.400000000000006,6.0,11.110077458673231
0,-1.0,-0.06666666666666665,0.0,-4.399999999999999,-8.200000000000003,-0.013799999999999979,1.5999999999999996,1.6000000000000014,0.01880000000000004,-6.799999999999999,-8.0,-0.035800000000000054,-5.6,-7.799999999999997,-13.399999999999999,-6.400000000000002,-2.4000000000000004,-1.6000000000000005,1.0,-0.7999999999999972,-14.0,-26.2,-8.243187690591071
1,-1.0,0.24590163934426235,0.0,2.4000000000000057,0.6000000000000085,0.019399999999999973,1.5999999999999996,-3.0,0.062399999999999956,-3.1999999999999993,-5.0,0.0534,-3.0,5.800000000000001,2.799999999999997,0.0,-1.1999999999999993,-0.9999999999999996,-2.4000000000000004,-1.0,3.1999999999999886,10.4,3.491365378185108
1,-1.0,0.23743169398907105,0.0,-1.2000000000000028,-6.6000000000000085,0.02000000000000013,-6.6,-15.0,-0.0514,7.6,7.200000000000003,0.08079999999999987,0.1999999999999993,5.199999999999999,5.399999999999999,-8.400000000000002,0.8000000000000007,1.4000000000000004,-3.5999999999999996,1.6000000000000014,-1.4000000000000057,20.6,6.5344858932219125
1,0.0,0.055261766261237466,0.0,-1.1999999999999957,-4.599999999999994,0.010599999999999998,0.0,1.3999999999999986,-0.017000000000000015,1.3999999999999986,3.799999999999997,-0.0676,0.0,4.400000000000002,4.399999999999999,-2.599999999999998,1.1999999999999993,1.3999999999999995,3.9999999999999982,1.1999999999999993,-1.0,-2.2,-2.3154747871540593
0,0.0,0.17054468535166578,10.0,-1.8000000000000043,7.599999999999994,-0.05520000000000008,0.40000000000000036,2.200000000000003,-0.010599999999999998,-4.800000000000001,-6.800000000000001,0.05179999999999996,6.4,-5.0,1.3999999999999986,-5.0,1.4000000000000004,0.3999999999999999,-5.199999999999999,-0.1999999999999993,-8.0,3.6000000000000005,-0.4889124405324736
1,0.0,-0.02868852459016391,-5.0,-1.7999999999999972,-5.0,0.0016000000000000458,8.8,11.2,0.13979999999999998,-4.0,-4.399999999999999,-0.039999999999999925,-6.6,-0.7999999999999972,-7.399999999999999,5.599999999999998,-0.7999999999999989,-0.5999999999999996,0.0,-1.8000000000000007,1.2000000000000028,7.0,1.1288514313612836
0,1.0,-0.02802749867794818,0.0,2.6000000000000014,-1.7999999999999972,0.03520000000000001,0.3999999999999986,-7.399999999999999,0.07020000000000004,-7.400000000000002,-8.0,-0.03639999999999999,-3.4000000000000004,3.6000000000000014,0.19999999999999574,-3.0,-4.200000000000001,1.2000000000000002,2.8000000000000007,1.1999999999999993,-1.7999999999999972,-6.799999999999999,-2.5894046073072587
1,0.0,0.2863564251718667,0.0,4.599999999999994,7.800000000000011,0.008600000000000052,2.5999999999999996,5.400000000000006,0.020600000000000007,3.0,4.0,-0.0021999999999999797,5.4,9.2,14.600000000000001,1.6000000000000014,0.20000000000000018,2.0,0.0,-4.399999999999999,14.799999999999997,25.2,9.61949201735895
1,1.0,0.0063458487572712885,5.0,-1.3999999999999986,4.200000000000003,-0.034200000000000064,-1.0,1.6000000000000014,-0.049199999999999966,2.0,1.8000000000000007,0.0023999999999999577,2.1999999999999993,2.0,4.200000000000003,-2.0,-1.8000000000000007,-3.4000000000000004,1.1999999999999993,2.1999999999999993,-1.7999999999999972,-12.200000000000001,-5.964641003975132
0,0.0,0.12513661202185788,0.0,2.200000000000003,-5.200000000000003,0.05359999999999998,-3.1999999999999993,-13.200000000000003,0.03739999999999999,3.1999999999999993,3.8000000000000007,0.0022000000000000908,-0.5999999999999996,3.1999999999999957,2.5999999999999943,-5.800000000000001,-1.6000000000000005,2.4000000000000004,1.0,-3.1999999999999993,4.3999999999999915,12.799999999999999,6.715105663711341
1,0.0,0.18907103825136612,0.0,0.5999999999999943,1.5999999999999943,-0.0005999999999999339,2.2,3.8000000000000007,0.03640000000000004,0.8000000000000007,-1.4000000000000021,0.04000000000000015,0.7999999999999989,-3.6000000000000014,-2.8000000000000043,3.400000000000002,2.0,1.2000000000000002,-4.799999999999999,2.1999999999999993,4.200000000000003,12.0,9.124360881315852
0,0.0,-0.07936507936507936,0.0,2.3999999999999986,3.0,0.00940000000000002,-4.0,-8.0,-0.05019999999999997,-4.399999999999999,-5.0,-0.008800000000000141,0.8000000000000007,-2.200000000000003,-1.3999999999999986,-0.8000000000000007,-0.1999999999999993,-2.4000000000000004,-4.800000000000001,-5.400000000000002,-3.5999999999999943,-8.799999999999999,1.3596142584745792
1,-1.0,0.146760343481655,5.0,3.6000000000000014,-0.20000000000000284,0.044400000000000106,-0.5999999999999996,-9.0,0.05719999999999997,-1.8000000000000007,-4.199999999999999,0.07580000000000009,0.20000000000000107,4.0,4.200000000000003,-0.40000000000000213,-0.5999999999999996,-2.0,-0.6000000000000014,-1.7999999999999972,4.800000000000011,13.0,7.948643871300263
1,-1.0,0.3548387096774194,0.0,2.6000000000000014,-2.200000000000003,0.04139999999999999,0.5999999999999996,-3.6000000000000014,0.05300000000000005,-1.0,-0.5999999999999979,-0.033400000000000096,0.1999999999999993,3.1999999999999993,3.3999999999999986,-1.0,3.5999999999999996,1.3999999999999995,-2.5999999999999996,-3.0,4.799999999999997,28.4,10.770505860347157
0,-1.0,-0.015873015873015817,5.0,-1.0,-2.0,0.0036000000000000476,0.20000000000000107,-1.6000000000000014,0.02080000000000004,8.599999999999998,8.600000000000001,0.05779999999999996,-0.6000000000000014,-0.3999999999999986,-1.0,-2.0,-3.8000000000000007,-1.4,0.0,-2.3999999999999986,6.799999999999997,-7.6000000000000005,4.602750942057014
1,-1.0,0.23400317292437867,0.0,-0.5999999999999943,0.5999999999999943,-0.009000000000000008,5.200000000000001,10.599999999999998,0.05520000000000008,-4.199999999999999,-2.8000000000000007,-0.08279999999999998,-1.1999999999999993,1.6000000000000014,0.3999999999999986,7.0,0.1999999999999993,1.6000000000000005,1.4000000000000004,0.6000000000000014,-0.19999999999998863,0.20000000000000107,-2.415753017633463
1,0.0,0.2520161290322581,0.0,-6.799999999999997,-3.0,-0.06259999999999999,3.0,8.400000000000006,-0.0030000000000000027,-10.799999999999999,-10.999999999999998,-0.056400000000000006,1.200000000000001,-4.199999999999996,-3.0,-7.199999999999999,0.40000000000000036,-3.6000000000000005,-1.5999999999999996,-4.200000000000003,-21.400000000000006,-4.2,-9.748494791335247
1,1.0,0.3225806451612903,0.0,2.0,2.4000000000000057,0.014600000000000002,7.0,14.399999999999999,0.07020000000000004,-5.800000000000001,-11.600000000000001,0.10160000000000002,3.0,1.3999999999999986,4.399999999999999,3.599999999999998,-0.40000000000000036,2.0,-3.200000000000001,0.5999999999999979,5.199999999999989,20.200000000000003,15.051522451174932
0,1.0,-0.031746031746031744,0.0,0.0,-0.7999999999999972,0.0043999999999999595,7.199999999999999,12.600000000000001,0.05419999999999997,-5.399999999999999,-5.599999999999998,-0.028999999999999915,1.0,0.0,1.0,2.400000000000002,2.0,-0.8000000000000007,0.0,3.1999999999999993,1.7999999999999972,18.8,6.765339712024868
0,0.0,0.09393702836325779,0.0,2.6000000000000014,-2.200000000000003,0.04159999999999997,1.4000000000000004,-0.8000000000000043,0.047799999999999954,-3.3999999999999986,-2.599999999999998,-0.06420000000000003,-1.4000000000000004,2.0,0.6000000000000014,-2.0,2.3999999999999995,0.7999999999999998,2.200000000000001,3.0,3.200000000000003,6.6,2.7358738440599097
1,0.0,-0.0404505888376856,0.0,4.199999999999996,2.3999999999999915,0.03600000000000003,3.4000000000000004,5.399999999999999,0.04660000000000003,2.6000000000000014,3.6000000000000014,-0.02259999999999973,4.200000000000001,5.799999999999997,10.0,8.0,1.1999999999999993,0.40000000000000036,1.1999999999999993,0.0,14.400000000000006,27.6,13.148807935894212
0,0.0,0.4957694341618192,5.0,2.799999999999997,2.6000000000000085,0.017199999999999993,-4.0,-7.400000000000002,-0.04480000000000006,5.599999999999998,8.2,-0.017400000000000082,3.4000000000000004,8.2,11.600000000000001,-1.5999999999999979,2.5999999999999996,4.2,-2.400000000000002,1.0,7.200000000000003,21.0,6.48095716779315
0,2.0,-0.10682178741406667,0.0,0.0,2.8000000000000114,-0.013799999999999979,3.5999999999999996,4.800000000000001,0.06480000000000002,-2.8000000000000007,-2.1999999999999993,-0.019000000000000128,1.3999999999999986,-7.399999999999999,-6.0,5.399999999999999,1.0,1.5999999999999996,2.200000000000001,2.599999999999998,0.7999999999999972,-8.799999999999999,-2.058225154222967
1,1.0,0.2494959677419355,0.0,-1.8000000000000043,-1.6000000000000085,-0.011799999999999977,-1.799999999999999,-2.8000000000000043,-0.0235999999999999,6.0,5.799999999999997,0.06040000000000001,-7.0,5.800000000000004,-1.1999999999999957,-5.399999999999999,1.0,0.20000000000000018,-4.199999999999999,-2.599999999999998,0.6000000000000085,8.8,-3.4810919507140596
1,1.0,0.12464220660941971,0.0,-3.799999999999997,-6.400000000000006,-0.013799999999999979,1.6000000000000014,3.0,0.010999999999999954,-7.0,-7.599999999999998,-0.07699999999999996,-4.399999999999999,4.400000000000002,0.0,-1.1999999999999993,-3.6000000000000005,-2.1999999999999997,3.6000000000000014,-6.399999999999999,-13.0,-15.4,-11.177195117234305
1,-1.0,0.04962779156327546,0.0,-0.6000000000000014,0.5999999999999943,-0.01200000000000001,-2.4000000000000004,-1.6000000000000014,-0.04880000000000001,8.0,6.799999999999997,0.08760000000000001,1.5999999999999996,7.0,8.599999999999994,4.600000000000001,0.1999999999999993,2.0,1.5999999999999979,0.0,4.400000000000006,12.0,0.23291538641217358
0,0.0,-0.11290322580645157,0.0,-3.6000000000000014,-2.3999999999999915,-0.031400000000000095,2.5999999999999996,7.199999999999996,0.003599999999999992,-7.0,-5.800000000000001,-0.0878000000000001,-2.5999999999999996,-0.3999999999999986,-3.0,-1.7999999999999972,-0.7999999999999998,-0.7999999999999998,2.0,-3.3999999999999986,-11.599999999999994,-21.8,-11.244543641775337
1,0.0,0.10112647209421399,-5.0,-0.3999999999999986,-1.7999999999999972,0.0005999999999999894,5.200000000000001,11.199999999999996,0.03440000000000004,0.1999999999999993,0.1999999999999993,-0.015200000000000102,-4.399999999999999,3.200000000000003,-1.2000000000000028,6.0,-0.40000000000000036,2.1999999999999993,-3.0,0.5999999999999979,4.599999999999994,9.0,4.762720851314114
1,0.0,-0.19394841269841268,0.0,4.600000000000001,10.199999999999989,-0.0036000000000000476,-6.2,-10.800000000000004,-0.07779999999999998,-0.3999999999999986,-2.1999999999999993,0.06180000000000008,6.0,-6.0,0.0,0.8000000000000007,-0.40000000000000036,0.0,-7.000000000000002,-1.6000000000000014,2.6000000000000085,-8.600000000000001,6.324049075730798
1,0.0,0.0714285714285714,0.0,-4.600000000000001,-2.0,-0.044400000000000106,-2.0,-0.20000000000000284,-0.04299999999999998,-2.3999999999999986,-1.4000000000000021,-0.05500000000000005,0.7999999999999989,-5.599999999999998,-4.800000000000004,-3.8000000000000007,-1.4000000000000004,-0.39999999999999947,0.6000000000000014,-3.0,-13.600000000000009,-18.0,-10.79505396088507
1,1.0,-0.17893145161290325,-5.0,5.0,2.799999999999997,0.04040000000000005,5.4,7.399999999999999,0.08080000000000004,-3.0,-5.599999999999998,0.04820000000000002,-1.8000000000000007,-0.19999999999999574,-2.0,3.0,-2.1999999999999993,-0.39999999999999947,-1.5999999999999996,-6.199999999999999,12.400000000000006,11.4,11.519990077363175
0,3.0,-0.04761904761904756,5.0,-3.200000000000003,-3.6000000000000085,-0.02020000000000005,-3.200000000000001,-6.799999999999997,-0.018400000000000027,6.399999999999999,11.0,-0.05920000000000014,-1.799999999999999,-8.0,-9.799999999999997,-1.6000000000000014,3.4000000000000004,-1.0,0.5999999999999996,3.400000000000002,-3.200000000000003,-10.6,-7.3523969460315755
1,1.0,0.2311827956989248,0.0,6.200000000000003,-0.6000000000000085,0.07779999999999992,0.5999999999999996,-4.0,0.08019999999999994,-2.1999999999999993,-4.399999999999999,0.015000000000000013,-1.0,-6.800000000000001,-7.800000000000004,2.0,2.4000000000000004,0.0,-1.5999999999999996,3.0,10.799999999999997,10.6,13.93476192423509
1,0.0,0.23065476190476192,0.0,-2.0,0.4000000000000057,-0.02699999999999997,0.7999999999999989,4.799999999999997,-0.009800000000000031,-0.1999999999999993,3.0,-0.09760000000000002,4.6,1.5999999999999979,6.200000000000003,-4.400000000000002,3.5999999999999996,2.2,2.0,1.6000000000000014,-3.3999999999999915,11.600000000000001,-2.5504706188593644
1,0.0,-0.03745039682539686,0.0,-0.6000000000000014,-2.0,0.0032000000000000917,0.7999999999999989,-0.6000000000000014,0.028800000000000048,3.1999999999999993,3.1999999999999993,0.024399999999999977,-3.0,-3.3999999999999986,-6.399999999999999,-2.400000000000002,-0.1999999999999993,1.7999999999999998,-0.5999999999999996,-4.199999999999999,2.799999999999997,-8.2,0.8129096992941527
1,-1.0,0.15985576923076927,0.0,-0.7999999999999972,4.200000000000003,-0.037200000000000066,-0.20000000000000107,4.0,-0.037199999999999955,-4.200000000000003,-6.0,0.023799999999999932,-1.5999999999999996,7.200000000000003,5.600000000000001,-2.1999999999999993,4.6,1.6000000000000005,-4.0,-1.0,-6.0,16.200000000000003,-5.684450244892233
1,0.0,-0.2110615079365079,-5.0,-3.1999999999999957,-1.1999999999999886,-0.027800000000000158,-2.0,-3.200000000000003,-0.014600000000000002,9.6,9.4,0.1050000000000001,-1.3999999999999986,-0.3999999999999986,-1.7999999999999972,-5.599999999999998,0.8000000000000007,0.20000000000000018,-3.5999999999999996,3.0,1.1999999999999886,0.7999999999999998,0.9722632917319061
1,0.0,-0.11699948796722992,0.0,-4.399999999999999,-3.200000000000003,-0.030600000000000016,-3.0,-2.200000000000003,-0.06839999999999996,-1.1999999999999993,-1.8000000000000007,-0.04280000000000006,0.5999999999999996,-0.3999999999999986,0.19999999999999574,-2.8000000000000007,-3.000000000000001,-1.8000000000000007,3.0000000000000018,-1.0,-13.0,-20.2,-10.888552837544381
1,-1.0,0.06969246031746035,5.0,-1.6000000000000014,-5.6000000000000085,0.009799999999999975,2.0,3.200000000000003,0.029799999999999938,4.6,8.0,-0.05920000000000003,0.7999999999999989,-1.2000000000000028,-0.3999999999999986,3.3999999999999986,-1.5999999999999996,1.0,-1.0,0.40000000000000213,3.4000000000000057,9.200000000000001,7.662630057406616
1,1.0,-0.1387057387057387,0.0,1.1999999999999957,-2.3999999999999915,0.027000000000000024,-1.3999999999999986,-6.199999999999999,0.009000000000000064,9.400000000000002,9.399999999999999,0.08800000000000008,-1.1999999999999993,-2.799999999999997,-4.0,-7.400000000000002,0.8000000000000007,1.2000000000000002,-3.1999999999999993,-2.0,10.400000000000006,-1.8000000000000007,10.696031462281738
1,0.0,0.2998778998778999,0.0,3.0,4.6000000000000085,0.008799999999999975,-2.200000000000001,-4.0,-0.021600000000000008,2.6000000000000014,-0.1999999999999993,0.10540000000000005,0.8000000000000007,7.799999999999997,8.600000000000001,5.199999999999999,2.5999999999999996,1.5999999999999996,-3.8000000000000007,-5.0,6.3999999999999915,26.4,6.202164518623263
0,-1.0,-0.4486607142857143,0.0,0.3999999999999986,-2.200000000000003,0.01720000000000005,2.8000000000000007,4.600000000000001,0.030200000000000005,-2.1999999999999993,-4.600000000000001,0.03880000000000006,-1.200000000000001,-1.4000000000000021,-2.6000000000000014,3.1999999999999993,-0.7999999999999989,-1.0,6.399999999999999,-0.1999999999999993,1.3999999999999915,-2.9999999999999996,-2.2462855341091483
1,-1.0,-0.015625,0.0,3.4000000000000057,2.5999999999999943,0.0242,4.0,4.200000000000003,0.0686,0.0,-2.0,0.06259999999999999,0.6000000000000014,-2.6000000000000014,-2.0,4.400000000000002,0.1999999999999993,1.3999999999999995,-0.1999999999999993,-3.0,10.799999999999997,9.4,9.735446265918341
1,0.0,0.0625,0.0,5.0,-3.0,0.07279999999999992,0.1999999999999993,-4.800000000000004,0.04460000000000003,2.200000000000001,4.800000000000001,-0.07499999999999996,-5.199999999999999,-2.3999999999999986,-7.600000000000001,4.399999999999999,2.4000000000000004,2.5999999999999996,1.0,5.0,12.400000000000006,2.8000000000000007,6.200146958915099
0,0.0,-0.015384615384615385,0.0,-0.19999999999999574,-1.6000000000000085,0.002799999999999858,-4.600000000000001,-6.399999999999999,-0.05020000000000002,1.6000000000000014,5.399999999999999,-0.09460000000000013,0.0,-2.0,-2.0,-1.3999999999999986,1.4000000000000004,1.5999999999999996,3.799999999999999,-3.1999999999999993,-3.3999999999999915,-16.2,-8.615796538932955
1,0.0,-0.003605769230769218,0.0,5.600000000000001,8.200000000000003,0.018399999999999916,-3.5999999999999996,-9.599999999999998,-0.020799999999999985,-0.3999999999999986,-2.8000000000000007,0.09060000000000012,4.0,6.199999999999999,10.200000000000003,0.5999999999999979,0.6000000000000005,-0.40000000000000036,-2.5999999999999996,0.3999999999999986,7.200000000000003,15.399999999999999,6.407970317993929
1,0.0,0.16617063492063494,0.0,-2.200000000000003,0.6000000000000085,-0.025400000000000034,-4.4,-2.200000000000003,-0.09559999999999996,-5.6,-5.399999999999999,-0.09460000000000002,-0.5999999999999996,4.0,3.3999999999999986,-5.600000000000001,-1.8000000000000007,-1.7999999999999998,-0.8000000000000007,-3.6000000000000014,-14.399999999999991,-13.0,-11.906207259967346
1,0.0,0.04761904761904767,5.0,0.0,3.200000000000003,-0.015000000000000013,0.1999999999999993,2.3999999999999986,-0.0358,0.1999999999999993,0.5999999999999979,-0.025999999999999912,5.0,3.1999999999999993,8.200000000000003,-2.400000000000002,0.5999999999999996,0.7999999999999998,4.800000000000001,1.0,0.4000000000000057,-7.4,-3.2160327106027324
0,0.0,-0.14955357142857145,0.0,-2.3999999999999986,-3.200000000000003,-0.012800000000000089,-4.6,-7.0,-0.04660000000000003,-3.3999999999999986,-2.6000000000000014,-0.07660000000000011,-4.800000000000001,2.400000000000002,-2.3999999999999986,-0.40000000000000213,0.0,-1.2000000000000002,1.799999999999999,-1.0,-12.799999999999997,-23.8,-16.038625463433235
0,-1.0,0.09375,5.0,0.6000000000000014,8.200000000000003,-0.035800000000000054,1.0,5.199999999999996,-0.005599999999999994,-7.199999999999999,-10.2,0.006400000000000072,7.0,-10.8,-3.799999999999997,1.6000000000000014,1.4000000000000004,-1.5999999999999996,-3.799999999999999,-0.8000000000000007,-5.0,-8.200000000000001,2.3931049434058878
1,1.0,0.1875,0.0,11.600000000000001,7.799999999999997,0.09600000000000003,5.6,11.200000000000003,0.07340000000000002,1.8000000000000007,1.7999999999999972,-0.0033999999999999586,3.5999999999999996,1.0,4.600000000000001,10.399999999999999,5.999999999999999,-0.40000000000000036,-0.40000000000000036,1.0,30.60000000000001,40.599999999999994,25.18119062833412
0,0.0,-0.25757575757575757,0.0,5.200000000000003,5.0,0.03219999999999995,-9.599999999999998,-20.4,-0.07380000000000003,1.8000000000000007,1.8000000000000007,0.03159999999999996,-1.0,2.6000000000000014,1.6000000000000014,2.400000000000002,-0.7999999999999998,-0.7999999999999998,-1.4000000000000004,-4.199999999999999,2.5999999999999943,-12.399999999999999,-3.6923445569668303
0,0.0,-0.3135198135198135,0.0,-4.199999999999996,0.5999999999999943,-0.0494,1.5999999999999996,4.800000000000004,0.006599999999999995,6.6,5.800000000000001,0.08279999999999987,1.6000000000000014,-4.800000000000001,-3.1999999999999957,-5.0,1.4000000000000004,1.2000000000000002,-3.3999999999999986,-0.1999999999999993,-0.19999999999998863,-7.800000000000001,2.194821304324023
1,1.0,-0.05982905982905984,-5.0,2.799999999999997,0.20000000000000284,0.033000000000000085,-3.200000000000001,-6.0,-0.034999999999999976,3.799999999999997,2.6000000000000014,0.06040000000000001,0.3999999999999986,6.199999999999999,6.600000000000001,1.6000000000000014,1.2000000000000002,-3.1999999999999997,1.1999999999999993,0.6000000000000014,6.200000000000003,12.4,3.66043919400434
1,2.0,-0.24431818181818182,0.0,0.4000000000000057,6.200000000000003,-0.02900000000000008,0.8000000000000007,0.7999999999999972,0.00039999999999995595,8.0,8.0,0.061000000000000054,5.3999999999999995,3.6000000000000014,9.0,-3.1999999999999993,0.40000000000000036,1.6000000000000005,2.1999999999999993,1.7999999999999972,9.599999999999994,-0.4,2.3821218852324364
1,1.0,-0.025000000000000022,-5.0,-2.200000000000003,-3.5999999999999943,-0.0042000000000000925,2.6000000000000014,7.799999999999997,0.00039999999999995595,3.799999999999997,4.799999999999997,0.0015999999999999348,-3.8000000000000007,-2.3999999999999986,-6.200000000000003,3.1999999999999993,-5.0,-2.8,-4.199999999999999,-2.3999999999999986,2.0,-7.999999999999999,4.290497798976247
1,1.0,-0.11538461538461542,0.0,4.399999999999999,4.200000000000003,0.027799999999999936,-0.1999999999999993,-5.800000000000004,0.029799999999999993,3.0,0.8000000000000007,0.09940000000000004,2.1999999999999993,-1.0,1.2000000000000028,-1.3999999999999986,1.5999999999999996,0.1999999999999993,-1.799999999999999,-3.599999999999998,11.599999999999994,12.0,10.807776968867614
0,0.0,-0.35384615384615387,0.0,-0.3999999999999986,1.5999999999999943,-0.01200000000000001,-6.399999999999999,-10.0,-0.07,2.1999999999999993,2.6000000000000014,0.0046000000000000485,-4.199999999999999,-1.0,-5.200000000000003,1.0,-1.5999999999999996,1.4,-0.6000000000000014,1.4000000000000021,-5.0,-23.2,-12.18518386005114
1,-1.0,0.3125,0.0,1.3999999999999986,-2.200000000000003,0.03260000000000002,-3.0,-4.199999999999996,-0.035199999999999954,6.599999999999998,5.800000000000001,0.07819999999999994,-0.40000000000000036,9.599999999999998,9.199999999999996,7.0,0.5999999999999996,0.20000000000000018,-5.999999999999998,-4.800000000000001,6.3999999999999915,32.6,11.940131601738827
1,0.0,0.18028846153846156,0.0,-1.1999999999999957,-3.200000000000003,0.0020000000000000573,1.4000000000000004,-5.199999999999999,0.09559999999999996,4.0,5.200000000000003,0.01980000000000004,0.7999999999999989,-0.1999999999999993,0.5999999999999943,2.799999999999997,0.0,1.4000000000000004,-3.799999999999999,3.1999999999999993,3.0,11.0,9.043170513753637
1,0.0,0.26153846153846155,0.0,10.600000000000001,7.599999999999994,0.08040000000000008,2.5999999999999996,3.6000000000000014,0.0358,-3.8000000000000007,-2.0,-0.08360000000000012,0.0,5.599999999999998,5.599999999999994,5.600000000000001,3.0,0.20000000000000018,-5.400000000000002,-3.3999999999999986,19.999999999999986,34.0,18.073480039139767
1,0.0,0.13873106060606055,0.0,7.400000000000006,10.200000000000003,0.03199999999999992,-1.0,-4.800000000000004,0.016600000000000004,13.599999999999998,11.399999999999999,0.21940000000000004,4.0,1.3999999999999986,5.399999999999999,4.800000000000001,4.0,3.4000000000000004,-3.0,2.8000000000000007,27.400000000000006,33.4,18.011985407155976
0,1.0,0.13240093240093243,0.0,4.600000000000001,4.799999999999997,0.02300000000000002,3.8000000000000007,6.200000000000003,0.023799999999999932,-6.600000000000001,-6.599999999999998,-0.06799999999999995,-0.5999999999999996,5.0,4.399999999999999,1.4000000000000021,0.0,5.0,-1.3999999999999986,2.3999999999999986,6.3999999999999915,17.8,4.762498295994959
0,0.0,0.036298076923076905,0.0,4.799999999999997,3.0,0.04039999999999999,5.399999999999999,8.000000000000004,0.09060000000000001,1.0,1.5999999999999979,-0.017000000000000015,2.0,-9.2,-7.200000000000003,2.3999999999999986,3.3999999999999995,0.40000000000000036,2.6000000000000014,7.199999999999999,16.0,10.2,10.988056505904055
1,0.0,0.2,-5.0,0.19999999999999574,-5.400000000000006,0.02939999999999998,-1.4000000000000004,-6.200000000000003,0.028799999999999992,2.599999999999998,0.1999999999999993,0.08460000000000001,-1.1999999999999993,-8.799999999999997,-10.0,-2.0,1.5999999999999996,-0.7999999999999998,-2.4000000000000004,1.0,1.6000000000000085,6.6,8.861422582419237
1,1.0,0.11118881118881119,0.0,0.0,-2.200000000000003,0.0122000000000001,-2.4000000000000004,-2.200000000000003,-0.0388,4.4,5.199999999999999,0.020399999999999863,-5.0,-0.8000000000000043,-5.800000000000004,-2.6000000000000014,3.0,-0.39999999999999947,-1.200000000000001,2.4000000000000004,2.0,2.8,-2.359899810655733
1,0.0,0.3692307692307692,0.0,-0.6000000000000014,-5.0,0.019000000000000017,-2.4000000000000004,-8.800000000000004,0.025999999999999968,3.6000000000000014,3.1999999999999993,0.04500000000000004,-2.4000000000000004,4.399999999999999,2.0,1.8000000000000007,0.1999999999999993,0.8000000000000007,-3.0,-0.8000000000000007,0.0,14.4,4.6711712419537434
0,-1.0,-0.3995929443690638,0.0,-4.600000000000001,1.0,-0.0537999999999999,-1.5999999999999996,2.6000000000000014,-0.06499999999999995,3.0,4.800000000000001,-0.03420000000000012,-3.1999999999999993,-5.0000000000000036,-8.200000000000003,-4.0,-0.5999999999999996,1.1999999999999997,-2.5999999999999996,-1.1999999999999993,-7.799999999999997,-21.200000000000003,-11.504316454122574
1,1.0,-0.03706293706293706,0.0,-1.8000000000000043,-2.1999999999999886,-0.009600000000000053,-7.199999999999999,-12.600000000000001,-0.06680000000000003,0.8000000000000007,1.2000000000000028,-0.009000000000000008,-2.8000000000000007,-2.1999999999999993,-5.0,-0.6000000000000014,1.7999999999999998,0.0,-0.6000000000000014,-1.1999999999999993,-10.0,-12.2,-11.339599274406865
1,1.0,0.09860139860139855,-5.0,2.1999999999999957,-7.0,0.06499999999999995,-1.1999999999999993,-9.399999999999999,0.047800000000000065,9.0,8.0,0.09100000000000008,-3.0,-8.200000000000003,-11.200000000000003,-3.8000000000000007,6.3999999999999995,-0.20000000000000018,-4.199999999999999,0.3999999999999986,12.200000000000017,16.6,17.12249707092846
1,0.0,0.28702640642939153,5.0,-1.2000000000000028,-2.0,0.0011999999999999789,-2.0,-1.0,-0.054800000000000015,-8.599999999999998,-8.0,-0.135,0.40000000000000036,-0.8000000000000043,-0.3999999999999986,-1.1999999999999993,-1.5999999999999996,-0.39999999999999947,3.1999999999999993,0.0,-13.0,-14.4,-9.619174062808497
0,-1.0,-0.27272727272727276,0.0,1.8000000000000043,6.200000000000003,-0.01200000000000001,-3.799999999999999,-9.0,-0.02699999999999997,-3.0,-5.800000000000001,0.06019999999999992,3.0,4.599999999999998,7.599999999999994,-0.1999999999999993,0.0,0.0,4.0,-2.400000000000002,-3.200000000000003,-12.0,-8.324216873602936
1,1.0,0.16666666666666669,0.0,0.3999999999999986,0.20000000000000284,0.0005999999999999894,0.3999999999999986,1.7999999999999972,-0.01599999999999996,-2.200000000000003,2.3999999999999986,-0.14640000000000009,-0.40000000000000036,0.6000000000000014,0.19999999999999574,-2.1999999999999993,0.40000000000000036,2.8,2.1999999999999993,-0.3999999999999986,-1.0,1.4000000000000004,-5.538242088434117
0,1.0,-0.11375291375291374,10.0,1.7999999999999972,14.599999999999994,-0.05679999999999996,5.6,13.399999999999999,0.016600000000000004,-10.2,-11.2,-0.07220000000000015,7.4,-1.8000000000000007,5.599999999999994,6.399999999999999,1.5999999999999996,1.1999999999999997,-1.4000000000000004,-3.8000000000000007,-1.0,4.799999999999999,-2.0262613848935587
1,-1.0,0.2198100407055631,0.0,6.400000000000006,-0.7999999999999972,0.07699999999999985,0.8000000000000007,-2.3999999999999986,0.03839999999999999,2.599999999999998,6.0,-0.1200000000000001,-3.0,2.6000000000000014,-0.3999999999999986,5.599999999999998,-2.0,1.2000000000000002,-2.4000000000000004,3.3999999999999986,16.19999999999999,5.8,13.137000511204974
0,0.0,-0.002066590126291623,-5.0,-0.6000000000000014,2.0,-0.020199999999999996,0.5999999999999996,1.3999999999999986,0.0015999999999999903,2.400000000000002,1.3999999999999986,0.03979999999999995,1.5999999999999996,-3.3999999999999986,-1.8000000000000043,-0.1999999999999993,0.40000000000000036,1.6,0.0,-3.1999999999999993,1.8000000000000114,-3.0,0.09746995523173041
1,0.0,0.11491841491841487,0.0,5.600000000000001,6.200000000000003,0.02860000000000007,1.6000000000000014,0.3999999999999986,0.03560000000000002,4.599999999999998,3.3999999999999986,0.10220000000000007,5.3999999999999995,0.3999999999999986,5.799999999999997,3.599999999999998,1.8000000000000007,2.9999999999999996,-1.0,-1.8000000000000007,17.39999999999999,29.8,15.807547508723431
1,0.0,0.009271822704658539,0.0,2.3999999999999986,2.799999999999997,0.008199999999999874,1.4000000000000004,2.0,0.011800000000000033,-6.399999999999999,-7.0,-0.02859999999999996,1.200000000000001,-3.6000000000000014,-2.3999999999999986,-2.400000000000002,2.1999999999999993,0.19999999999999973,-1.3999999999999986,1.6000000000000014,-0.20000000000000284,7.3999999999999995,3.0017903058687665
1,0.0,0.4053613053613053,-5.0,-4.599999999999994,-3.200000000000003,-0.038199999999999956,1.0,3.3999999999999986,-0.002599999999999991,-4.400000000000002,-8.599999999999998,0.0928,-1.8000000000000007,6.400000000000002,4.600000000000001,-0.8000000000000007,-0.8000000000000007,-0.39999999999999947,-6.0,-11.2,-12.599999999999994,12.799999999999999,-0.6900532392517817
0,-2.0,0.2763455450022614,0.0,0.0,-5.6000000000000085,0.03120000000000006,4.200000000000001,5.200000000000003,0.05799999999999994,7.400000000000002,8.599999999999998,0.017800000000000038,-0.5999999999999996,-5.0,-5.599999999999994,-1.4000000000000021,4.199999999999999,0.20000000000000018,0.0,0.1999999999999993,11.599999999999994,10.2,12.851266487668184
1,0.0,0.2727272727272727,0.0,5.399999999999999,6.799999999999997,0.027200000000000057,-3.799999999999999,-2.3999999999999986,-0.08159999999999995,-0.8000000000000007,1.1999999999999993,-0.0736,0.3999999999999986,-2.6000000000000014,-2.1999999999999957,-1.7999999999999972,2.3999999999999995,-0.40000000000000036,-3.8000000000000007,-4.399999999999999,6.200000000000003,4.2,2.7485545211613953
1,0.0,-0.16666666666666674,0.0,-2.799999999999997,-1.0,-0.025999999999999912,-1.4000000000000004,0.0,-0.02939999999999998,-2.8000000000000007,-2.0,-0.05840000000000001,-3.0,1.1999999999999993,-1.8000000000000043,-5.800000000000001,-1.4000000000000004,-2.5999999999999996,-2.5999999999999996,-0.6000000000000014,-9.799999999999997,-11.799999999999999,-8.171382693290937
0,0.0,0.2835820895522388,0.0,2.8000000000000043,-2.200000000000003,0.041000000000000036,5.799999999999999,11.0,0.05859999999999993,0.0,1.8000000000000007,-0.08179999999999987,-3.0,-2.3999999999999986,-5.399999999999999,1.8000000000000007,1.0,0.6000000000000005,-5.799999999999999,3.1999999999999993,11.400000000000006,24.2,15.850424607293164
1,0.0,0.1475044563279857,-10.0,2.8000000000000043,-7.199999999999989,0.06320000000000003,-3.200000000000001,-12.199999999999996,0.01940000000000003,2.1999999999999993,1.6000000000000014,0.05439999999999989,-2.799999999999999,6.599999999999998,3.8000000000000043,2.599999999999998,-1.799999999999999,-1.7999999999999998,2.200000000000001,1.8000000000000007,4.6000000000000085,13.600000000000001,6.315682772146715
1,-1.0,0.05970149253731344,0.0,0.4000000000000057,-2.799999999999997,0.02240000000000003,-6.4,-11.200000000000003,-0.07919999999999999,4.0,4.199999999999999,-0.018199999999999883,-4.199999999999999,-3.799999999999997,-8.0,-3.8000000000000007,-0.40000000000000036,-1.9999999999999991,-2.0,-1.0,-1.6000000000000085,-11.399999999999999,-2.851481809634535
1,-1.0,-0.04850746268656714,0.0,5.800000000000004,3.0,0.05180000000000007,-4.800000000000001,-10.399999999999999,-0.04180000000000006,-3.0,-2.1999999999999993,-0.05359999999999998,-3.8000000000000007,5.799999999999997,2.0,-0.8000000000000007,-3.0,1.6,-3.4000000000000004,1.1999999999999993,3.799999999999997,8.0,0.5704605255060073
1,-1.0,0.18521031207598374,0.0,0.0,-9.400000000000006,0.050000000000000044,1.5999999999999996,-1.8000000000000043,0.06000000000000005,-4.6,-2.3999999999999986,-0.14600000000000002,-3.799999999999999,1.3999999999999986,-2.3999999999999986,-0.6000000000000014,-0.20000000000000018,-0.7999999999999998,4.199999999999999,0.0,-3.0,-2.0,-0.5255021339413162
1,1.0,0.16417910447761197,0.0,-1.0,4.6000000000000085,-0.04139999999999994,3.1999999999999993,10.199999999999996,-0.020799999999999985,-3.599999999999998,-5.199999999999999,0.02000000000000013,-0.7999999999999998,3.400000000000002,2.6000000000000014,-0.6000000000000014,0.0,-0.8000000000000003,-4.0,-3.8000000000000007,-2.3999999999999915,14.2,-1.4986225999113856
1,2.0,-0.01470588235294118,0.0,2.0,0.20000000000000284,0.019999999999999962,0.5999999999999996,-2.1999999999999993,0.04260000000000003,6.400000000000002,8.800000000000004,-0.03079999999999994,0.0,0.20000000000000284,0.20000000000000284,-4.199999999999999,1.3999999999999995,1.4000000000000004,-4.199999999999999,1.7999999999999972,11.0,18.8,10.601711453291657
0,0.0,-0.22388059701492535,0.0,-1.1999999999999957,-3.5999999999999943,0.007399999999999962,-5.800000000000001,-11.200000000000003,-0.05559999999999998,7.800000000000001,8.2,0.06899999999999995,-1.200000000000001,-6.9999999999999964,-8.200000000000003,-6.799999999999997,6.200000000000001,1.0,-0.5999999999999996,-3.599999999999998,-0.4000000000000057,-1.5999999999999996,-1.0441656125368013
1,0.0,-0.03844414292175491,-5.0,1.0,1.7999999999999972,-0.0011999999999999789,2.5999999999999996,4.600000000000001,0.0242,-9.399999999999999,-10.0,-0.07539999999999991,2.5999999999999996,-8.2,-5.600000000000001,0.1999999999999993,1.4000000000000004,1.4,-0.40000000000000036,-5.0,-4.799999999999997,-1.5999999999999996,1.5692390196619073
1,-1.0,0.07462686567164178,0.0,-1.2000000000000028,5.200000000000003,-0.04140000000000005,-3.1999999999999993,0.20000000000000284,-0.07380000000000003,-2.0,-4.399999999999999,0.05459999999999998,1.8000000000000007,8.0,9.800000000000004,1.0,-1.4000000000000004,-0.39999999999999947,-0.5999999999999996,-3.0,-7.6000000000000085,-1.2000000000000002,-8.996836695708325
1,0.0,0.05450022614201716,5.0,2.0,1.8000000000000114,0.0122000000000001,-2.0,-2.6000000000000014,-0.03359999999999996,-2.599999999999998,-2.0,-0.013800000000000034,-1.5999999999999996,14.200000000000003,12.600000000000001,3.0,-3.0,0.20000000000000018,-1.0,-3.400000000000002,-0.6000000000000085,3.3999999999999995,-2.3215151991424676
0,1.0,-0.005653550429669862,-5.0,-4.399999999999999,-3.0,-0.027200000000000002,-6.600000000000001,-10.399999999999999,-0.09320000000000006,-2.1999999999999993,-2.0,-0.06779999999999986,2.4000000000000004,-0.4000000000000057,2.0,-3.8000000000000007,-0.7999999999999989,2.6000000000000005,3.8000000000000007,1.8000000000000007,-17.60000000000001,-18.0,-14.498029796664085
0,1.0,-0.23518769787426502,0.0,1.2000000000000028,-5.0,0.03620000000000001,-0.6000000000000014,-6.399999999999999,0.039600000000000024,4.000000000000002,6.400000000000002,-0.041999999999999926,-3.1999999999999993,1.3999999999999986,-1.7999999999999972,-2.599999999999998,-2.5999999999999996,-0.5999999999999996,5.6,6.800000000000001,5.799999999999997,-7.6000000000000005,-1.2754885971340997
0,1.0,-0.21685689201053554,0.0,-4.0,-9.0,0.0020000000000000018,-2.0,-8.400000000000006,0.027199999999999946,3.8000000000000007,1.0,0.08299999999999996,-4.6,-2.6000000000000014,-7.200000000000003,-3.0,-3.0,-1.2000000000000002,1.0,5.800000000000001,-6.199999999999989,-11.6,-2.864340416001909
1,1.0,0.05882352941176472,5.0,2.0,2.200000000000003,0.010799999999999976,6.199999999999999,7.9999999999999964,0.11680000000000001,1.1999999999999993,1.3999999999999986,-0.0048000000000000265,-2.0,2.400000000000002,0.3999999999999986,9.8,-2.5999999999999996,-2.8000000000000003,-2.5999999999999996,-0.40000000000000213,11.399999999999991,2.0,8.876751168818203
1,1.0,0.02941176470588236,0.0,-2.0,-3.799999999999997,0.0013999999999999568,-5.4,-7.600000000000001,-0.05020000000000002,2.6000000000000014,3.599999999999998,-0.016199999999999992,-0.40000000000000036,2.599999999999998,2.1999999999999957,-2.0,-1.0,-0.5999999999999996,6.0,1.7999999999999972,-6.799999999999997,-19.200000000000003,-11.820889647853932
1,0.0,-0.05882352941176472,0.0,-4.799999999999997,-1.0,-0.04799999999999993,3.1999999999999993,7.199999999999996,0.01539999999999997,-11.0,-13.999999999999996,0.013800000000000034,0.8000000000000007,-1.8000000000000007,-1.0,-5.600000000000001,-3.200000000000001,1.5999999999999996,2.5999999999999996,-0.40000000000000213,-17.39999999999999,-13.2,-10.812203246037953
0,1.0,-0.4744245524296676,0.0,-0.3999999999999986,-1.5999999999999943,0.006599999999999939,-6.399999999999999,-13.200000000000003,-0.03340000000000004,-3.1999999999999993,-4.600000000000001,0.0039999999999998925,-2.8000000000000007,4.600000000000001,1.7999999999999972,-3.400000000000002,2.3999999999999995,0.20000000000000018,2.0,-2.400000000000002,-10.400000000000006,-3.799999999999999,-11.524027505805819
1,0.0,0.41709292412617216,0.0,2.3999999999999986,-0.7999999999999972,0.028000000000000025,-2.5999999999999996,-6.200000000000003,-0.017800000000000038,1.2000000000000028,-0.40000000000000213,0.06599999999999995,3.3999999999999986,2.9999999999999964,6.399999999999999,0.0,0.20000000000000018,-1.0,1.0,-0.1999999999999993,3.4000000000000057,13.6,7.022051270408596
0,-1.0,-0.4776119402985074,5.0,-3.0,1.2000000000000028,-0.038999999999999924,1.5999999999999996,6.600000000000001,-0.023999999999999966,0.8000000000000007,0.8000000000000007,-0.006599999999999939,-3.1999999999999993,1.0,-2.200000000000003,-5.600000000000001,-2.8,-2.1999999999999993,4.399999999999999,4.600000000000001,-3.5999999999999943,-23.8,-13.566592263641013
0,-1.0,-0.21224758560140478,5.0,5.0,4.0,0.03880000000000006,-2.1999999999999993,-7.600000000000001,0.01599999999999996,6.399999999999999,9.600000000000001,-0.04459999999999986,1.7999999999999998,4.599999999999994,6.399999999999999,2.8000000000000007,0.6000000000000014,-0.7999999999999998,2.5999999999999996,2.3999999999999986,14.200000000000003,2.8000000000000007,4.2390933057189955
0,0.0,-0.1850307287093942,0.0,-2.6000000000000014,-4.599999999999994,-0.002599999999999991,-1.4000000000000004,-4.600000000000001,0.0012000000000000344,-3.4000000000000004,-3.3999999999999986,-0.05300000000000005,-2.4000000000000004,-1.6000000000000014,-4.0,-2.0,2.5999999999999996,-3.1999999999999997,4.199999999999999,0.1999999999999993,-10.0,-18.6,-10.10805227021919
1,1.0,-0.26541207008436085,-5.0,-3.5999999999999943,1.6000000000000085,-0.04920000000000008,-1.0,3.8000000000000043,-0.06600000000000006,-5.200000000000003,-6.199999999999999,-0.0031999999999999806,4.4,-14.599999999999998,-10.199999999999996,-6.600000000000001,0.8000000000000007,0.9999999999999996,4.4,1.7999999999999972,-13.400000000000006,-26.8,-11.892572166434817
0,0.0,-0.21078431372549017,0.0,-1.2000000000000028,0.4000000000000057,-0.014000000000000068,-1.4000000000000004,-4.0,0.0038000000000000256,-1.1999999999999993,-2.8000000000000007,0.029200000000000004,-1.0,1.4000000000000057,0.3999999999999986,-0.6000000000000014,-1.0,0.0,1.5999999999999996,0.1999999999999993,-5.0,-22.4,-6.646404182729455
1,0.0,-0.16666666666666669,0.0,-1.8000000000000043,-1.0,-0.01840000000000014,-2.1999999999999993,-3.3999999999999986,-0.02100000000000002,3.3999999999999986,5.800000000000001,-0.03939999999999999,3.5999999999999996,7.800000000000001,11.399999999999999,-2.6000000000000014,-3.4000000000000004,-0.1999999999999993,3.0,0.6000000000000014,-2.4000000000000057,2.8,-3.6185143243521907
1,0.0,0.1764705882352941,-5.0,-3.6000000000000014,-8.200000000000003,-0.0010000000000000564,0.3999999999999986,-1.3999999999999986,0.02479999999999999,0.6000000000000014,-0.3999999999999986,0.040999999999999925,-3.4000000000000004,6.199999999999999,2.8000000000000043,-2.6000000000000014,-3.8,-2.0,-0.7999999999999989,-0.40000000000000213,-6.200000000000003,6.6,0.29632276313917316
0,-1.0,-0.26086956521739135,0.0,-1.7999999999999972,-1.4000000000000057,-0.011599999999999944,-0.5999999999999996,-1.3999999999999986,-0.009799999999999975,-1.9999999999999982,-3.8000000000000007,0.02180000000000004,-3.5999999999999996,-2.5999999999999943,-6.199999999999996,-0.5999999999999979,-1.5999999999999996,-3.5999999999999996,-3.0,-1.5999999999999979,-6.199999999999989,-21.4,-3.136146547881552
0,0.0,-0.020412642669007885,-5.0,-3.3999999999999986,-2.200000000000003,-0.020999999999999963,-4.800000000000001,-8.399999999999999,-0.06259999999999999,-3.200000000000001,-4.0,-0.0484,2.5999999999999996,1.5999999999999979,4.199999999999996,-2.6000000000000014,-2.5999999999999996,1.4000000000000004,4.399999999999999,1.1999999999999993,-14.799999999999997,-20.4,-12.22749361669112
0,-1.0,-0.15539947322212466,5.0,3.0,7.0,-0.0033999999999998476,4.4,9.199999999999996,0.026199999999999946,-3.0,-4.600000000000001,0.0524,1.799999999999999,6.600000000000001,8.399999999999999,3.6000000000000014,-4.000000000000001,1.3999999999999995,3.799999999999999,-3.1999999999999993,7.400000000000006,-6.199999999999999,-0.6335048912272754
0,1.0,-0.532608695652174,0.0,-5.399999999999999,-9.0,-0.015000000000000013,-0.6000000000000014,-3.799999999999997,0.023599999999999954,1.1999999999999993,3.3999999999999986,-0.06140000000000001,0.5999999999999996,-3.8000000000000007,-3.200000000000003,-0.8000000000000007,-0.39999999999999947,1.4000000000000004,9.000000000000002,7.399999999999999,-10.200000000000003,-18.8,-11.235258163864245
1,-2.0,0.31457800511508954,0.0,2.3999999999999986,-7.599999999999994,0.0716,-2.0,-5.800000000000001,0.00040000000000006697,1.1999999999999993,2.0,-0.010200000000000098,-2.1999999999999993,1.0,-1.1999999999999957,-1.3999999999999986,-4.4,1.6000000000000005,2.9999999999999982,3.3999999999999986,4.0,2.5999999999999996,5.429683849783402
1,0.0,-0.14989648033126296,0.0,-0.7999999999999972,0.0,-0.011399999999999966,0.7999999999999989,0.0,0.02839999999999998,3.3999999999999986,5.199999999999999,-0.006599999999999939,2.0,9.000000000000004,11.0,0.40000000000000213,-2.1999999999999993,0.7999999999999998,2.1999999999999993,-1.0,2.5999999999999943,10.8,-0.39304901603006215
0,-1.0,-0.2028985507246377,5.0,1.2000000000000028,8.400000000000006,-0.02959999999999996,-2.0,0.0,-0.05059999999999998,-2.200000000000001,-4.600000000000001,0.09799999999999998,3.1999999999999993,1.6000000000000014,4.800000000000004,0.3999999999999986,2.5999999999999996,-0.40000000000000036,4.799999999999999,-1.1999999999999993,-1.7999999999999972,-12.0,-10.907544865223215
0,0.0,-0.4852941176470588,5.0,-3.8000000000000043,0.3999999999999915,-0.04380000000000006,2.0,7.599999999999998,-0.0262,-2.1999999999999993,-2.3999999999999986,-0.022199999999999998,-5.0,-0.6000000000000014,-5.600000000000001,-8.0,-2.3999999999999995,-0.20000000000000018,3.6000000000000014,3.0,-7.799999999999997,-27.2,-16.41191064226389
1,0.0,-0.051577152600170484,-5.0,-2.799999999999997,-1.4000000000000057,-0.02639999999999998,3.0000000000000018,5.0,0.03019999999999995,-7.000000000000002,-8.8,-0.0043999999999999595,3.0,-3.6000000000000014,-0.5999999999999943,-0.3999999999999986,-0.39999999999999947,1.5999999999999996,2.0,-1.3999999999999986,-9.599999999999994,3.4,-2.9500384991914927
0,0.0,-0.27908902691511395,0.0,2.0,-3.200000000000003,0.041000000000000036,2.8000000000000007,-2.599999999999998,0.12099999999999997,-5.999999999999998,-6.0,-0.09199999999999997,-2.200000000000001,4.399999999999999,2.200000000000003,3.8000000000000007,-3.200000000000001,-3.0,0.8000000000000007,-1.8000000000000007,0.7999999999999972,2.0000000000000004,3.910549695132616
0,1.0,-0.08695652173913038,-5.0,-5.600000000000001,1.4000000000000057,-0.07119999999999999,-1.4000000000000004,1.8000000000000043,-0.05620000000000003,11.2,10.200000000000003,0.1200000000000001,2.0,3.0,5.0,-0.1999999999999993,0.0,-0.40000000000000036,1.4000000000000004,1.7999999999999972,-1.3999999999999915,-7.800000000000001,-7.6347807799277945
1,0.0,0.17391304347826086,0.0,3.0,4.199999999999989,0.01040000000000002,0.8000000000000007,2.0,-0.006199999999999983,1.0,1.0,0.010399999999999965,2.4000000000000004,9.800000000000004,12.199999999999996,6.199999999999999,-3.0,0.5999999999999996,-1.200000000000001,-1.1999999999999993,7.800000000000011,9.200000000000001,6.345058403422954
1,-1.0,-0.1219096334185848,0.0,-1.2000000000000028,4.400000000000006,-0.03699999999999998,-2.4000000000000004,-3.0,-0.021199999999999997,5.600000000000001,5.599999999999998,0.06319999999999992,5.6000000000000005,-1.8000000000000007,3.799999999999997,0.8000000000000007,3.8,1.2000000000000002,3.6000000000000014,-1.3999999999999986,0.8000000000000114,-4.800000000000001,-4.622140684859275
0,0.0,0.12857142857142861,0.0,4.0,-5.799999999999997,0.07819999999999999,-2.4000000000000004,-11.600000000000001,0.0470000000000001,4.800000000000001,5.199999999999999,0.012199999999999878,-3.8000000000000007,-0.5999999999999943,-4.400000000000006,-0.6000000000000014,-0.20000000000000018,-2.3999999999999995,1.0,1.3999999999999986,10.400000000000006,-1.7999999999999998,8.51873718293875
0,-1.0,-0.39648033126294,0.0,-13.399999999999999,-11.799999999999997,-0.09079999999999994,-1.4000000000000004,0.7999999999999972,-0.03999999999999998,4.599999999999998,7.599999999999998,-0.055199999999999916,-4.800000000000001,-4.199999999999999,-9.0,-10.399999999999999,-0.7999999999999989,1.6,5.6,7.399999999999999,-23.599999999999994,-30.200000000000003,-25.987252751643638
1,-1.0,0.24637681159420288,-5.0,4.799999999999997,-2.4000000000000057,0.06300000000000006,-2.4000000000000004,-12.399999999999999,0.05399999999999999,0.8000000000000007,2.3999999999999986,-0.05359999999999998,2.0,5.0,7.0,4.199999999999999,-0.7999999999999989,0.7999999999999998,0.40000000000000036,1.1999999999999993,8.0,18.8,11.136131085900203
0,0.0,-0.31372549019607837,0.0,1.3999999999999986,5.3999999999999915,-0.011800000000000033,0.1999999999999993,0.3999999999999986,0.0021999999999999797,-0.1999999999999993,3.200000000000003,-0.12639999999999996,2.0,-6.600000000000001,-4.600000000000001,-1.0,1.4000000000000004,1.5999999999999996,1.8000000000000007,1.4000000000000021,2.799999999999997,-16.2,-4.623238057460725
1,0.0,0.05221653878942878,0.0,-4.599999999999994,-6.200000000000003,-0.014000000000000068,-5.199999999999999,-6.599999999999998,-0.08839999999999998,-4.0,-4.800000000000001,-0.04359999999999997,0.7999999999999989,-2.599999999999998,-1.7999999999999972,-6.199999999999999,-0.5999999999999996,0.20000000000000018,4.399999999999999,1.0,-18.39999999999999,-21.8,-12.817387600263416
1,0.0,0.026470588235294135,5.0,2.3999999999999986,2.6000000000000085,0.012600000000000056,3.5999999999999996,3.6000000000000014,0.06020000000000003,0.0,-0.1999999999999993,-0.0033999999999999586,-3.4000000000000004,7.600000000000001,4.199999999999996,8.2,0.0,0.0,0.40000000000000036,-2.6000000000000014,8.400000000000006,7.4,1.5624759843880582
1,-1.0,0.5285714285714286,0.0,1.6000000000000014,5.6000000000000085,-0.013200000000000045,0.5999999999999996,2.799999999999997,-0.02699999999999997,5.4,6.200000000000003,0.03259999999999985,3.1999999999999993,6.799999999999997,10.0,2.0,-0.5999999999999996,0.0,-3.5999999999999996,0.8000000000000007,9.199999999999989,22.0,7.374388863323659
0,0.0,0.15134575569358177,0.0,-1.0,4.799999999999997,-0.0338,-2.200000000000001,-1.8000000000000043,-0.03220000000000006,5.0,5.0,0.05919999999999992,3.3999999999999995,-1.5999999999999979,1.8000000000000043,-1.1999999999999993,1.1999999999999993,1.5999999999999996,-2.6000000000000014,0.1999999999999993,0.7999999999999972,9.0,-0.7089085309866476
0,1.0,-0.15714285714285714,0.0,1.3999999999999986,4.800000000000011,-0.007400000000000073,2.4000000000000004,2.1999999999999993,0.054599999999999926,1.8000000000000007,-0.7999999999999972,0.07200000000000006,2.3999999999999986,6.599999999999998,9.0,4.800000000000001,-2.0,-0.5999999999999996,3.6000000000000014,-0.1999999999999993,7.0,-5.0,0.9161905294709243
1,0.0,0.0714285714285714,0.0,4.0,5.599999999999994,0.011399999999999966,1.0,-1.1999999999999957,0.03320000000000006,-2.0,-1.0,-0.046600000000000086,1.0,7.0,8.0,2.1999999999999993,0.40000000000000036,0.40000000000000036,-3.200000000000001,0.0,7.0,15.8,5.664705609658171
1,1.0,0.1664596273291925,0.0,0.20000000000000284,-2.799999999999997,0.016000000000000125,3.4000000000000004,0.0,0.07780000000000009,0.5999999999999979,-1.4000000000000021,0.07820000000000005,0.8000000000000007,5.200000000000003,6.0,1.2000000000000028,-0.5999999999999996,-0.7999999999999998,3.3999999999999986,1.1999999999999993,4.3999999999999915,18.6,4.935773033674025
0,0.0,-0.09213250517598348,0.0,-4.399999999999999,7.400000000000006,-0.0892,0.40000000000000036,5.0,-0.0388,0.6000000000000014,-3.599999999999998,0.13600000000000012,0.20000000000000107,2.400000000000002,2.6000000000000014,-2.1999999999999993,-0.20000000000000107,-1.3999999999999995,0.8000000000000007,2.599999999999998,-7.800000000000011,-13.0,-14.693485508665006
0,-1.0,-0.5538302277432712,5.0,-2.0,-3.3999999999999915,-0.005400000000000016,1.0,-0.20000000000000284,0.03180000000000005,-1.5999999999999979,-1.0,-0.05559999999999987,-0.8000000000000007,-4.199999999999996,-5.0,-0.7999999999999972,-3.4000000000000004,0.7999999999999998,6.200000000000001,4.800000000000001,-4.599999999999994,-22.200000000000003,-8.12654911073409
0,0.0,-0.24285714285714283,0.0,0.20000000000000284,-3.5999999999999943,0.021600000000000008,6.0,5.399999999999999,0.13059999999999994,-1.6000000000000014,0.5999999999999979,-0.10259999999999991,0.7999999999999989,-4.199999999999999,-3.3999999999999986,3.8000000000000007,1.1999999999999993,-4.0,4.600000000000001,-1.1999999999999993,4.799999999999997,-4.0,4.55828185899
1,-1.0,0.06583850931677027,0.0,-0.20000000000000284,-1.7999999999999972,0.009400000000000075,-2.0,-6.800000000000004,-0.0008000000000000229,-14.799999999999999,-15.8,-0.1257999999999999,2.4000000000000004,0.0,2.3999999999999986,-1.8000000000000007,0.8000000000000007,1.1999999999999997,3.6000000000000014,-2.8000000000000007,-17.200000000000003,-2.8,-8.330893260129187
0,0.0,-0.2621730382293763,0.0,-3.1999999999999957,-3.4000000000000057,-0.01760000000000006,-2.0,-6.600000000000001,0.018600000000000005,1.8000000000000007,0.3999999999999986,0.09040000000000004,0.1999999999999993,1.6000000000000014,1.7999999999999972,-2.1999999999999993,2.6000000000000005,1.6000000000000005,3.0,-3.599999999999998,-6.599999999999994,3.8,-6.212592574852138
1,-1.0,-0.015921616656460413,0.0,-6.200000000000003,-0.20000000000000284,-0.06959999999999994,2.0,6.199999999999996,-0.01479999999999998,-3.6000000000000014,-2.8000000000000007,-0.06459999999999999,-1.200000000000001,-3.6000000000000014,-4.800000000000004,-2.0,-0.20000000000000107,0.20000000000000018,-1.4000000000000004,-1.0,-14.0,-12.4,-11.976332425644088
0,0.0,0.06579476861167,0.0,-2.8000000000000043,2.200000000000003,-0.04420000000000002,0.8000000000000007,10.199999999999996,-0.06840000000000002,-0.6000000000000014,-4.199999999999999,0.12460000000000004,2.1999999999999993,0.6000000000000014,2.8000000000000043,-2.0,-1.2000000000000002,-3.4000000000000004,-3.8000000000000007,-0.1999999999999993,-5.400000000000006,0.40000000000000036,1.246921023739361
1,0.0,0.11267605633802813,5.0,2.3999999999999986,-2.799999999999997,0.04079999999999995,0.8000000000000007,-4.800000000000004,0.06579999999999997,4.0,4.400000000000002,-0.0007999999999999119,-8.2,4.200000000000003,-4.0,1.6000000000000014,-1.0,-3.8000000000000003,-4.599999999999998,1.1999999999999993,9.599999999999994,-1.0,6.682573506864983
1,1.0,0.41931589537223346,0.0,2.3999999999999986,3.5999999999999943,0.0034000000000000696,-2.8000000000000007,-3.3999999999999986,-0.05299999999999999,4.800000000000001,4.0,0.10139999999999993,6.800000000000001,6.199999999999996,13.0,4.0,2.3999999999999995,-0.5999999999999996,-2.8000000000000007,-6.600000000000001,6.799999999999997,26.2,11.917889778402355
1,1.0,0.01066398390342052,0.0,11.200000000000003,4.0,0.11099999999999993,-0.7999999999999989,-5.800000000000001,0.039000000000000035,-3.200000000000001,-2.6000000000000014,-0.10499999999999998,-0.5999999999999996,2.400000000000002,1.7999999999999972,7.199999999999999,-2.2,-1.3999999999999995,-3.3999999999999986,-6.0,18.400000000000006,4.800000000000001,18.19775374236997
1,1.0,0.08068410462776654,-5.0,2.6000000000000014,5.799999999999997,-0.005400000000000071,-2.4000000000000004,-6.599999999999998,-0.01040000000000002,-1.6000000000000014,-4.0,0.04699999999999993,4.600000000000001,1.4000000000000021,6.0,6.199999999999999,0.7999999999999989,0.40000000000000036,0.40000000000000036,0.7999999999999972,1.2000000000000028,5.4,1.3572746037426668
0,0.0,-0.1408450704225352,5.0,4.0,9.0,-0.0012000000000000344,0.40000000000000036,-4.800000000000004,0.06080000000000002,2.6000000000000014,2.6000000000000014,0.0041999999999999815,1.0,7.600000000000001,8.600000000000001,1.8000000000000007,-1.8000000000000007,0.39999999999999947,-4.399999999999999,-2.1999999999999993,11.0,-3.4000000000000004,5.679085046314185
1,2.0,-0.2142857142857143,0.0,2.6000000000000014,5.800000000000011,-0.003599999999999992,1.8000000000000007,7.200000000000003,-0.01699999999999996,-0.1999999999999993,-0.6000000000000014,0.016999999999999904,-2.4000000000000004,0.40000000000000213,-2.0,0.0,0.40000000000000036,1.0,0.40000000000000213,2.3999999999999986,6.799999999999997,-8.4,-2.535175051719122
0,1.0,-0.2613682092555332,0.0,-1.7999999999999972,6.799999999999997,-0.05719999999999986,2.0,9.200000000000003,-0.03480000000000005,-1.0,-0.8000000000000007,-0.01739999999999997,1.5999999999999996,-1.0,0.6000000000000014,-0.8000000000000007,3.5999999999999996,-0.20000000000000018,1.799999999999999,-2.599999999999998,-2.5999999999999943,-9.8,-9.449626152928246
1,0.0,0.07867203219315894,5.0,2.8000000000000043,3.4000000000000057,0.013599999999999945,-5.199999999999999,-9.599999999999994,-0.045399999999999996,3.0,3.599999999999998,0.03739999999999999,1.8000000000000007,-3.0,-1.2000000000000028,0.3999999999999986,4.0,1.8000000000000003,-1.200000000000001,0.8000000000000007,3.4000000000000057,4.199999999999999,0.5153030564267738
1,0.0,0.2064386317907445,0.0,6.599999999999994,3.0,0.05520000000000014,-1.8000000000000007,-6.0,0.0048000000000000265,-2.0000000000000018,-2.599999999999998,0.0043999999999999595,1.8000000000000007,5.0000000000000036,6.800000000000004,6.400000000000002,-0.40000000000000036,0.0,1.4000000000000004,0.0,9.400000000000006,21.200000000000003,7.4501235679232565
0,0.0,0.33158953722334,0.0,-3.0,4.3999999999999915,-0.05740000000000001,-2.0,4.799999999999997,-0.10039999999999993,6.600000000000001,6.199999999999999,0.0806,2.8,0.3999999999999986,3.200000000000003,-7.599999999999998,2.1999999999999993,-2.4,1.0,4.399999999999999,-1.3999999999999915,7.200000000000001,-7.104210237749456
0,0.0,-0.23943661971830976,0.0,-0.19999999999999574,2.8000000000000114,-0.018400000000000027,-3.5999999999999996,-4.800000000000001,-0.07759999999999995,1.6000000000000014,0.3999999999999986,0.05840000000000001,0.20000000000000107,1.6000000000000014,1.7999999999999972,0.40000000000000213,-2.0,3.0,0.5999999999999996,4.600000000000001,-2.4000000000000057,-10.8,-6.091423253168912
1,0.0,0.24667449139280126,0.0,5.800000000000004,6.800000000000011,0.035599999999999965,1.200000000000001,5.799999999999997,-0.012999999999999956,0.40000000000000213,1.0,-0.05300000000000005,5.0,4.800000000000004,9.800000000000004,6.0,-2.6000000000000005,-0.20000000000000018,0.0,-5.599999999999998,13.200000000000003,13.8,10.483680582663368
0,0.0,-0.21126760563380287,0.0,-2.3999999999999986,-0.5999999999999943,-0.021600000000000064,-1.6000000000000014,1.5999999999999943,-0.04799999999999999,2.799999999999997,4.799999999999997,-0.058599999999999985,-1.4000000000000004,-6.0,-7.399999999999999,-2.3999999999999986,0.6000000000000005,-3.1999999999999997,-0.40000000000000036,2.0,-3.6000000000000085,-19.4,-6.0922399158773715
1,1.0,0.25723787167449136,0.0,-0.4000000000000057,2.5999999999999943,-0.01959999999999984,6.200000000000001,13.399999999999999,0.01540000000000008,0.0,-2.8000000000000007,0.123,-0.1999999999999993,-2.3999999999999986,-2.6000000000000014,-2.6000000000000014,2.6000000000000005,0.0,0.7999999999999989,1.0,5.3999999999999915,19.6,2.3359469308264664
0,0.0,-0.05555555555555558,-5.0,-5.199999999999996,1.3999999999999915,-0.06559999999999999,-2.0,-0.3999999999999986,-0.05499999999999994,-2.6000000000000014,-3.200000000000003,-0.012399999999999967,4.799999999999999,-8.200000000000003,-3.3999999999999986,-7.199999999999999,2.5999999999999996,0.8000000000000003,-1.1999999999999993,0.8000000000000007,-15.0,-8.6,-8.503409065640128
1,-1.0,0.3055555555555556,0.0,2.200000000000003,2.4000000000000057,0.007000000000000006,-0.8000000000000007,-3.200000000000003,0.0022000000000000908,-0.40000000000000213,-2.200000000000003,0.04859999999999998,2.8000000000000007,1.3999999999999986,4.200000000000003,0.3999999999999986,-1.0,-2.5999999999999996,0.20000000000000107,-2.1999999999999993,3.200000000000003,7.799999999999999,4.68401681529069
1,2.0,0.08450704225352113,0.0,5.0,-2.799999999999997,0.06959999999999994,0.8000000000000007,-2.200000000000003,0.03939999999999999,-1.6000000000000014,2.0,-0.1532,1.6000000000000014,7.9999999999999964,9.600000000000001,4.400000000000002,-1.0,2.0000000000000004,0.20000000000000107,-1.8000000000000007,9.200000000000003,15.8,12.74250625058444
1,1.0,-0.12969483568075113,0.0,-5.399999999999999,-2.0,-0.04920000000000002,-0.8000000000000007,5.0,-0.06219999999999998,2.599999999999998,1.0,0.06219999999999992,1.8000000000000007,-0.3999999999999986,1.3999999999999986,-3.799999999999997,-2.4000000000000004,-3.6,0.6000000000000014,2.1999999999999993,-9.0,-10.600000000000001,-5.747697307586577
0,-1.0,0.06631455399061034,0.0,0.7999999999999972,4.0,-0.011599999999999944,-2.5999999999999996,0.7999999999999972,-0.07500000000000001,9.0,10.8,0.029199999999999893,4.000000000000001,4.599999999999998,8.600000000000001,3.8000000000000007,2.4000000000000004,0.40000000000000036,-0.40000000000000213,-2.8000000000000007,8.0,12.2,3.2875106177388034
0,0.0,-0.4119718309859155,0.0,-6.799999999999997,-4.800000000000011,-0.04859999999999998,0.20000000000000107,4.799999999999997,-0.025399999999999978,-0.6000000000000014,0.6000000000000014,-0.05180000000000007,-4.399999999999999,-8.999999999999996,-13.399999999999999,-7.800000000000001,4.0,-2.0,2.1999999999999993,1.6000000000000014,-14.0,-31.6,-15.61836657824017
1,0.0,0.0846999807061547,0.0,2.4000000000000057,6.400000000000006,-0.0010000000000000009,-4.0,-3.200000000000003,-0.06,8.200000000000001,9.2,0.07879999999999998,5.199999999999999,3.3999999999999986,8.600000000000001,4.399999999999999,0.20000000000000018,1.5999999999999996,1.4000000000000004,2.400000000000002,9.0,21.6,0.9356670734515831
0,-1.0,0.09722222222222221,0.0,1.6000000000000014,-4.799999999999997,0.04579999999999995,0.5999999999999996,-3.6000000000000014,0.04959999999999998,0.8000000000000007,3.3999999999999986,-0.08319999999999994,1.3999999999999986,4.800000000000001,6.200000000000003,-1.3999999999999986,-1.1999999999999993,0.6000000000000005,0.5999999999999996,-2.0,4.599999999999994,16.0,9.128408896410846
0,0.0,-0.41666666666666663,0.0,3.6000000000000014,3.3999999999999915,0.02080000000000004,5.799999999999999,3.599999999999998,0.1274,-7.800000000000001,-12.8,0.07739999999999991,-3.0,-0.7999999999999972,-3.799999999999997,10.2,-2.8,0.20000000000000018,0.7999999999999989,-1.3999999999999986,5.200000000000003,-16.0,3.6489091882391165
1,-1.0,0.29699391171993916,-10.0,-1.2000000000000028,-6.200000000000003,0.018000000000000127,1.0,2.0,0.006400000000000017,0.0,0.3999999999999986,0.026600000000000068,-2.1999999999999993,5.800000000000001,3.5999999999999943,3.3999999999999986,-5.000000000000001,-1.7999999999999998,-2.799999999999999,2.3999999999999986,-1.3999999999999915,16.2,6.538709143568141
1,0.0,0.2361111111111111,5.0,6.799999999999997,4.200000000000003,0.05780000000000002,1.4000000000000004,5.600000000000001,-0.010000000000000009,-0.6000000000000014,0.0,-0.056600000000000095,2.799999999999999,0.0,2.8000000000000043,5.400000000000002,2.1999999999999993,-1.0,3.599999999999998,-6.199999999999999,14.400000000000006,10.200000000000001,8.184490849544432
1,0.0,-0.06338028169014087,5.0,-1.1999999999999957,0.0,-0.014399999999999968,1.4000000000000004,3.0,0.006799999999999973,-3.8000000000000007,-6.199999999999999,0.0686000000000001,-1.0,-1.0,-2.0,-7.0,1.799999999999999,-1.2000000000000002,-1.5999999999999996,-2.8000000000000007,-4.799999999999997,-2.8,-0.5808126393746988
0,0.0,0.17683881064162754,0.0,-3.0,-3.0,-0.01440000000000008,-6.200000000000001,-14.799999999999997,-0.018400000000000027,3.6000000000000014,6.0,-0.05040000000000011,1.799999999999999,-2.0000000000000036,-0.20000000000000284,-2.0,-0.5999999999999996,0.0,-2.0,1.5999999999999979,-8.600000000000009,-3.8000000000000007,-3.5362211470098117
1,0.0,0.1332159624413145,0.0,0.3999999999999986,4.3999999999999915,-0.018400000000000083,-3.4000000000000004,-5.399999999999999,-0.046999999999999986,-1.0,-2.3999999999999986,-0.0020000000000000018,3.0,0.7999999999999972,3.799999999999997,0.1999999999999993,-1.0,1.2000000000000002,-2.6000000000000014,0.1999999999999993,-3.6000000000000085,0.3999999999999999,-1.0035418997784973
1,1.0,0.005477308294209782,0.0,-2.5999999999999943,1.5999999999999943,-0.038199999999999845,1.1999999999999993,-0.5999999999999943,0.03899999999999998,3.9999999999999982,4.0,0.02959999999999996,0.1999999999999993,4.199999999999996,4.399999999999999,-2.0,0.5999999999999996,2.8,0.1999999999999993,2.1999999999999993,0.0,8.399999999999999,-4.1239409520664765
1,0.0,0.2675038051750381,0.0,-0.7999999999999972,1.4000000000000057,-0.017399999999999916,1.5999999999999996,8.599999999999998,-0.04560000000000003,5.199999999999999,2.1999999999999993,0.1624000000000002,-0.6000000000000014,-5.199999999999999,-5.800000000000004,-3.0,3.0,-1.5999999999999996,-0.8000000000000007,5.199999999999999,5.200000000000003,10.4,2.865739532259596
1,-1.0,0.3797564687975647,5.0,2.799999999999997,5.799999999999997,5.551115123125783e-17,-4.4,-8.600000000000001,-0.04560000000000003,3.6000000000000014,4.0,-0.00019999999999997797,3.5999999999999996,-1.5999999999999979,2.0,1.8000000000000007,1.5999999999999996,-1.0,-0.40000000000000036,2.6000000000000014,4.799999999999997,4.3999999999999995,0.6466592079735278
1,0.0,-0.12975646879756464,0.0,-0.3999999999999986,1.7999999999999972,-0.008599999999999941,7.0,14.600000000000001,0.030999999999999972,-2.0,-0.8000000000000007,-0.07220000000000004,-2.8000000000000007,2.8000000000000043,0.0,-1.8000000000000007,-0.40000000000000036,0.7999999999999998,2.0,6.200000000000001,4.200000000000003,7.200000000000001,-3.450774434700378
0,0.0,0.18493150684931509,-10.0,-4.200000000000003,-5.200000000000003,-0.017000000000000015,2.4000000000000004,8.0,-0.014599999999999946,2.6000000000000014,2.6000000000000014,0.04859999999999998,4.200000000000001,3.3999999999999986,7.600000000000001,0.0,0.0,2.2,3.3999999999999986,-0.8000000000000007,-3.3999999999999915,23.0,2.0386509217749023
1,0.0,0.10502283105022825,-5.0,-8.600000000000001,-7.199999999999989,-0.05379999999999996,-2.0,-4.200000000000003,-0.006599999999999995,6.4,6.0,0.06980000000000008,0.0,5.199999999999999,5.200000000000003,-8.0,-3.1999999999999993,-2.1999999999999997,-2.1999999999999993,-0.3999999999999986,-12.800000000000011,-3.000000000000001,-4.739798133643646
0,0.0,-0.28767123287671237,-5.0,1.3999999999999986,2.3999999999999915,0.0034000000000000696,0.8000000000000007,-0.8000000000000043,0.041599999999999915,-1.1999999999999993,-3.0,0.019399999999999973,-2.0,-3.6000000000000014,-5.600000000000001,7.400000000000002,-3.200000000000001,-2.0,0.0,1.4000000000000021,2.4000000000000057,-19.6,-1.1006085627651458
1,0.0,0.24334094368340942,5.0,-3.200000000000003,-5.199999999999989,-0.0050000000000000044,-3.0,-0.20000000000000284,-0.07539999999999997,6.800000000000001,8.2,0.038999999999999924,2.8000000000000007,-0.8000000000000007,2.0,2.3999999999999986,2.4000000000000004,-1.6,5.800000000000001,-2.8000000000000007,-2.5999999999999943,4.6,-4.041248063834388
0,0.0,-0.2638888888888889,-5.0,-6.199999999999996,-0.4000000000000057,-0.06919999999999993,3.0,12.800000000000004,-0.0398,0.3999999999999986,-0.1999999999999993,0.012599999999999945,-5.0,-3.8000000000000043,-8.800000000000004,-6.600000000000001,1.1999999999999993,-1.2000000000000002,-3.200000000000001,3.0,-9.0,-18.0,-10.41556673932675
1,0.0,0.3339503887449093,0.0,4.199999999999996,-3.8000000000000114,0.06700000000000006,3.4000000000000004,-2.0,0.11799999999999994,-3.3999999999999986,-5.199999999999999,0.0596000000000001,-4.0,6.0000000000000036,2.0,4.0,-5.6,-3.1999999999999997,-4.599999999999998,3.0,8.399999999999991,15.399999999999999,15.595450132266507
1,0.0,0.0821917808219178,0.0,-0.6000000000000014,-4.799999999999997,0.019399999999999973,-1.4000000000000004,-5.799999999999997,0.019600000000000006,3.1999999999999993,5.199999999999999,-0.040999999999999925,1.4000000000000004,3.599999999999998,5.0,-3.8000000000000007,-1.0,0.20000000000000018,-0.3999999999999986,-1.2000000000000028,0.5999999999999943,10.4,5.350751530147818
1,0.0,0.3780441400304414,0.0,-0.3999999999999986,-4.400000000000006,0.01899999999999996,-2.3999999999999986,-7.200000000000003,0.0030000000000000027,-1.2000000000000028,-2.0,0.03839999999999999,0.20000000000000107,2.3999999999999986,2.6000000000000014,-3.0,-0.20000000000000107,1.0,-3.1999999999999993,-3.3999999999999986,-4.400000000000006,17.4,5.571403544754872
1,0.0,0.4109589041095891,0.0,7.0,-0.3999999999999915,0.08960000000000001,-1.0,-4.0,0.015600000000000003,6.800000000000001,11.000000000000004,-0.09240000000000015,2.1999999999999993,5.199999999999999,7.399999999999999,1.6000000000000014,-1.0,1.6000000000000005,-3.6000000000000014,-7.600000000000001,19.799999999999997,18.6,20.503016071033628
1,1.0,0.21771771771771775,0.0,2.8000000000000043,-1.0,0.03919999999999996,-0.40000000000000036,-2.3999999999999986,0.007799999999999974,0.8000000000000007,3.3999999999999986,-0.13479999999999992,-1.5999999999999996,1.1999999999999993,-0.4000000000000057,5.600000000000001,-1.4000000000000004,1.0,2.0,4.800000000000001,6.0,0.6000000000000001,0.48389619544882123
1,0.0,-0.0684931506849315,0.0,-6.0,-5.799999999999997,-0.03899999999999998,0.0,2.3999999999999986,-0.019600000000000006,-2.8000000000000007,-5.0,0.060799999999999965,-1.7999999999999998,-7.800000000000001,-9.600000000000001,-3.599999999999998,1.2000000000000002,-1.4000000000000004,-1.8000000000000007,-2.0,-14.799999999999997,-7.399999999999999,-5.401357781705599
0,1.0,-0.1095890410958904,0.0,-2.799999999999997,2.4000000000000057,-0.042199999999999904,2.3999999999999986,5.399999999999999,0.009800000000000031,-1.5999999999999979,-1.5999999999999979,-0.030199999999999894,2.0,3.3999999999999986,5.399999999999999,-4.0,-0.40000000000000036,2.5999999999999996,2.0,1.1999999999999993,-4.799999999999997,-0.6000000000000014,-6.5193561428849165
0,0.0,-0.3506468797564688,0.0,-8.799999999999997,-9.199999999999989,-0.04899999999999999,0.3999999999999986,1.5999999999999943,0.002599999999999991,-4.999999999999998,-2.6000000000000014,-0.15739999999999998,-2.0,-12.8,-14.799999999999997,-10.200000000000003,1.2000000000000002,-3.4,4.6,3.0,-22.200000000000003,-38.8,-17.50290478664742
1,-1.0,0.2972972972972973,5.0,1.6000000000000014,3.0,-0.0005999999999999339,3.4000000000000004,13.400000000000002,-0.055999999999999994,2.1999999999999993,0.0,0.11460000000000015,0.40000000000000036,0.40000000000000213,0.7999999999999972,-0.8000000000000007,5.4,1.0,1.799999999999999,1.5999999999999979,8.799999999999997,24.0,3.5933356452952836
1,3.0,0.26416142169566825,0.0,-4.799999999999997,-0.7999999999999972,-0.04780000000000001,3.6000000000000014,2.5999999999999943,0.07579999999999992,-5.6,-6.600000000000001,0.01760000000000006,2.1999999999999993,-2.0,0.19999999999999574,-5.800000000000001,-0.1999999999999993,-1.5999999999999996,-2.1999999999999993,0.3999999999999986,-11.599999999999994,5.3999999999999995,-2.473329075064612
0,-1.0,-0.013698630136986245,0.0,-1.0,-10.400000000000006,0.047800000000000065,5.600000000000001,6.0,0.08260000000000006,-0.1999999999999993,0.0,0.02939999999999998,-1.1999999999999993,1.6000000000000014,0.3999999999999986,-1.3999999999999986,0.39999999999999947,-3.9999999999999996,4.599999999999998,-1.8000000000000007,3.3999999999999915,24.799999999999997,8.937390610980216
0,-1.0,-0.1442058496853018,0.0,3.6000000000000014,-1.0,0.04860000000000003,6.600000000000001,10.0,0.06719999999999998,-2.0,0.0,-0.08960000000000001,0.40000000000000036,-2.6000000000000014,-2.1999999999999957,4.399999999999999,0.40000000000000036,0.6000000000000001,2.599999999999998,0.8000000000000007,11.799999999999997,12.000000000000002,10.261896152939073
1,1.0,-0.023603603603603612,0.0,-4.200000000000003,-2.3999999999999915,-0.03599999999999992,-0.5999999999999996,4.0,-0.06519999999999992,-0.20000000000000107,-1.6000000000000014,0.05479999999999996,-5.6,-2.6000000000000014,-8.199999999999996,-2.3999999999999986,5.800000000000001,-0.20000000000000018,1.1999999999999993,10.399999999999999,-9.200000000000003,3.0,-12.852593339500231
0,0.0,-0.2694063926940639,-5.0,-2.8000000000000043,-0.6000000000000085,-0.028800000000000048,-1.200000000000001,-1.3999999999999986,-0.026600000000000013,-3.200000000000001,-4.0,-0.0006000000000000449,-3.1999999999999993,-6.400000000000002,-9.600000000000001,-3.6000000000000014,1.2000000000000002,-1.0,-4.800000000000001,3.8000000000000007,-10.0,-12.2,-5.774229347535396
1,0.0,0.1401801801801802,-5.0,5.200000000000003,6.199999999999989,0.0242,2.200000000000001,0.19999999999999574,0.062400000000000067,0.0,-1.0,0.04479999999999995,-0.8000000000000007,5.399999999999999,4.600000000000001,6.0,-5.6000000000000005,-1.2000000000000002,-10.8,2.1999999999999993,12.599999999999994,10.600000000000001,17.22464938603879
1,-1.0,0.1351351351351351,0.0,0.3999999999999986,2.3999999999999915,-0.0045999999999999375,0.40000000000000036,4.800000000000004,-0.035600000000000076,2.3999999999999986,4.800000000000001,-0.061999999999999944,-0.6000000000000014,6.0,5.400000000000006,-2.1999999999999993,0.40000000000000036,3.3999999999999995,-0.3999999999999986,2.799999999999999,3.6000000000000085,5.0,-1.9949420513028997
0,-1.0,-0.11625323954091077,-5.0,-6.800000000000004,-1.7999999999999972,-0.0712000000000001,-0.40000000000000036,6.799999999999997,-0.06859999999999994,-7.0,-8.0,-0.07339999999999991,0.8000000000000007,-5.200000000000003,-4.399999999999999,-2.799999999999997,-1.799999999999999,-3.5999999999999996,6.6,0.1999999999999993,-21.0,-37.0,-21.613847816004565
1,-1.0,0.0273972602739726,0.0,3.8000000000000043,2.0,0.03179999999999994,-1.0,-5.199999999999996,0.012800000000000034,-11.399999999999999,-7.200000000000003,-0.2642000000000001,-0.1999999999999993,2.8000000000000007,2.6000000000000014,8.8,2.4000000000000004,4.8,1.4000000000000004,2.1999999999999993,-4.799999999999997,-0.20000000000000018,-6.038442006291007
1,0.0,-0.31081081081081074,0.0,2.200000000000003,-4.3999999999999915,0.048599999999999866,-0.20000000000000107,-10.0,0.09439999999999993,-3.8000000000000007,-4.0,-0.020000000000000018,-2.1999999999999993,-3.0,-5.200000000000003,4.800000000000004,-1.0,0.19999999999999973,2.0,1.0,0.3999999999999915,1.7999999999999998,2.5705957254336056
1,0.0,0.26045662100456624,0.0,-4.799999999999997,-4.6000000000000085,-0.02560000000000001,-2.0,-0.3999999999999986,-0.05120000000000002,11.399999999999999,13.799999999999999,0.05840000000000001,5.600000000000001,4.799999999999997,10.399999999999999,0.1999999999999993,0.40000000000000036,1.6000000000000005,3.8000000000000007,-3.599999999999998,-0.19999999999998863,20.8,0.39830712986784533
1,0.0,0.3648648648648649,0.0,2.8000000000000043,-0.6000000000000085,0.031200000000000006,-1.200000000000001,-3.3999999999999986,-0.0018000000000000238,-3.400000000000002,-6.0,0.06140000000000012,2.3999999999999986,0.19999999999999574,2.6000000000000014,4.399999999999999,0.7999999999999998,0.20000000000000018,-2.799999999999999,-5.599999999999998,1.0,26.8,10.079847825544633
0,-1.0,-0.3416216216216216,0.0,0.19999999999999574,4.800000000000011,-0.02399999999999991,-4.200000000000001,-5.399999999999999,-0.060199999999999976,-0.8000000000000007,0.0,-0.0514,0.0,-5.0,-5.0,2.3999999999999986,1.799999999999999,3.0,0.5999999999999996,0.0,-4.599999999999994,-19.8,-10.162018608620599
1,-1.0,-0.03405405405405404,0.0,-4.399999999999999,-3.0,-0.028400000000000092,0.0,6.200000000000003,-0.04559999999999992,0.0,-1.5999999999999979,0.08940000000000015,-3.3999999999999986,-2.3999999999999986,-5.799999999999997,0.8000000000000007,0.0,-2.5999999999999996,-1.0,-3.0,-8.799999999999997,-16.4,-6.347955180131251
0,1.0,-0.28378378378378377,5.0,5.200000000000003,-3.6000000000000085,0.07640000000000002,-0.3999999999999986,-4.600000000000001,0.029399999999999926,3.400000000000002,5.0,-0.01759999999999995,-3.4000000000000004,-4.0,-7.399999999999999,2.8000000000000007,-2.200000000000001,-2.0,-0.3999999999999986,0.1999999999999993,13.400000000000006,-10.0,11.2606797314306
1,1.0,-0.1156756756756756,5.0,6.800000000000004,6.6000000000000085,0.03880000000000006,4.199999999999999,8.799999999999997,0.019000000000000017,-2.599999999999998,-2.799999999999997,-0.014800000000000035,0.5999999999999996,-7.399999999999999,-6.799999999999997,8.600000000000001,4.3999999999999995,0.6000000000000001,1.1999999999999993,-0.7999999999999972,15.200000000000003,6.4,7.949257125841058
1,-1.0,0.05693693693693691,-5.0,-2.0,-0.7999999999999972,-0.01980000000000004,3.0,9.400000000000002,-0.011399999999999966,3.1999999999999993,4.600000000000001,-0.006199999999999983,1.4000000000000004,3.200000000000003,4.600000000000001,-4.800000000000001,-3.200000000000001,0.0,-3.8000000000000007,-2.1999999999999993,2.200000000000003,0.1999999999999993,6.759802920263539
0,0.0,-0.21621621621621623,0.0,-4.200000000000003,-1.8000000000000114,-0.03820000000000001,-1.4000000000000004,-0.20000000000000284,-0.03260000000000002,1.3999999999999986,-0.6000000000000014,0.06620000000000004,-5.0,-5.399999999999999,-10.399999999999999,-1.1999999999999993,2.5999999999999996,-2.0,3.4000000000000004,2.1999999999999993,-8.400000000000006,-27.4,-14.66449986249863
1,2.0,0.41891891891891897,0.0,-2.0,-10.0,0.036800000000000055,-4.0,-8.2,-0.01200000000000001,14.2,18.800000000000004,0.0037999999999999146,1.0,3.1999999999999993,4.200000000000003,-1.6000000000000014,1.0,2.3999999999999995,-1.799999999999999,-5.400000000000002,6.200000000000003,20.0,11.00632516959304
1,1.0,0.07189189189189188,-10.0,-4.799999999999997,-8.200000000000003,-0.00880000000000003,5.0,11.399999999999999,0.03360000000000002,-11.400000000000002,-15.2,0.009199999999999986,-1.5999999999999996,-3.799999999999997,-5.399999999999999,-4.400000000000002,1.3999999999999995,-1.0,5.600000000000001,2.0,-16.0,-12.799999999999999,-7.285126275778794
1,0.0,-0.0318918918918919,5.0,3.3999999999999986,10.0,-0.011400000000000021,0.3999999999999986,4.799999999999997,-0.04020000000000007,2.0,3.599999999999998,-0.05720000000000003,5.199999999999999,4.599999999999998,9.799999999999997,4.199999999999999,0.0,3.8,-0.5999999999999996,-2.1999999999999993,9.199999999999989,3.3999999999999995,3.317511836905666
1,0.0,0.026666666666666616,0.0,-3.200000000000003,-6.6000000000000085,0.0038000000000000256,-3.5999999999999996,-9.199999999999996,-0.006800000000000084,3.3999999999999986,7.0,-0.06380000000000008,-0.1999999999999993,-1.0,-1.2000000000000028,-4.799999999999997,2.5999999999999996,3.0000000000000004,2.200000000000001,-2.400000000000002,-6.6000000000000085,3.5999999999999996,-5.224674371277615
1,-1.0,0.15243243243243243,10.0,-1.8000000000000043,1.5999999999999943,-0.02739999999999998,-0.20000000000000107,1.0,-0.004599999999999993,3.1999999999999993,1.0,0.14140000000000008,2.0,2.3999999999999986,4.399999999999999,-5.199999999999999,-1.4000000000000004,-0.39999999999999947,1.4000000000000004,0.6000000000000014,-0.5999999999999943,1.3999999999999995,-1.4575256528189158
0,0.0,0.020000000000000018,5.0,4.600000000000001,0.7999999999999972,0.051600000000000035,1.4000000000000004,-3.200000000000003,0.07239999999999991,-3.6000000000000014,-7.800000000000001,0.10040000000000004,-3.8000000000000007,-2.799999999999997,-6.600000000000001,1.0,2.4000000000000004,0.0,-6.4,-1.6000000000000014,7.0,0.40000000000000036,13.11233600697446
0,0.0,-0.28,0.0,-1.2000000000000028,-1.2000000000000028,-0.00940000000000013,-5.600000000000001,-12.399999999999999,-0.027000000000000024,-0.6000000000000014,-1.1999999999999993,-0.0026000000000000467,-5.199999999999999,-10.000000000000004,-15.199999999999996,1.6000000000000014,6.199999999999999,0.0,0.5999999999999996,9.400000000000002,-8.599999999999994,-20.200000000000003,-12.401183213355168
1,1.0,-0.03297297297297308,0.0,-7.199999999999996,-12.599999999999994,-0.01139999999999991,-5.0,-9.799999999999997,-0.03380000000000005,10.600000000000001,8.399999999999999,0.17380000000000007,-5.4,-2.599999999999998,-8.0,-3.6000000000000014,-3.999999999999999,-3.6,4.600000000000001,1.7999999999999972,-8.799999999999997,-24.799999999999997,-8.964878896538806
0,-1.0,0.16,0.0,-3.0,5.799999999999997,-0.06499999999999989,-1.9999999999999982,5.0,-0.0988,6.999999999999998,10.0,-0.037599999999999856,3.200000000000001,5.9999999999999964,9.200000000000003,-7.600000000000001,0.7999999999999998,2.6,1.3999999999999986,0.40000000000000213,-1.0,-8.399999999999999,-10.355716845494186
0,0.0,-0.31999999999999995,0.0,-1.1999999999999957,-1.8000000000000114,-0.004599999999999993,-2.4000000000000004,-2.799999999999997,-0.04039999999999999,-5.599999999999998,-6.399999999999999,0.010000000000000231,-2.5999999999999996,-4.199999999999999,-6.800000000000004,-2.6000000000000014,2.8000000000000007,-3.2,1.8000000000000007,2.0,-10.399999999999991,-14.4,-9.541914221239793
0,1.0,-0.28,5.0,-7.600000000000001,-10.600000000000009,-0.024999999999999967,0.40000000000000036,2.0,-0.01479999999999998,1.0,1.6000000000000014,-0.006000000000000005,-3.4000000000000004,-8.8,-12.200000000000003,-4.800000000000001,2.0,-3.2,6.600000000000001,5.199999999999999,-13.800000000000011,-27.4,-13.790929337209747
0,1.0,-0.2982456140350877,0.0,-3.200000000000003,2.8000000000000114,-0.049400000000000055,0.0,7.0,-0.06940000000000002,2.6000000000000014,3.599999999999998,-0.02419999999999989,-3.000000000000001,-0.8000000000000007,-3.799999999999997,0.5999999999999979,3.5999999999999996,1.0,3.6000000000000014,2.200000000000003,-3.799999999999997,-19.400000000000002,-15.033998968912115
0,-2.0,0.31000000000000005,0.0,6.599999999999994,4.400000000000006,0.049799999999999955,0.7999999999999989,0.0,0.016800000000000037,-0.8000000000000007,2.1999999999999993,-0.131,-1.8000000000000007,1.8000000000000007,0.0,10.399999999999999,6.3999999999999995,2.5999999999999996,-0.5999999999999996,3.1999999999999993,13.200000000000003,23.2,5.0446891583648465
0,-1.0,-0.03245614035087718,-5.0,-5.200000000000003,-10.400000000000006,-0.0023999999999999577,-6.200000000000001,-12.0,-0.03520000000000001,10.0,10.2,0.06359999999999999,-3.0,-1.1999999999999993,-4.199999999999996,-6.200000000000003,-2.5999999999999996,-2.6,5.399999999999999,2.400000000000002,-6.599999999999994,-20.799999999999997,-8.098158535025547
0,0.0,-0.14035087719298245,0.0,4.399999999999999,6.799999999999997,0.014400000000000024,0.7999999999999989,8.0,-0.048400000000000054,2.3999999999999986,1.7999999999999972,0.0354000000000001,-0.3999999999999986,-2.1999999999999957,-2.6000000000000014,5.800000000000001,2.3999999999999995,0.5999999999999996,-1.0,-0.1999999999999993,12.0,-9.6,3.9128759122163927
1,0.0,0.21333333333333326,5.0,6.0,6.400000000000006,0.0348,-3.8000000000000007,-9.600000000000001,-0.010000000000000009,5.799999999999999,7.199999999999999,0.011599999999999944,5.0,5.800000000000001,10.799999999999997,5.399999999999999,-1.8000000000000007,3.5999999999999996,-5.800000000000001,-5.600000000000001,14.0,27.0,15.8755293075548
0,-1.0,-0.3552631578947368,0.0,-2.0,1.2000000000000028,-0.030000000000000027,-6.800000000000001,-10.799999999999997,-0.06820000000000004,-0.8000000000000007,2.0,-0.1402000000000001,1.1999999999999993,-5.799999999999997,-4.600000000000001,-3.6000000000000014,4.4,2.2,3.0,-1.4000000000000021,-11.599999999999994,-26.6,-15.388413448486176
1,-2.0,0.17754613807245379,0.0,-0.3999999999999986,-7.200000000000003,0.03480000000000011,4.0,6.800000000000001,0.04180000000000006,8.000000000000002,9.2,0.050999999999999934,2.1999999999999993,7.600000000000001,9.799999999999997,-1.8000000000000007,1.4000000000000004,1.2000000000000002,9.0,1.3999999999999986,11.200000000000003,36.0,6.857076150054951
1,0.0,-0.026315789473684292,0.0,-5.0,-8.200000000000003,-0.008199999999999985,0.0,0.3999999999999986,-0.011199999999999988,1.8000000000000007,0.1999999999999993,0.0786,-1.5999999999999996,2.599999999999998,1.0,-3.0,-4.6,-2.2,0.20000000000000107,-1.6000000000000014,-8.200000000000003,0.0,-1.2859844332096486
1,1.0,0.13157894736842102,5.0,-1.7999999999999972,5.400000000000006,-0.05519999999999997,3.200000000000001,10.600000000000001,-0.018600000000000005,-4.0,-5.600000000000001,0.016799999999999926,1.7999999999999998,0.3999999999999986,2.1999999999999957,-2.6000000000000014,-1.0,-0.40000000000000036,-0.8000000000000007,2.3999999999999986,-4.400000000000006,-2.200000000000001,-4.573788259058716
0,1.0,-0.25,0.0,-4.600000000000001,-11.199999999999989,0.01539999999999997,-1.0,-7.600000000000001,0.04479999999999995,0.40000000000000213,-0.8000000000000007,0.06059999999999999,-4.6,-8.799999999999997,-13.399999999999999,-9.799999999999997,2.200000000000001,1.0,-0.5999999999999996,2.0,-9.800000000000011,-9.6,-0.5300960209512198
0,-1.0,-0.14473684210526322,5.0,-3.6000000000000014,-2.6000000000000085,-0.025399999999999978,2.1999999999999993,3.200000000000003,0.030399999999999983,-3.0,-2.0,-0.041999999999999815,1.4000000000000004,1.0,2.3999999999999986,0.6000000000000014,2.6000000000000005,0.0,6.799999999999999,0.0,-8.0,-5.3999999999999995,-10.147220077638906
1,-1.0,0.11035087719298253,5.0,6.0,-6.400000000000006,0.1068,1.1999999999999993,-3.799999999999997,0.08679999999999993,2.1999999999999993,2.599999999999998,0.018399999999999972,-1.3999999999999986,-2.0,-3.3999999999999986,7.0,1.1999999999999993,-0.20000000000000018,4.0,2.799999999999997,15.399999999999991,6.6000000000000005,14.703463453330585
1,1.0,-0.05263157894736836,-5.0,7.799999999999997,1.5999999999999943,0.0746,4.600000000000001,2.799999999999997,0.08499999999999996,1.5999999999999996,1.1999999999999993,0.013799999999999923,-1.0,-3.1999999999999957,-4.199999999999996,4.199999999999999,-0.8000000000000007,-2.4000000000000004,-3.0,0.3999999999999986,21.799999999999997,0.20000000000000018,20.21701899401323
0,0.0,-0.2763157894736842,0.0,-2.3999999999999986,1.5999999999999943,-0.032200000000000006,0.8000000000000007,7.599999999999994,-0.048199999999999965,-5.599999999999998,-7.399999999999999,0.020200000000000107,0.7999999999999989,-6.400000000000002,-5.600000000000001,-2.0,4.4,-1.4000000000000004,6.199999999999999,2.8000000000000007,-9.600000000000009,-19.8,-13.82534491619461
0,1.0,-0.33458646616541354,-5.0,-7.399999999999999,-10.0,-0.032399999999999984,-5.0,-6.600000000000001,-0.07639999999999991,1.6000000000000014,1.3999999999999986,0.008800000000000141,-4.199999999999999,-6.399999999999999,-10.600000000000001,-5.800000000000001,2.0,-0.7999999999999998,3.8000000000000007,5.800000000000001,-18.200000000000003,-22.4,-16.073470862839073
1,1.0,-0.06493506493506496,0.0,0.3999999999999986,0.3999999999999915,0.002599999999999991,1.5999999999999996,3.8000000000000007,0.009000000000000008,-1.6000000000000014,-4.399999999999999,0.05499999999999983,1.799999999999999,-1.0,0.8000000000000043,1.0,-1.0,-3.8000000000000003,0.20000000000000107,1.1999999999999993,0.8000000000000114,3.200000000000001,3.9386850563073352
0,0.0,-0.22368421052631582,0.0,-5.199999999999996,-2.799999999999997,-0.04259999999999986,3.1999999999999993,10.600000000000001,-0.01759999999999995,1.799999999999999,-1.8000000000000007,0.16999999999999993,-3.000000000000001,-5.199999999999999,-8.200000000000003,-6.600000000000001,-1.4000000000000004,-0.9999999999999996,2.6000000000000014,0.0,-5.3999999999999915,-18.4,-6.848147524499765
0,1.0,-0.21052631578947367,5.0,3.6000000000000014,8.599999999999994,-0.0042000000000000925,0.0,-1.0,-0.0023999999999999577,-6.400000000000002,-3.0000000000000036,-0.13380000000000014,0.8000000000000007,2.0,2.8000000000000043,1.8000000000000007,2.799999999999999,1.4,-4.200000000000001,-2.0,0.7999999999999972,3.5999999999999996,-3.1124331652276425
1,0.0,0.3456937799043063,5.0,-2.6000000000000014,-2.0,-0.015199999999999991,3.8000000000000007,6.400000000000002,0.030200000000000005,4.0,0.3999999999999986,0.1602,4.799999999999999,3.3999999999999986,8.200000000000003,-1.5999999999999979,-1.5999999999999996,2.4000000000000004,-1.0,-5.600000000000001,2.6000000000000085,27.799999999999997,11.644120757058914
1,-1.0,0.29562542720437457,0.0,-9.0,-2.3999999999999915,-0.08479999999999999,-2.1999999999999993,6.0,-0.1074,4.199999999999999,5.199999999999999,-0.0044000000000000705,6.800000000000001,-0.7999999999999972,6.0,-13.200000000000003,-2.0,-1.2000000000000002,-1.5999999999999996,-2.0,-15.999999999999986,2.5999999999999996,-5.86219670799656
1,0.0,0.2547846889952153,0.0,-2.799999999999997,-9.399999999999991,0.01800000000000007,-0.7999999999999989,-9.399999999999999,0.06660000000000005,-6.800000000000001,-10.799999999999997,0.0795999999999999,2.0,-8.600000000000001,-6.599999999999994,0.5999999999999979,1.0,-2.6,-2.0,0.6000000000000014,-13.200000000000003,10.0,7.016430670970408
1,0.0,0.2957963089542036,0.0,-2.0,-1.2000000000000028,-0.0119999999999999,4.399999999999999,8.799999999999997,0.04019999999999996,6.600000000000001,8.2,-0.011400000000000077,3.000000000000001,1.5999999999999979,4.600000000000001,1.3999999999999986,-1.3999999999999995,1.0,-2.5999999999999996,-5.400000000000002,7.0,5.8,10.492732436635151
0,-1.0,-0.1688311688311689,-5.0,4.399999999999999,7.800000000000011,-0.0036000000000000476,2.3999999999999986,7.399999999999999,-0.04120000000000007,1.6000000000000014,-0.3999999999999986,0.09499999999999997,-1.0,0.3999999999999986,-0.6000000000000014,-2.1999999999999993,-2.1999999999999993,-0.20000000000000018,-7.399999999999999,-1.1999999999999993,12.800000000000011,-1.4000000000000004,10.339532725434083
1,1.0,-0.1298701298701299,0.0,-1.6000000000000014,-1.2000000000000028,-0.010800000000000032,3.0,0.7999999999999972,0.06419999999999992,5.0,4.800000000000001,0.059599999999999875,-1.799999999999999,-0.7999999999999972,-2.6000000000000014,0.0,-3.0,-1.5999999999999996,-1.8000000000000007,5.799999999999999,4.799999999999997,-10.8,3.477567593144542
1,0.0,0.11688311688311692,0.0,-2.0,-0.6000000000000085,-0.02200000000000002,5.800000000000001,10.799999999999997,0.04199999999999998,-4.199999999999999,-6.800000000000001,0.03160000000000007,-0.7999999999999989,6.200000000000003,5.399999999999999,-7.9999999999999964,-7.2,0.20000000000000018,-2.0,-4.0,-2.4000000000000057,-3.1999999999999993,3.5450189026891366
1,1.0,0.38961038961038963,0.0,-5.200000000000003,-4.599999999999994,-0.03260000000000007,-3.8000000000000007,-2.6000000000000014,-0.0796,9.0,11.2,-0.0008000000000000229,1.8000000000000007,0.0,1.8000000000000043,-6.400000000000002,-0.20000000000000018,-1.0,-2.1999999999999993,-1.8000000000000007,-5.200000000000003,-0.19999999999999996,-0.9188988962495159
0,-1.0,-0.23726273726273722,0.0,1.5999999999999943,4.6000000000000085,-0.012200000000000044,0.1999999999999993,1.4000000000000021,-0.0021999999999999797,-2.1999999999999993,-3.3999999999999986,0.021200000000000108,3.4000000000000004,-1.0,2.3999999999999986,4.199999999999999,-2.8000000000000007,-3.2,1.4000000000000004,3.6000000000000014,1.2000000000000028,-6.0,-0.3287986848970945
0,0.0,0.058941058941058944,5.0,-1.6000000000000014,4.200000000000003,-0.03820000000000007,-4.000000000000002,-7.799999999999997,-0.02100000000000002,-3.6000000000000014,-1.1999999999999993,-0.1439999999999999,-2.8000000000000007,0.6000000000000014,-2.1999999999999957,-0.40000000000000213,3.0,3.4,2.4000000000000004,1.1999999999999993,-10.799999999999997,-12.0,-19.79262748867194
1,-1.0,-0.33766233766233766,0.0,-3.6000000000000014,11.599999999999994,-0.10600000000000004,0.5999999999999996,6.600000000000001,-0.057599999999999985,-1.5999999999999979,-0.8000000000000043,-0.042200000000000015,3.5999999999999996,-1.0,2.6000000000000014,-0.8000000000000007,-1.1999999999999993,-1.7999999999999998,-2.200000000000001,3.8000000000000007,-8.200000000000003,-15.8,-13.727951496197619
0,1.0,-0.15584415584415584,0.0,-5.799999999999997,-7.799999999999997,-0.022000000000000075,-2.0,1.1999999999999957,-0.06580000000000003,0.40000000000000213,0.1999999999999993,0.016800000000000037,-5.199999999999999,-0.8000000000000043,-6.0,-4.400000000000002,0.6000000000000005,-2.8,5.800000000000001,4.199999999999999,-13.199999999999989,-27.0,-17.364905385541846
1,1.0,0.012987012987012991,0.0,-7.0,-12.600000000000009,-0.011600000000000055,-1.0,-0.5999999999999943,-0.003400000000000014,1.4000000000000004,2.8000000000000007,-0.05479999999999996,-1.1999999999999993,-2.200000000000003,-3.4000000000000057,-2.8000000000000007,3.2,0.3999999999999999,4.999999999999998,1.4000000000000021,-13.600000000000009,5.799999999999999,-7.516364243278332
1,1.0,0.522977022977023,5.0,-2.3999999999999986,-5.400000000000006,0.00039999999999995595,2.8000000000000007,7.400000000000002,0.0008000000000000229,8.000000000000002,7.0,0.10539999999999994,-2.0,3.9999999999999964,2.0,-6.800000000000001,1.200000000000001,0.7999999999999998,-0.8000000000000007,-0.6000000000000014,6.0,30.599999999999998,7.097523157031588
0,-1.0,-0.16883116883116878,0.0,-3.200000000000003,-6.0,-0.0011999999999999789,-3.799999999999999,-6.399999999999999,-0.04219999999999996,3.599999999999998,5.199999999999999,0.0361999999999999,-4.199999999999999,3.599999999999998,-0.6000000000000014,-3.0,-2.2,0.7999999999999998,4.599999999999998,-1.3999999999999986,-6.6000000000000085,-23.6,-12.056806673455824
0,0.0,-0.21195471195471188,0.0,2.0,7.0,-0.016000000000000014,-0.8000000000000007,-2.599999999999998,-0.013200000000000045,-8.600000000000001,-7.199999999999999,-0.09960000000000013,3.5999999999999996,-3.0,0.6000000000000014,-3.0,1.6000000000000005,4.4,-5.799999999999999,-3.3999999999999986,-5.400000000000006,-3.9999999999999982,-0.37425177683027755
1,0.0,0.06493506493506496,0.0,-1.0,-1.2000000000000028,-0.006200000000000039,5.799999999999999,9.600000000000001,0.052200000000000024,-5.600000000000001,-7.0,-0.0028000000000000247,-0.20000000000000107,6.399999999999999,6.200000000000003,-1.5999999999999979,-2.4000000000000004,0.3999999999999999,1.0,-2.8000000000000007,-1.7999999999999972,3.5999999999999996,1.1679419399406896
0,0.0,-0.06410256410256421,0.0,2.0,4.599999999999994,-0.0023999999999999577,3.3999999999999986,5.600000000000001,0.033400000000000096,1.5999999999999979,3.599999999999998,-0.06080000000000019,-2.8000000000000007,3.400000000000002,0.6000000000000014,3.0,2.000000000000001,2.3999999999999995,-2.0,-0.1999999999999993,9.0,12.799999999999999,0.8477569018016737
0,0.0,-0.30769230769230765,0.0,-5.600000000000001,-2.5999999999999943,-0.04619999999999991,-0.5999999999999996,-0.6000000000000014,-0.0018000000000000238,0.0,-0.1999999999999993,0.01319999999999999,0.40000000000000036,-11.599999999999998,-11.199999999999996,-5.599999999999998,2.5999999999999996,-0.19999999999999973,4.800000000000001,4.600000000000001,-11.799999999999997,-23.200000000000003,-12.734997243641857
1,-1.0,-0.1923076923076923,-5.0,-4.799999999999997,0.20000000000000284,-0.06240000000000001,-2.8000000000000007,3.0,-0.126,8.0,8.199999999999996,0.0673999999999999,-1.5999999999999996,0.3999999999999986,-1.2000000000000028,-3.6000000000000014,-1.8000000000000007,-3.9999999999999996,3.599999999999998,2.599999999999998,-4.400000000000006,-23.8,-13.599060311278109
1,-2.0,0.1282051282051283,5.0,6.200000000000003,6.800000000000011,0.03359999999999996,3.599999999999998,1.6000000000000014,0.08119999999999994,0.1999999999999993,-1.6000000000000014,0.05399999999999994,-5.200000000000001,2.8000000000000043,-2.3999999999999986,9.2,-2.999999999999999,-4.0,-7.400000000000002,1.5999999999999979,16.200000000000017,-6.0,10.897285759622875
1,0.0,0.20512820512820507,5.0,3.8000000000000043,5.800000000000011,0.013799999999999923,1.5999999999999996,6.0,-0.00880000000000003,0.20000000000000284,0.8000000000000007,-0.026799999999999935,3.0,3.3999999999999986,6.399999999999999,6.600000000000001,1.3999999999999995,-1.2000000000000002,0.8000000000000007,-3.0,9.400000000000006,14.6,5.09089565146617
0,0.0,-0.15384615384615374,-5.0,-4.199999999999996,-9.799999999999997,0.012199999999999989,-6.200000000000001,-11.399999999999999,-0.05340000000000006,3.8000000000000007,6.0,-0.023399999999999976,-2.4000000000000004,-0.6000000000000014,-3.0,-2.0,-1.7999999999999998,-0.39999999999999947,0.5999999999999996,-2.599999999999998,-10.799999999999983,-22.0,-5.562201243899992
1,0.0,0.195715676728335,0.0,-2.0,-2.3999999999999915,-0.009200000000000041,4.0,8.600000000000001,0.030399999999999983,0.6000000000000014,-1.3999999999999986,0.09360000000000002,-5.6,1.3999999999999986,-4.200000000000003,4.600000000000001,0.1999999999999993,-1.0,-3.0,-0.20000000000000284,0.5999999999999943,0.8000000000000007,0.943400101070921
1,0.0,-0.15384615384615383,0.0,-3.200000000000003,-0.5999999999999943,-0.03660000000000008,-6.600000000000001,-6.799999999999997,-0.10440000000000005,2.6000000000000014,2.1999999999999993,0.02059999999999995,-1.5999999999999996,-4.0,-5.600000000000001,-1.0,2.000000000000001,0.7999999999999998,-2.400000000000002,0.6000000000000014,-10.400000000000006,-9.4,-9.683627040893754
1,0.0,0.13518338201882507,0.0,2.799999999999997,-2.0,0.041600000000000026,-2.1999999999999993,-9.0,0.029199999999999948,0.0,2.8000000000000007,-0.10720000000000018,-2.200000000000001,2.6000000000000014,0.3999999999999986,-0.5999999999999979,0.39999999999999947,1.4,-1.0,-2.1999999999999993,3.4000000000000057,-0.3999999999999986,3.214918680713339
0,0.0,-0.07692307692307687,0.0,0.3999999999999986,7.799999999999997,-0.04179999999999995,-0.40000000000000036,6.600000000000001,-0.07300000000000001,-4.000000000000002,-2.400000000000002,-0.14340000000000008,2.8000000000000007,-3.3999999999999986,-0.6000000000000014,-4.400000000000002,2.000000000000001,-0.7999999999999998,4.200000000000001,5.199999999999999,-3.6000000000000085,-10.6,-13.0904720031766
1,0.0,0.19230769230769224,0.0,4.399999999999999,-3.0,0.06840000000000007,1.799999999999999,-0.20000000000000284,0.04780000000000001,-5.0,-8.400000000000002,0.06099999999999994,-0.6000000000000014,-5.199999999999999,-5.799999999999997,0.1999999999999993,1.4000000000000004,-0.20000000000000018,0.20000000000000107,-2.0,5.6000000000000085,13.4,11.55821997214035
0,0.0,-0.358974358974359,0.0,7.600000000000001,1.7999999999999972,0.07200000000000001,4.399999999999999,1.2000000000000028,0.09219999999999995,-3.799999999999999,-7.200000000000001,0.09079999999999999,-1.0,2.0,1.0,11.600000000000001,-1.0,-2.0,-0.40000000000000036,-0.6000000000000014,15.799999999999997,5.6,15.622221075116883
1,-1.0,0.02564102564102566,0.0,-0.7999999999999972,-8.600000000000009,0.038199999999999956,-6.199999999999999,-16.799999999999997,0.01200000000000001,-1.5999999999999979,0.40000000000000213,-0.05060000000000009,-2.0,-5.400000000000002,-7.399999999999999,4.399999999999999,6.199999999999999,-1.2000000000000002,2.4000000000000004,2.400000000000002,-9.399999999999991,16.2,-4.374290374351901
0,0.0,-0.15384615384615385,0.0,2.0,3.4000000000000057,0.005799999999999972,-0.5999999999999996,-5.600000000000001,0.022199999999999998,-3.1999999999999993,-6.400000000000002,0.07640000000000002,-1.0,-4.399999999999999,-5.400000000000006,-0.6000000000000014,1.5999999999999996,-2.2,-4.0,1.3999999999999986,0.20000000000000284,-2.6000000000000014,2.5688892240959547
1,0.0,0.05063291139240511,0.0,-5.200000000000003,-8.0,-0.01820000000000005,-1.3999999999999986,-2.0,-0.026799999999999935,7.600000000000001,7.0,0.10619999999999996,-2.8000000000000007,1.1999999999999993,-1.5999999999999943,-7.600000000000001,-0.6000000000000005,2.9999999999999996,0.40000000000000036,1.0,-4.200000000000003,10.2,-2.2861193671394346
1,0.0,0.25316455696202533,0.0,6.200000000000003,6.0,0.038399999999999934,-2.5999999999999996,-5.0,-0.0022000000000000353,-1.1999999999999993,-2.400000000000002,0.011800000000000144,-1.5999999999999996,5.399999999999999,3.8000000000000043,7.399999999999999,-1.3999999999999995,-2.0,-5.0,-1.0,8.599999999999994,2.8000000000000007,6.519689169548414
1,1.0,-0.050632911392405,0.0,-2.6000000000000014,-6.0,0.0026000000000000467,-4.800000000000001,-9.8,-0.032999999999999974,14.4,17.8,0.023399999999999976,-0.20000000000000107,1.3999999999999986,1.2000000000000028,3.200000000000003,0.8000000000000007,-1.0,2.8000000000000007,2.3999999999999986,4.3999999999999915,-2.5999999999999996,-0.7133347457426282
1,0.0,0.22784810126582278,0.0,3.799999999999997,-3.1999999999999886,0.052000000000000046,3.200000000000001,4.200000000000003,0.0504,-7.399999999999999,-8.599999999999998,-0.08340000000000003,-0.20000000000000107,-8.199999999999996,-8.400000000000006,2.599999999999998,-0.20000000000000107,0.6000000000000005,4.0,2.1999999999999993,3.3999999999999915,14.0,6.131851219992811
1,0.0,0.06329113924050633,0.0,0.6000000000000014,-3.5999999999999943,0.0255999999999999,-3.799999999999999,-2.1999999999999957,-0.08079999999999998,2.8000000000000007,4.600000000000001,-0.02100000000000002,-1.1999999999999993,1.0,-0.20000000000000284,0.1999999999999993,-1.8000000000000007,-1.3999999999999995,-1.0,-3.400000000000002,0.20000000000000284,-10.6,1.8330463051769925
1,1.0,0.3291139240506329,5.0,1.6000000000000014,0.0,0.023400000000000032,-5.800000000000001,-14.200000000000003,0.0045999999999999375,5.6,7.600000000000001,0.0024000000000000687,0.0,-2.799999999999997,-2.799999999999997,5.799999999999997,3.1999999999999993,1.0,-0.1999999999999993,2.6000000000000014,3.0,4.6,0.23371175764236796
1,0.0,0.3291139240506329,10.0,7.800000000000004,10.399999999999991,0.02920000000000006,0.1999999999999993,-0.3999999999999986,0.014999999999999958,2.8000000000000007,1.3999999999999986,0.08699999999999986,2.0,12.399999999999999,14.399999999999999,8.400000000000002,-0.1999999999999993,1.1999999999999997,-5.0,-2.6000000000000014,18.60000000000001,30.0,13.210346757482625
0,0.0,-0.2784810126582279,-5.0,-2.799999999999997,-1.7999999999999972,-0.015000000000000013,-4.4,-5.0,-0.06620000000000004,0.1999999999999993,1.0,-0.021599999999999953,-0.40000000000000036,-4.199999999999996,-4.600000000000001,-4.0,-0.6000000000000014,1.0,-0.1999999999999993,-1.6000000000000014,-9.799999999999997,-20.4,-8.246292680877943
0,0.0,0.025316455696202556,0.0,-7.399999999999999,-9.200000000000003,-0.033799999999999886,-3.8000000000000007,-4.600000000000001,-0.05259999999999998,3.799999999999999,4.0,0.02420000000000011,-1.4000000000000004,-5.600000000000001,-7.0,-10.200000000000003,1.8000000000000007,2.6,1.0,1.0,-14.799999999999997,-4.4,-8.76857358293374
0,0.0,-0.16455696202531647,0.0,2.0,0.7999999999999972,0.020399999999999974,-0.40000000000000036,-4.799999999999997,0.028600000000000014,-2.4000000000000004,-3.400000000000002,0.0132000000000001,-1.0,-2.799999999999997,-3.799999999999997,-1.2000000000000028,0.6000000000000014,-0.40000000000000036,-0.8000000000000007,-0.7999999999999972,1.2000000000000028,-8.200000000000001,1.8252290628961987
1,1.0,-0.03797468354430378,0.0,-4.200000000000003,-3.200000000000003,-0.02859999999999996,-2.5999999999999996,-3.0,-0.03159999999999996,2.6000000000000014,1.7999999999999972,0.03359999999999996,3.200000000000001,-3.3999999999999986,-0.20000000000000284,0.8000000000000007,1.2000000000000002,-0.5999999999999996,2.0,3.0,-8.400000000000006,-7.8,-4.560075679470415
1,-1.0,0.08860759493670889,0.0,2.3999999999999986,-1.3999999999999915,0.040200000000000014,3.8000000000000007,3.400000000000002,0.07919999999999999,-1.8000000000000007,-1.5999999999999979,-0.01660000000000006,1.0,-0.5999999999999979,0.3999999999999986,5.399999999999999,-0.20000000000000018,-0.20000000000000018,-0.40000000000000036,0.0,6.799999999999997,16.8,11.67994150147392
1,0.0,0.03797468354430378,0.0,-0.3999999999999986,-7.6000000000000085,0.037800000000000056,-5.800000000000001,-16.599999999999998,0.018799999999999983,0.1999999999999993,3.0,-0.08199999999999996,-0.1999999999999993,-4.600000000000001,-4.799999999999997,2.799999999999997,4.4,-0.6000000000000005,2.1999999999999993,4.0,-6.3999999999999915,12.0,-1.5795929419400068
0,0.0,-0.1645569620253165,0.0,-1.0,4.799999999999997,-0.03720000000000012,5.399999999999999,12.199999999999996,0.043399999999999994,-6.4,-11.2,0.09419999999999984,0.5999999999999996,-3.400000000000002,-2.799999999999997,1.4000000000000021,1.1999999999999993,-0.3999999999999999,-1.0,3.8000000000000007,-3.0,2.4000000000000004,-0.9428929666521952
1,-1.0,0.08749999999999991,0.0,2.1999999999999957,-5.599999999999994,0.05679999999999985,-2.200000000000001,-8.0,0.020000000000000018,-1.8000000000000007,0.3999999999999986,-0.07480000000000009,-2.0,2.3999999999999986,0.3999999999999986,8.399999999999999,1.200000000000001,-2.8,0.1999999999999993,-6.799999999999999,0.4000000000000057,-6.4,3.6177135613365863
0,1.0,-0.1875,0.0,0.0,8.200000000000003,-0.050399999999999945,6.200000000000001,19.400000000000002,-0.055800000000000016,-6.799999999999999,-9.799999999999997,0.06459999999999999,2.1999999999999993,1.7999999999999972,4.0,-4.800000000000001,-2.0,-2.5999999999999996,-3.3999999999999986,-1.1999999999999993,-0.5999999999999943,5.199999999999999,0.5986624094722401
1,2.0,-0.2,0.0,1.3999999999999986,2.1999999999999886,0.0031999999999999806,-2.799999999999999,-5.199999999999996,-0.03079999999999994,0.0,3.3999999999999986,-0.16160000000000008,3.0,2.3999999999999986,5.399999999999999,-3.6000000000000014,-0.6000000000000005,1.6,1.200000000000001,3.0,0.0,-1.2000000000000002,-2.3079697857449446
1,0.0,-0.012499999999999956,5.0,0.6000000000000014,2.4000000000000057,-0.006000000000000005,4.200000000000001,10.800000000000004,0.00820000000000004,-1.2000000000000028,-1.6000000000000014,-0.02640000000000009,3.0,2.400000000000002,5.399999999999999,1.8000000000000007,-0.3999999999999986,1.2000000000000002,2.799999999999999,1.5999999999999979,4.199999999999989,9.2,2.5110011506188243
0,-1.0,-0.16250000000000003,0.0,-0.3999999999999986,3.0,-0.02239999999999992,1.5999999999999996,8.400000000000002,-0.047799999999999954,-6.0,-8.0,0.0044000000000000705,0.6000000000000014,1.6000000000000014,2.200000000000003,-3.799999999999997,0.3999999999999986,-1.2000000000000002,0.6000000000000014,-1.1999999999999993,-5.200000000000003,-8.2,-4.805361478452397
1,-2.0,0.35000000000000003,0.0,4.599999999999994,0.0,0.055000000000000104,4.600000000000001,8.599999999999998,0.030200000000000005,-7.999999999999998,-10.2,0.0045999999999999375,2.6000000000000014,0.6000000000000014,3.1999999999999957,3.799999999999997,-3.0,-2.4,-2.8000000000000007,-4.799999999999999,5.799999999999997,20.4,17.653314880129855
1,0.0,-0.15000000000000002,5.0,0.20000000000000284,4.3999999999999915,-0.021199999999999997,-1.3999999999999986,0.5999999999999943,-0.033999999999999975,2.0,2.1999999999999993,0.017799999999999927,1.8000000000000007,-0.6000000000000014,1.1999999999999957,3.0,-2.4000000000000004,-0.7999999999999998,-2.6000000000000014,1.0,1.0,-15.2,-0.3208298558072329
0,-1.0,0.04999999999999993,0.0,3.6000000000000014,0.6000000000000085,0.036800000000000055,-1.0,-7.0,0.045999999999999985,2.799999999999999,3.0,0.02300000000000002,4.0,3.9999999999999964,8.0,4.199999999999999,-2.2,-1.4000000000000004,-2.5999999999999996,-1.1999999999999993,9.0,17.799999999999997,14.039076424136283
1,0.0,0.08750000000000002,0.0,-0.3999999999999986,-0.5999999999999943,-0.0021999999999999797,2.6000000000000014,9.600000000000001,-0.03620000000000001,-4.400000000000002,-8.2,0.0736,1.8000000000000007,0.40000000000000213,2.200000000000003,-1.4000000000000021,-0.40000000000000036,-0.40000000000000036,0.5999999999999996,-1.0,-2.5999999999999943,-1.4000000000000004,3.700159943638127
1,1.0,-0.04999999999999999,0.0,5.399999999999999,8.799999999999997,0.013199999999999934,-7.199999999999999,-13.800000000000004,-0.04999999999999999,-1.799999999999999,-2.1999999999999993,0.000200000000000089,2.4000000000000004,7.199999999999999,9.600000000000001,6.200000000000003,1.0,0.3999999999999999,1.0,-4.800000000000001,1.7999999999999972,-3.6000000000000014,-5.420311951914272
1,0.0,0.44999999999999996,5.0,5.799999999999997,-1.7999999999999972,0.06980000000000003,1.4000000000000004,1.0,0.033999999999999975,-5.800000000000001,-6.600000000000001,-0.02159999999999984,-0.5999999999999996,3.0,2.3999999999999986,7.399999999999999,-0.8000000000000007,-0.20000000000000018,3.0,0.1999999999999993,7.200000000000003,20.4,7.7924438681462505
0,0.0,-0.29999999999999993,0.0,-0.20000000000000284,1.7999999999999972,-0.010799999999999976,-3.0,-4.799999999999997,-0.03159999999999996,-0.8000000000000007,-0.40000000000000213,-0.0013999999999999568,1.799999999999999,-3.0,-1.2000000000000028,-5.600000000000001,4.8,0.20000000000000018,4.0,1.4000000000000021,-4.200000000000003,-10.799999999999999,-7.849866977676811
1,1.0,0.1375,0.0,3.6000000000000014,2.200000000000003,0.030999999999999972,7.0,9.399999999999999,0.0968,-5.800000000000001,-4.599999999999998,-0.11239999999999994,5.6,-1.1999999999999993,4.399999999999999,4.199999999999999,-2.1999999999999993,-1.2000000000000002,2.6000000000000014,1.3999999999999986,8.400000000000006,5.599999999999998,11.12644910934057
0,0.0,-0.3,0.0,2.200000000000003,3.8000000000000114,0.0043999999999999595,2.8000000000000007,6.399999999999999,0.009799999999999975,-2.599999999999998,-3.3999999999999986,-0.0021999999999999797,-1.4000000000000004,2.799999999999997,1.3999999999999986,10.8,0.0,-2.8000000000000003,0.1999999999999993,-1.8000000000000007,4.599999999999994,2.2,0.5257259155217326
1,0.0,-0.07499999999999996,0.0,1.0,5.800000000000011,-0.01959999999999995,1.799999999999999,0.6000000000000014,0.038199999999999956,-5.399999999999999,-7.599999999999998,0.0028000000000000247,0.8000000000000007,0.4000000000000057,1.2000000000000028,-0.20000000000000284,2.0,2.2,1.200000000000001,6.6,-1.6000000000000085,8.0,-4.855467376349907
1,0.0,-0.07407407407407407,0.0,0.7999999999999972,4.799999999999997,-0.012000000000000066,1.4000000000000004,-1.0,0.045999999999999985,3.8000000000000007,1.8000000000000007,0.09140000000000004,0.5999999999999996,-3.799999999999997,-3.1999999999999957,-2.599999999999998,-2.0,1.5999999999999996,-7.200000000000001,-2.0,6.799999999999997,-2.0,9.043556325136748
1,0.0,0.04938271604938277,0.0,1.2000000000000028,4.799999999999997,-0.013199999999999934,0.0,-2.200000000000003,0.01100000000000001,-2.0,-0.1999999999999993,-0.07199999999999984,0.0,2.3999999999999986,2.3999999999999986,-4.600000000000001,-0.7999999999999989,0.0,-0.8000000000000007,3.8000000000000007,0.4000000000000057,2.2,-4.33131368612635
0,0.0,-0.4938271604938272,0.0,-4.799999999999997,1.3999999999999915,-0.06440000000000001,1.799999999999999,9.799999999999997,-0.054800000000000015,-3.0,-4.800000000000001,0.026799999999999935,-2.6000000000000014,5.9999999999999964,3.3999999999999986,-2.400000000000002,-3.5999999999999996,-4.0,0.5999999999999996,-3.8000000000000007,-10.799999999999997,-17.6,-13.98257674287892
0,0.0,0.11111111111111105,-5.0,-2.799999999999997,-3.6000000000000085,-0.010599999999999832,-3.9999999999999982,-6.600000000000001,-0.033399999999999985,0.0,-0.3999999999999986,-0.00019999999999997797,-0.1999999999999993,-0.7999999999999972,-1.0,-2.3999999999999986,-0.5999999999999996,-0.40000000000000036,1.0,-0.1999999999999993,-9.599999999999994,0.5999999999999996,-6.219963740199546
1,0.0,0.23456790123456794,5.0,-2.200000000000003,1.0,-0.03019999999999995,5.0,10.199999999999996,0.029799999999999993,0.0,-2.1999999999999993,0.055600000000000094,-0.8000000000000007,-0.1999999999999993,-1.0,0.3999999999999986,1.1999999999999993,-0.20000000000000018,0.3999999999999986,-2.1999999999999993,0.6000000000000085,8.2,-0.8029031105579207
1,0.0,0.2716049382716049,0.0,0.0,-0.3999999999999915,0.009199999999999986,4.4,8.400000000000002,0.03979999999999995,-6.4,-7.599999999999998,-0.014600000000000057,0.0,-8.0,-8.0,0.0,0.0,0.40000000000000036,-0.5999999999999996,-0.20000000000000284,-2.0,2.6000000000000005,3.50173898751882
1,0.0,0.3209876543209877,0.0,7.0,-4.0,0.09800000000000003,-5.999999999999998,-19.799999999999997,0.02479999999999999,4.800000000000001,4.600000000000001,0.06000000000000005,2.4000000000000004,5.399999999999999,7.800000000000004,2.8000000000000007,-0.9999999999999991,2.5999999999999996,-0.1999999999999993,-2.8000000000000007,12.799999999999997,36.599999999999994,16.380037388938035
1,0.0,0.37037037037037035,0.0,-9.600000000000001,-22.599999999999994,0.017800000000000038,-1.5999999999999996,-7.600000000000001,0.04340000000000005,3.4000000000000004,5.199999999999999,-0.006199999999999983,-5.2,-3.599999999999998,-8.799999999999997,-3.599999999999998,-0.1999999999999993,-0.3999999999999999,0.8000000000000007,-1.4000000000000021,-17.39999999999999,2.8000000000000007,-1.2115927215645428
0,0.0,0.24691358024691357,0.0,11.399999999999999,8.400000000000006,0.08779999999999988,6.799999999999999,5.800000000000004,0.11599999999999999,-4.399999999999999,-6.0,0.04139999999999999,-1.5999999999999996,8.2,6.600000000000001,12.0,3.5999999999999996,-0.8000000000000007,-3.1999999999999993,-1.3999999999999986,25.19999999999999,31.799999999999997,20.651650681052203
1,0.0,-0.04938271604938271,0.0,-0.3999999999999986,-5.0,0.024799999999999933,1.5999999999999979,1.1999999999999957,0.02900000000000008,2.0,1.5999999999999979,0.024600000000000066,-3.0,-2.0,-5.0,6.199999999999999,-6.0,-1.3999999999999995,0.40000000000000036,-3.0,2.799999999999997,-19.0,3.5780881940343505
0,0.0,0.12345679012345678,0.0,2.1999999999999957,-8.0,0.07240000000000002,-5.6,-13.799999999999997,-0.014400000000000024,4.799999999999999,6.0,-0.02299999999999991,-2.4000000000000004,1.3999999999999986,-1.0,3.8000000000000007,1.5999999999999996,-1.1999999999999997,-0.5999999999999996,-0.6000000000000014,3.5999999999999943,10.2,8.219086019149586
1,0.0,0.12345679012345678,0.0,0.3999999999999986,-0.6000000000000085,0.005999999999999894,5.999999999999998,11.599999999999998,0.015200000000000047,-11.0,-16.4,0.07819999999999994,-0.5999999999999996,-0.7999999999999972,-1.3999999999999986,-3.599999999999998,-2.6000000000000005,-2.2,-2.200000000000001,-4.0,-4.200000000000003,2.0,6.901884662552391
1,0.0,0.4197530864197531,0.0,0.3999999999999986,-4.3999999999999915,0.02540000000000009,0.40000000000000036,0.6000000000000014,-0.0014000000000000123,4.199999999999999,4.199999999999999,0.05459999999999987,-2.200000000000001,5.600000000000001,3.3999999999999986,3.3999999999999986,-2.200000000000001,-0.20000000000000018,-3.799999999999999,-3.599999999999998,5.400000000000006,20.599999999999998,9.527707796572372
1,0.0,0.14814814814814814,0.0,-2.200000000000003,4.799999999999997,-0.05019999999999997,-10.000000000000002,-15.0,-0.13180000000000003,6.200000000000001,5.800000000000001,0.09499999999999997,2.799999999999999,6.200000000000003,9.0,-8.399999999999999,2.5999999999999996,0.0,-3.799999999999999,-1.4000000000000021,-8.199999999999989,1.4000000000000004,-8.976753335920804
1,0.0,0.308641975308642,0.0,4.600000000000001,0.7999999999999972,0.04799999999999993,-2.0,-10.0,0.05520000000000003,2.1999999999999993,5.600000000000001,-0.1060000000000001,4.6,1.3999999999999986,6.0,5.0,0.0,-1.4,0.20000000000000107,1.6000000000000014,9.399999999999991,21.799999999999997,10.178429852855572
